event_id,bus_id,pass_id,segment_id,timestamp_start,timestamp_peak,timestamp_end,latitude,longitude,event_type,severity,ground_truth,detection_probability
E_00001,BUS_001,PASS_01_001_01,SEG_024,2026-09-18T06:30:04,2026-09-18T06:30:04.500000,2026-09-18T06:30:05,9.94593597575402,76.27923114237602,SPEED_BREAKER,5,1,0.955
E_00002,BUS_001,PASS_01_001_01,SEG_028,2026-09-18T06:30:06.200000,2026-09-18T06:30:06.700000,2026-09-18T06:30:07.200000,9.94407258221162,76.27530988662099,SPEED_BREAKER,2,1,0.777
E_00003,BUS_001,PASS_01_001_01,SEG_029,2026-09-18T06:30:04.500000,2026-09-18T06:30:05,2026-09-18T06:30:05.500000,9.943406114891307,76.2742012698064,SPEED_BREAKER,3,1,0.845
E_00004,BUS_001,PASS_01_001_01,SEG_033,2026-09-18T06:30:05.200000,2026-09-18T06:30:05.700000,2026-09-18T06:30:06.200000,9.939984800610537,76.27091924344691,SPEED_BREAKER,1,1,0.68
E_00005,BUS_001,PASS_01_001_01,SEG_035,2026-09-18T06:30:03.300000,2026-09-18T06:30:03.800000,2026-09-18T06:30:04.300000,9.93845565028039,76.26956498689773,SPEED_BREAKER,2,1,0.791
E_00006,BUS_001,PASS_01_001_01,SEG_036,2026-09-18T06:30:03.600000,2026-09-18T06:30:04.100000,2026-09-18T06:30:04.600000,9.937456978335932,76.2686981872861,POTHOLE,2,1,0.795
E_00007,BUS_001,PASS_01_001_01,SEG_037,2026-09-18T06:30:04.300000,2026-09-18T06:30:04.800000,2026-09-18T06:30:05.300000,9.93671824685634,76.26799906825349,POTHOLE,1,1,0.722
E_00008,BUS_001,PASS_01_001_01,SEG_038,2026-09-18T06:30:03.900000,2026-09-18T06:30:04.400000,2026-09-18T06:30:04.900000,9.936195914777167,76.26714700868412,POTHOLE,3,1,0.858
E_00009,BUS_001,PASS_01_001_01,SEG_039,2026-09-18T06:30:05.400000,2026-09-18T06:30:05.900000,2026-09-18T06:30:06.400000,9.936014998755974,76.266067562475,POTHOLE,5,1,0.95
E_00010,BUS_001,PASS_01_001_01,SEG_042,2026-09-18T06:30:03.100000,2026-09-18T06:30:03.600000,2026-09-18T06:30:04.100000,9.93524276800269,76.26223934453377,POTHOLE,4,1,0.861
E_00011,BUS_001,PASS_01_001_01,SEG_043,2026-09-18T06:30:05.400000,2026-09-18T06:30:05.900000,2026-09-18T06:30:06.400000,9.934936001051229,76.26121446207627,POTHOLE,5,1,0.921
E_00012,BUS_001,PASS_01_001_01,SEG_046,2026-09-18T06:30:07.900000,2026-09-18T06:30:08.400000,2026-09-18T06:30:08.900000,9.934177187903053,76.2581405445541,POTHOLE,1,1,0.722
E_00013,BUS_001,PASS_01_001_01,SEG_048,2026-09-18T06:30:05.300000,2026-09-18T06:30:08,2026-09-18T06:30:10.700000,9.933722858524774,76.2559421539632,ROUGHNESS,3,1,0.797
E_00014,BUS_001,PASS_01_001_01,SEG_049,2026-09-18T06:30:04,2026-09-18T06:30:06.200000,2026-09-18T06:30:08.400000,9.9334836512745,76.25516179439867,ROUGHNESS,4,1,0.939
E_00015,BUS_001,PASS_01_001_01,SEG_050,2026-09-18T06:30:06.400000,2026-09-18T06:30:10.300000,2026-09-18T06:30:14.200000,9.932927016982239,76.25404282849878,ROUGHNESS,4,1,0.925
E_00016,BUS_001,PASS_01_001_01,SEG_051,2026-09-18T06:30:06.800000,2026-09-18T06:30:07.300000,2026-09-18T06:30:07.800000,9.932202607650247,76.25297843672665,POTHOLE,1,1,0.717
E_00017,BUS_001,PASS_01_001_01,SEG_053,2026-09-18T06:30:04.600000,2026-09-18T06:30:07.500000,2026-09-18T06:30:10.400000,9.931101925634538,76.25075959203572,ROUGHNESS,2,1,0.813
E_00018,BUS_001,PASS_01_001_01,SEG_054,2026-09-18T06:30:04.300000,2026-09-18T06:30:06.500000,2026-09-18T06:30:08.700000,9.930663390340602,76.24976328997312,ROUGHNESS,3,1,0.824
E_00019,BUS_001,PASS_01_001_01,SEG_057,2026-09-18T06:30:04.700000,2026-09-18T06:30:05.200000,2026-09-18T06:30:05.700000,9.929319798945167,76.2472765569334,POTHOLE,1,1,0.801
E_00020,BUS_001,PASS_01_001_01,SEG_058,2026-09-18T06:30:07.600000,2026-09-18T06:30:08.100000,2026-09-18T06:30:08.600000,9.92837635310479,76.24637632938979,POTHOLE,1,1,0.745
E_00021,BUS_001,PASS_01_001_01,SEG_059,2026-09-18T06:30:04.200000,2026-09-18T06:30:07.100000,2026-09-18T06:30:10,9.92753344358637,76.2454727147927,ROUGHNESS,2,1,0.824
E_00022,BUS_001,PASS_01_001_01,SEG_060,2026-09-18T06:30:09.900000,2026-09-18T06:30:10,2026-09-18T06:30:10.100000,9.926289325632165,76.2445855912468,POTHOLE,5,1,0.97
E_00023,BUS_001,PASS_01_001_01,SEG_060,2026-09-18T06:30:03.200000,2026-09-18T06:30:06.500000,2026-09-18T06:30:09.800000,9.926657760759587,76.24484496643204,ROUGHNESS,1,1,0.798
E_00024,BUS_001,PASS_01_001_01,SEG_061,2026-09-18T06:30:04,2026-09-18T06:30:04.500000,2026-09-18T06:30:05,9.92567679199312,76.2441106206937,POTHOLE,4,1,0.88
E_00025,BUS_001,PASS_01_001_01,SEG_062,2026-09-18T06:30:04.800000,2026-09-18T06:30:05.300000,2026-09-18T06:30:05.800000,9.92502983075364,76.24355919310302,POTHOLE,1,1,0.779
E_00026,BUS_001,PASS_01_001_01,SEG_063,2026-09-18T06:30:04.200000,2026-09-18T06:30:06.900000,2026-09-18T06:30:09.600000,9.924384318280508,76.24279101122295,ROUGHNESS,3,1,0.867
E_00027,BUS_001,PASS_01_001_01,SEG_067,2026-09-18T06:30:05.800000,2026-09-18T06:30:06.300000,2026-09-18T06:30:06.800000,9.921306862954056,76.24018449897443,POTHOLE,3,1,0.856
E_00028,BUS_001,PASS_01_001_01,SEG_068,2026-09-18T06:30:08.400000,2026-09-18T06:30:08.900000,2026-09-18T06:30:09.400000,9.919970634908248,76.23949084706571,POTHOLE,3,1,0.858
E_00029,BUS_001,PASS_01_001_01,SEG_070,2026-09-18T06:30:06.500000,2026-09-18T06:30:07,2026-09-18T06:30:07.500000,9.917452246269413,76.23847902634559,POTHOLE,1,1,0.769
E_00030,BUS_001,PASS_01_001_01,SEG_071,2026-09-18T06:30:10.200000,2026-09-18T06:30:11.600000,2026-09-18T06:30:13,9.916145900987948,76.23738024643757,BROKEN_PATCH,4,1,0.84
E_00031,BUS_001,PASS_01_001_01,SEG_074,2026-09-18T06:30:04.300000,2026-09-18T06:30:05.300000,2026-09-18T06:30:06.300000,9.913691022413044,76.23548869828396,BROKEN_PATCH,1,1,0.777
E_00032,BUS_001,PASS_01_001_01,SEG_076,2026-09-18T06:30:05,2026-09-18T06:30:05.800000,2026-09-18T06:30:06.600000,9.911108730878594,76.23533368208373,BROKEN_PATCH,2,1,0.787
E_00033,BUS_001,PASS_01_001_01,SEG_078,2026-09-18T06:30:04.300000,2026-09-18T06:30:05.200000,2026-09-18T06:30:06.100000,9.909519398739976,76.23570688644907,BROKEN_PATCH,4,1,0.922
E_00034,BUS_001,PASS_01_001_01,SEG_089,2026-09-18T06:30:06.400000,2026-09-18T06:30:07,2026-09-18T06:30:07.600000,9.897883547783158,76.23808942265256,SPEED_BREAKER,5,1,0.947
E_00035,BUS_001,PASS_01_001_01,SEG_093,2026-09-18T06:30:07.500000,2026-09-18T06:30:08.100000,2026-09-18T06:30:08.700000,9.892301108374644,76.23863516410081,SPEED_BREAKER,1,1,0.781
E_00036,BUS_001,PASS_01_001_01,SEG_094,2026-09-18T06:30:10.300000,2026-09-18T06:30:10.900000,2026-09-18T06:30:11.500000,9.890817508622767,76.2386187594739,SPEED_BREAKER,5,1,0.946
E_00037,BUS_001,PASS_01_001_01,SEG_095,2026-09-18T06:30:06.100000,2026-09-18T06:30:06.700000,2026-09-18T06:30:07.300000,9.889678833202776,76.23851481313925,SPEED_BREAKER,3,1,0.881
E_00038,BUS_001,PASS_01_001_01,SEG_100,2026-09-18T06:30:08.600000,2026-09-18T06:30:09.200000,2026-09-18T06:30:09.800000,9.88376656999865,76.23842592397892,SPEED_BREAKER,5,1,0.922
E_00039,BUS_001,PASS_01_001_01,SEG_101,2026-09-18T06:30:04.300000,2026-09-18T06:30:07.900000,2026-09-18T06:30:11.500000,9.882663597245477,76.23841974288891,ROUGHNESS,4,1,0.886
E_00040,BUS_001,PASS_01_001_01,SEG_104,2026-09-18T06:30:05.900000,2026-09-18T06:30:06.500000,2026-09-18T06:30:07.100000,9.879292315194016,76.23826067646613,SPEED_BREAKER,1,1,0.797
E_00041,BUS_001,PASS_01_001_01,SEG_105,2026-09-18T06:30:07.100000,2026-09-18T06:30:07.700000,2026-09-18T06:30:08.300000,9.878193010200858,76.2387360391885,SPEED_BREAKER,1,1,0.769
E_00042,BUS_001,PASS_01_001_01,SEG_106,2026-09-18T06:30:07,2026-09-18T06:30:10.900000,2026-09-18T06:30:14.800000,9.87654458950526,76.23923419922055,ROUGHNESS,3,1,0.939
E_00043,BUS_001,PASS_01_001_01,SEG_107,2026-09-18T06:30:06.300000,2026-09-18T06:30:06.500000,2026-09-18T06:30:06.600000,9.875608083692521,76.23948194874093,POTHOLE,5,1,0.954
E_00044,BUS_001,PASS_01_001_01,SEG_107,2026-09-18T06:30:06.700000,2026-09-18T06:30:10.600000,2026-09-18T06:30:14.500000,9.875318580187178,76.2397570521606,ROUGHNESS,3,1,0.825
E_00045,BUS_001,PASS_01_001_01,SEG_108,2026-09-18T06:30:04.600000,2026-09-18T06:30:05.100000,2026-09-18T06:30:05.600000,9.874473238677474,76.24004519562814,POTHOLE,1,1,0.771
E_00046,BUS_001,PASS_01_001_01,SEG_109,2026-09-18T06:30:04.900000,2026-09-18T06:30:08.800000,2026-09-18T06:30:12.700000,9.8733420841088,76.23991285698976,ROUGHNESS,3,1,0.818
E_00047,BUS_001,PASS_01_001_01,SEG_112,2026-09-18T06:30:06.100000,2026-09-18T06:30:06.600000,2026-09-18T06:30:07.100000,9.869842090729982,76.24068535814595,POTHOLE,4,1,0.845
E_00048,BUS_001,PASS_01_001_01,SEG_113,2026-09-18T06:30:09.700000,2026-09-18T06:30:10.200000,2026-09-18T06:30:10.700000,9.868918874442477,76.2401222335246,POTHOLE,5,1,0.966
E_00049,BUS_001,PASS_01_001_01,SEG_114,2026-09-18T06:30:02.600000,2026-09-18T06:30:05.500000,2026-09-18T06:30:08.400000,9.868086454453433,76.23959140073882,ROUGHNESS,3,1,0.837
E_00050,BUS_001,PASS_01_001_01,SEG_115,2026-09-18T06:30:06.400000,2026-09-18T06:30:10.300000,2026-09-18T06:30:14.200000,9.866857676674378,76.23893156246604,ROUGHNESS,5,1,0.957
E_00051,BUS_001,PASS_01_001_01,SEG_116,2026-09-18T06:30:07.200000,2026-09-18T06:30:07.700000,2026-09-18T06:30:08.200000,9.865725011761455,76.2380498508791,POTHOLE,2,1,0.84
E_00052,BUS_001,PASS_01_001_01,SEG_117,2026-09-18T06:30:06.700000,2026-09-18T06:30:07.200000,2026-09-18T06:30:07.700000,9.864698370512789,76.23722960303205,POTHOLE,1,1,0.738
E_00053,BUS_001,PASS_01_001_01,SEG_118,2026-09-18T06:30:05.800000,2026-09-18T06:30:06.300000,2026-09-18T06:30:06.800000,9.863766195124438,76.23645275389579,POTHOLE,4,1,0.893
E_00054,BUS_001,PASS_01_001_01,SEG_119,2026-09-18T06:30:06.300000,2026-09-18T06:30:06.800000,2026-09-18T06:30:07.300000,9.863168093314753,76.23606534603182,POTHOLE,3,1,0.866
E_00055,BUS_001,PASS_01_001_01,SEG_121,2026-09-18T06:30:06,2026-09-18T06:30:09.900000,2026-09-18T06:30:13.800000,9.86118888260721,76.23425711023917,ROUGHNESS,1,1,0.68
E_00056,BUS_001,PASS_01_001_01,SEG_122,2026-09-18T06:30:08,2026-09-18T06:30:08.500000,2026-09-18T06:30:09,9.86022318662931,76.23360995289663,POTHOLE,2,1,0.83
E_00057,BUS_001,PASS_01_001_01,SEG_123,2026-09-18T06:30:10.100000,2026-09-18T06:30:10.600000,2026-09-18T06:30:11.100000,9.859057330481619,76.23264256353976,POTHOLE,4,1,0.949
E_00058,BUS_001,PASS_01_001_01,SEG_128,2026-09-18T06:30:04.300000,2026-09-18T06:30:05.300000,2026-09-18T06:30:06.300000,9.855384113659703,76.22909439388273,BROKEN_PATCH,1,1,0.773
E_00059,BUS_001,PASS_01_001_01,SEG_133,2026-09-18T06:30:05,2026-09-18T06:30:05.900000,2026-09-18T06:30:06.800000,9.853067098439567,76.22424801602354,BROKEN_PATCH,3,1,0.898
E_00060,BUS_001,PASS_01_001_01,SEG_137,2026-09-18T06:30:09.700000,2026-09-18T06:30:11.100000,2026-09-18T06:30:12.500000,9.851590227387693,76.21992214361784,BROKEN_PATCH,4,1,0.852
E_00061,BUS_001,PASS_01_001_01,SEG_139,2026-09-18T06:30:06.300000,2026-09-18T06:30:07.200000,2026-09-18T06:30:08.100000,9.850856829865513,76.21802541435378,BROKEN_PATCH,3,1,0.791
E_00062,BUS_001,PASS_01_001_01,SEG_141,2026-09-18T06:30:05.500000,2026-09-18T06:30:06.500000,2026-09-18T06:30:07.500000,9.850341547503776,76.21611005909558,BROKEN_PATCH,1,1,0.707
E_00063,BUS_001,PASS_01_001_01,SEG_143,2026-09-18T06:30:05.400000,2026-09-18T06:30:06.200000,2026-09-18T06:30:07,9.849819570034501,76.21411944260421,BROKEN_PATCH,3,1,0.857
E_00064,BUS_001,PASS_01_001_01,SEG_144,2026-09-18T06:30:06.200000,2026-09-18T06:30:07,2026-09-18T06:30:07.800000,9.849773658468271,76.21328879649299,BROKEN_PATCH,3,1,0.871
E_00065,BUS_001,PASS_01_001_01,SEG_146,2026-09-18T06:30:09.100000,2026-09-18T06:30:09.700000,2026-09-18T06:30:10.300000,9.849743369510225,76.2106125546695,SPEED_BREAKER,1,1,0.752
E_00066,BUS_001,PASS_01_001_01,SEG_147,2026-09-18T06:30:09.700000,2026-09-18T06:30:10.200000,2026-09-18T06:30:10.700000,9.849636347421797,76.2091862040345,SPEED_BREAKER,4,1,0.877
E_00067,BUS_001,PASS_01_001_01,SEG_148,2026-09-18T06:30:06.400000,2026-09-18T06:30:06.900000,2026-09-18T06:30:07.400000,9.849501832843123,76.20811193262922,SPEED_BREAKER,3,1,0.889
E_00068,BUS_001,PASS_01_001_01,SEG_149,2026-09-18T06:30:08.400000,2026-09-18T06:30:08.900000,2026-09-18T06:30:09.400000,9.849888119481466,76.20718919464574,SPEED_BREAKER,5,1,0.955
E_00069,BUS_001,PASS_01_001_01,SEG_152,2026-09-18T06:30:04.400000,2026-09-18T06:30:04.900000,2026-09-18T06:30:05.400000,9.852257397480022,76.20482907340919,SPEED_BREAKER,3,1,0.844
E_00070,BUS_001,PASS_01_001_01,SEG_154,2026-09-18T06:30:06.200000,2026-09-18T06:30:06.700000,2026-09-18T06:30:07.200000,9.853563898761445,76.20325552706147,SPEED_BREAKER,4,1,0.897
E_00071,BUS_001,PASS_01_001_01,SEG_157,2026-09-18T06:30:07.200000,2026-09-18T06:30:07.800000,2026-09-18T06:30:08.400000,9.856486191648536,76.20084934295673,SPEED_BREAKER,5,1,0.944
E_00072,BUS_001,PASS_01_001_02,SEG_023,2026-09-18T09:00:08,2026-09-18T09:00:08.500000,2026-09-18T09:00:09,9.946611789175641,76.28018695138846,SPEED_BREAKER,4,1,0.924
E_00073,BUS_001,PASS_01_001_02,SEG_026,2026-09-18T09:00:02.500000,2026-09-18T09:00:03,2026-09-18T09:00:03.500000,9.945121260507657,76.2778005333949,SPEED_BREAKER,2,1,0.854
E_00074,BUS_001,PASS_01_001_02,SEG_028,2026-09-18T09:00:04.800000,2026-09-18T09:00:05.300000,2026-09-18T09:00:05.800000,9.944232501388857,76.27565844084266,SPEED_BREAKER,4,1,0.921
E_00075,BUS_001,PASS_01_001_02,SEG_029,2026-09-18T09:00:04.300000,2026-09-18T09:00:04.800000,2026-09-18T09:00:05.300000,9.943475344369341,76.2744181717392,SPEED_BREAKER,4,1,0.922
E_00076,BUS_001,PASS_01_001_02,SEG_033,2026-09-18T09:00:06.900000,2026-09-18T09:00:07.400000,2026-09-18T09:00:07.900000,9.940007395490102,76.27091017622728,SPEED_BREAKER,5,1,0.926
E_00077,BUS_001,PASS_01_001_02,SEG_035,2026-09-18T09:00:05.800000,2026-09-18T09:00:06.300000,2026-09-18T09:00:06.800000,9.93818219922407,76.26949161809856,SPEED_BREAKER,2,1,0.833
E_00078,BUS_001,PASS_01_001_02,SEG_036,2026-09-18T09:00:06.300000,2026-09-18T09:00:06.800000,2026-09-18T09:00:07.300000,9.937422422058264,76.26872790189158,POTHOLE,3,1,0.851
E_00079,BUS_001,PASS_01_001_02,SEG_039,2026-09-18T09:00:04.700000,2026-09-18T09:00:05.200000,2026-09-18T09:00:05.700000,9.93609616817505,76.266185752753,POTHOLE,3,1,0.821
E_00080,BUS_001,PASS_01_001_02,SEG_043,2026-09-18T09:00:07.300000,2026-09-18T09:00:07.800000,2026-09-18T09:00:08.300000,9.934852733495363,76.26127292430633,POTHOLE,1,1,0.708
E_00081,BUS_001,PASS_01_001_02,SEG_044,2026-09-18T09:00:02.800000,2026-09-18T09:00:03.300000,2026-09-18T09:00:03.800000,9.934723816223057,76.26013399894458,POTHOLE,1,1,0.742
E_00082,BUS_001,PASS_01_001_02,SEG_046,2026-09-18T09:00:07.300000,2026-09-18T09:00:07.800000,2026-09-18T09:00:08.300000,9.934232019388858,76.258289812257,POTHOLE,2,1,0.802
E_00083,BUS_001,PASS_01_001_02,SEG_048,2026-09-18T09:00:02.500000,2026-09-18T09:00:05.700000,2026-09-18T09:00:08.900000,9.933773812292781,76.25630686510861,ROUGHNESS,5,1,0.97
E_00084,BUS_001,PASS_01_001_02,SEG_049,2026-09-18T09:00:03.700000,2026-09-18T09:00:06.200000,2026-09-18T09:00:08.700000,9.933357939614801,76.25525954188082,ROUGHNESS,5,1,0.926
E_00085,BUS_001,PASS_01_001_02,SEG_050,2026-09-18T09:00:03.700000,2026-09-18T09:00:07.600000,2026-09-18T09:00:11.500000,9.93297690029126,76.2542628591379,ROUGHNESS,4,1,0.921
E_00086,BUS_001,PASS_01_001_02,SEG_053,2026-09-18T09:00:03.700000,2026-09-18T09:00:07,2026-09-18T09:00:10.300000,9.931162710252513,76.25088507371198,ROUGHNESS,5,1,0.939
E_00087,BUS_001,PASS_01_001_02,SEG_054,2026-09-18T09:00:04.600000,2026-09-18T09:00:06.900000,2026-09-18T09:00:09.200000,9.930621735338176,76.24974333145558,ROUGHNESS,3,1,0.835
E_00088,BUS_001,PASS_01_001_02,SEG_057,2026-09-18T09:00:04.500000,2026-09-18T09:00:05,2026-09-18T09:00:05.500000,9.929148116567427,76.24726292918285,POTHOLE,4,1,0.92
E_00089,BUS_001,PASS_01_001_02,SEG_058,2026-09-18T09:00:07.300000,2026-09-18T09:00:11.100000,2026-09-18T09:00:14.900000,9.928307578619613,76.24641411348725,ROUGHNESS,1,1,0.773
E_00090,BUS_001,PASS_01_001_02,SEG_059,2026-09-18T09:00:05.600000,2026-09-18T09:00:08.600000,2026-09-18T09:00:11.600000,9.927455415474968,76.24538630137124,ROUGHNESS,1,1,0.7
E_00091,BUS_001,PASS_01_001_02,SEG_060,2026-09-18T09:00:04.600000,2026-09-18T09:00:08,2026-09-18T09:00:11.400000,9.926503753991923,76.24472007886868,ROUGHNESS,3,1,0.823
E_00092,BUS_001,PASS_01_001_02,SEG_063,2026-09-18T09:00:04.500000,2026-09-18T09:00:07.400000,2026-09-18T09:00:10.300000,9.924361071408825,76.2428220856696,ROUGHNESS,3,1,0.843
E_00093,BUS_001,PASS_01_001_02,SEG_065,2026-09-18T09:00:06.300000,2026-09-18T09:00:06.800000,2026-09-18T09:00:07.300000,9.923128789982027,76.24142896535142,POTHOLE,3,1,0.775
E_00094,BUS_001,PASS_01_001_02,SEG_065,2026-09-18T09:00:03.500000,2026-09-18T09:00:04.400000,2026-09-18T09:00:05.300000,9.923258998492965,76.24158058689264,BROKEN_PATCH,5,1,0.97
E_00095,BUS_001,PASS_01_001_02,SEG_068,2026-09-18T09:00:10.700000,2026-09-18T09:00:11.200000,2026-09-18T09:00:11.700000,9.919828278195958,76.23944117366732,POTHOLE,1,1,0.68
E_00096,BUS_001,PASS_01_001_02,SEG_071,2026-09-18T09:00:07.200000,2026-09-18T09:00:08.600000,2026-09-18T09:00:10,9.916292839093689,76.23766966684205,BROKEN_PATCH,5,1,0.948
E_00097,BUS_001,PASS_01_001_02,SEG_074,2026-09-18T09:00:07.600000,2026-09-18T09:00:09,2026-09-18T09:00:10.400000,9.913398490892586,76.23514889748232,BROKEN_PATCH,5,1,0.916
E_00098,BUS_001,PASS_01_001_02,SEG_076,2026-09-18T09:00:05.700000,2026-09-18T09:00:06.800000,2026-09-18T09:00:07.900000,9.911213721645357,76.23529532258613,BROKEN_PATCH,2,1,0.822
E_00099,BUS_001,PASS_01_001_02,SEG_087,2026-09-18T09:00:05.700000,2026-09-18T09:00:06.200000,2026-09-18T09:00:06.700000,9.89992628203538,76.23787703366239,SPEED_BREAKER,3,1,0.847
E_00100,BUS_001,PASS_01_001_02,SEG_094,2026-09-18T09:00:09.400000,2026-09-18T09:00:10,2026-09-18T09:00:10.600000,9.890730743090215,76.23863016344363,SPEED_BREAKER,1,1,0.738
E_00101,BUS_001,PASS_01_001_02,SEG_095,2026-09-18T09:00:07,2026-09-18T09:00:07.600000,2026-09-18T09:00:08.200000,9.889548639782095,76.23854882847584,SPEED_BREAKER,2,1,0.806
E_00102,BUS_001,PASS_01_001_02,SEG_098,2026-09-18T09:00:08.100000,2026-09-18T09:00:08.700000,2026-09-18T09:00:09.300000,9.886291409539231,76.23841920349199,SPEED_BREAKER,1,1,0.758
E_00103,BUS_001,PASS_01_001_02,SEG_101,2026-09-18T09:00:05.100000,2026-09-18T09:00:08.400000,2026-09-18T09:00:11.700000,9.882587519905957,76.23852977889187,ROUGHNESS,3,1,0.894
E_00104,BUS_001,PASS_01_001_02,SEG_104,2026-09-18T09:00:10.700000,2026-09-18T09:00:11.300000,2026-09-18T09:00:11.900000,9.87910968039604,76.23843565084897,SPEED_BREAKER,3,1,0.876
E_00105,BUS_001,PASS_01_001_02,SEG_107,2026-09-18T09:00:09.700000,2026-09-18T09:00:10.200000,2026-09-18T09:00:10.700000,9.87531144945934,76.239769336266,POTHOLE,4,1,0.888
E_00106,BUS_001,PASS_01_001_02,SEG_108,2026-09-18T09:00:04.500000,2026-09-18T09:00:05,2026-09-18T09:00:05.500000,9.874478330963289,76.23993900401797,POTHOLE,4,1,0.94
E_00107,BUS_001,PASS_01_001_02,SEG_109,2026-09-18T09:00:11,2026-09-18T09:00:11.300000,2026-09-18T09:00:11.500000,9.873320115346148,76.24027580436903,POTHOLE,2,1,0.84
E_00108,BUS_001,PASS_01_001_02,SEG_109,2026-09-18T09:00:03.300000,2026-09-18T09:00:07.100000,2026-09-18T09:00:10.900000,9.873547172498153,76.24016231113663,ROUGHNESS,1,1,0.764
E_00109,BUS_001,PASS_01_001_02,SEG_110,2026-09-18T09:00:08.700000,2026-09-18T09:00:09.200000,2026-09-18T09:00:09.700000,9.872242527790423,76.24061966694829,POTHOLE,5,1,0.964
E_00110,BUS_001,PASS_01_001_02,SEG_111,2026-09-18T09:00:06,2026-09-18T09:00:06.500000,2026-09-18T09:00:07,9.871096984187602,76.2406749019147,POTHOLE,2,1,0.773
E_00111,BUS_001,PASS_01_001_02,SEG_112,2026-09-18T09:00:05.300000,2026-09-18T09:00:08,2026-09-18T09:00:10.700000,9.869692563411864,76.24061200638714,ROUGHNESS,3,1,0.849
E_00112,BUS_001,PASS_01_001_02,SEG_113,2026-09-18T09:00:09.500000,2026-09-18T09:00:10,2026-09-18T09:00:10.500000,9.868913785613993,76.24018751806139,POTHOLE,1,1,0.737
E_00113,BUS_001,PASS_01_001_02,SEG_114,2026-09-18T09:00:05.600000,2026-09-18T09:00:08.600000,2026-09-18T09:00:11.600000,9.867879578070935,76.23946906659219,ROUGHNESS,1,1,0.765
E_00114,BUS_001,PASS_01_001_02,SEG_117,2026-09-18T09:00:10.300000,2026-09-18T09:00:10.800000,2026-09-18T09:00:11.300000,9.864542096120788,76.23709946887993,POTHOLE,2,1,0.791
E_00115,BUS_001,PASS_01_001_02,SEG_118,2026-09-18T09:00:06.400000,2026-09-18T09:00:06.900000,2026-09-18T09:00:07.400000,9.863815535168428,76.23646732781981,POTHOLE,2,1,0.764
E_00116,BUS_001,PASS_01_001_02,SEG_119,2026-09-18T09:00:08.200000,2026-09-18T09:00:08.700000,2026-09-18T09:00:09.200000,9.862975547492137,76.23584481401336,POTHOLE,1,1,0.734
E_00117,BUS_001,PASS_01_001_02,SEG_121,2026-09-18T09:00:04.700000,2026-09-18T09:00:08.600000,2026-09-18T09:00:12.500000,9.861226532025027,76.23429897212436,ROUGHNESS,5,1,0.926
E_00118,BUS_001,PASS_01_001_02,SEG_122,2026-09-18T09:00:08.900000,2026-09-18T09:00:09.400000,2026-09-18T09:00:09.900000,9.860238776768323,76.23350621730194,POTHOLE,4,1,0.841
E_00119,BUS_001,PASS_01_001_02,SEG_122,2026-09-18T09:00:04.700000,2026-09-18T09:00:06,2026-09-18T09:00:07.300000,9.860540709474469,76.2336629894431,BROKEN_PATCH,3,1,0.884
E_00120,BUS_001,PASS_01_001_02,SEG_123,2026-09-18T09:00:06.800000,2026-09-18T09:00:08.200000,2026-09-18T09:00:09.600000,9.85926995539913,76.23284072119687,BROKEN_PATCH,1,1,0.77
E_00121,BUS_001,PASS_01_001_02,SEG_124,2026-09-18T09:00:03.200000,2026-09-18T09:00:07.100000,2026-09-18T09:00:11,9.858449845666083,76.23212377819894,ROUGHNESS,2,1,0.908
E_00122,BUS_001,PASS_01_001_02,SEG_125,2026-09-18T09:00:04,2026-09-18T09:00:07.400000,2026-09-18T09:00:10.800000,9.857597291765895,76.23144498334368,ROUGHNESS,2,1,0.82
E_00123,BUS_001,PASS_01_001_02,SEG_132,2026-09-18T09:00:04.600000,2026-09-18T09:00:05.800000,2026-09-18T09:00:07,9.853468643939914,76.22510376532743,BROKEN_PATCH,1,1,0.765
E_00124,BUS_001,PASS_01_001_02,SEG_133,2026-09-18T09:00:04.300000,2026-09-18T09:00:05.500000,2026-09-18T09:00:06.700000,9.853141944705028,76.22435780466402,BROKEN_PATCH,2,1,0.795
E_00125,BUS_001,PASS_01_001_02,SEG_137,2026-09-18T09:00:06.400000,2026-09-18T09:00:07.800000,2026-09-18T09:00:09.200000,9.851742651880334,76.22002472321127,BROKEN_PATCH,4,1,0.896
E_00126,BUS_001,PASS_01_001_02,SEG_139,2026-09-18T09:00:07.900000,2026-09-18T09:00:09.100000,2026-09-18T09:00:10.300000,9.850887043729559,76.21807830753214,BROKEN_PATCH,4,1,0.917
E_00127,BUS_001,PASS_01_001_02,SEG_141,2026-09-18T09:00:10.100000,2026-09-18T09:00:11.500000,2026-09-18T09:00:12.900000,9.85027021167378,76.21596469294646,BROKEN_PATCH,3,1,0.911
E_00128,BUS_001,PASS_01_001_02,SEG_143,2026-09-18T09:00:05.800000,2026-09-18T09:00:06.800000,2026-09-18T09:00:07.800000,9.849870659060086,76.21430080673368,BROKEN_PATCH,4,1,0.86
E_00129,BUS_001,PASS_01_001_02,SEG_144,2026-09-18T09:00:06,2026-09-18T09:00:07.100000,2026-09-18T09:00:08.200000,9.849755664346803,76.213417382126,BROKEN_PATCH,2,1,0.755
E_00130,BUS_001,PASS_01_001_02,SEG_145,2026-09-18T09:00:10.100000,2026-09-18T09:00:11.500000,2026-09-18T09:00:12.900000,9.84971706022573,76.21198000151522,BROKEN_PATCH,4,1,0.844
E_00131,BUS_001,PASS_01_001_02,SEG_146,2026-09-18T09:00:06.600000,2026-09-18T09:00:07.200000,2026-09-18T09:00:07.800000,9.849570744421705,76.21084487588642,SPEED_BREAKER,2,1,0.767
E_00132,BUS_001,PASS_01_001_02,SEG_147,2026-09-18T09:00:08.500000,2026-09-18T09:00:09.100000,2026-09-18T09:00:09.700000,9.849672091321462,76.20933470070159,SPEED_BREAKER,5,1,0.909
E_00133,BUS_001,PASS_01_001_02,SEG_149,2026-09-18T09:00:07.400000,2026-09-18T09:00:08,2026-09-18T09:00:08.600000,9.849997938400959,76.20725844102887,SPEED_BREAKER,3,1,0.867
E_00134,BUS_001,PASS_01_001_02,SEG_150,2026-09-18T09:00:07.600000,2026-09-18T09:00:08.200000,2026-09-18T09:00:08.800000,9.850593392702647,76.20640483144899,SPEED_BREAKER,5,1,0.967
E_00135,BUS_001,PASS_01_001_02,SEG_154,2026-09-18T09:00:06.500000,2026-09-18T09:00:07,2026-09-18T09:00:07.500000,9.853624445403753,76.20329354619275,SPEED_BREAKER,4,1,0.909
E_00136,BUS_001,PASS_01_001_02,SEG_157,2026-09-18T09:00:10.300000,2026-09-18T09:00:10.900000,2026-09-18T09:00:11.500000,9.856780103883274,76.20075408517636,SPEED_BREAKER,2,1,0.78
E_00137,BUS_002,PASS_01_002_01,SEG_023,2026-09-18T06:40:06.900000,2026-09-18T06:40:07.400000,2026-09-18T06:40:07.900000,9.946523758833617,76.2802241207619,SPEED_BREAKER,4,1,0.901
E_00138,BUS_002,PASS_01_002_01,SEG_024,2026-09-18T06:40:04.200000,2026-09-18T06:40:04.700000,2026-09-18T06:40:05.200000,9.945920040832016,76.27926324220249,SPEED_BREAKER,4,1,0.958
E_00139,BUS_002,PASS_01_002_01,SEG_025,2026-09-18T06:40:02.500000,2026-09-18T06:40:03,2026-09-18T06:40:03.500000,9.945468528748096,76.27859375294338,SPEED_BREAKER,2,1,0.84
E_00140,BUS_002,PASS_01_002_01,SEG_026,2026-09-18T06:40:03.100000,2026-09-18T06:40:03.600000,2026-09-18T06:40:04.100000,9.94527298178958,76.2776477242651,SPEED_BREAKER,1,1,0.713
E_00141,BUS_002,PASS_01_002_01,SEG_033,2026-09-18T06:40:04.300000,2026-09-18T06:40:04.800000,2026-09-18T06:40:05.300000,9.940037315685805,76.27101397825311,SPEED_BREAKER,5,1,0.962
E_00142,BUS_002,PASS_01_002_01,SEG_035,2026-09-18T06:40:05.600000,2026-09-18T06:40:06.100000,2026-09-18T06:40:06.600000,9.938385395715027,76.26952909931593,SPEED_BREAKER,3,1,0.869
E_00143,BUS_002,PASS_01_002_01,SEG_037,2026-09-18T06:40:05,2026-09-18T06:40:05.500000,2026-09-18T06:40:06,9.936630914928507,76.26816936032787,POTHOLE,4,1,0.922
E_00144,BUS_002,PASS_01_002_01,SEG_039,2026-09-18T06:40:04.700000,2026-09-18T06:40:05.200000,2026-09-18T06:40:05.700000,9.93597120842914,76.26630362472972,POTHOLE,4,1,0.917
E_00145,BUS_002,PASS_01_002_01,SEG_040,2026-09-18T06:40:06.600000,2026-09-18T06:40:07.100000,2026-09-18T06:40:07.600000,9.935777145068933,76.26474532666055,POTHOLE,3,1,0.837
E_00146,BUS_002,PASS_01_002_01,SEG_041,2026-09-18T06:40:05,2026-09-18T06:40:05.500000,2026-09-18T06:40:06,9.935799083260775,76.26356068498562,POTHOLE,3,1,0.837
E_00147,BUS_002,PASS_01_002_01,SEG_042,2026-09-18T06:40:03.200000,2026-09-18T06:40:03.700000,2026-09-18T06:40:04.200000,9.935312614692336,76.26251916301445,POTHOLE,4,1,0.917
E_00148,BUS_002,PASS_01_002_01,SEG_043,2026-09-18T06:40:05,2026-09-18T06:40:05.500000,2026-09-18T06:40:06,9.93514025262016,76.26167266045618,POTHOLE,2,1,0.785
E_00149,BUS_002,PASS_01_002_01,SEG_044,2026-09-18T06:40:03,2026-09-18T06:40:03.500000,2026-09-18T06:40:04,9.934774459656339,76.26028239306164,POTHOLE,2,1,0.717
E_00150,BUS_002,PASS_01_002_01,SEG_046,2026-09-18T06:40:08.100000,2026-09-18T06:40:08.600000,2026-09-18T06:40:09.100000,9.934249086705748,76.25832652144052,POTHOLE,1,1,0.749
E_00151,BUS_002,PASS_01_002_01,SEG_048,2026-09-18T06:40:03.400000,2026-09-18T06:40:07.300000,2026-09-18T06:40:11.200000,9.93379896923048,76.2562383210402,ROUGHNESS,5,1,0.869
E_00152,BUS_002,PASS_01_002_01,SEG_049,2026-09-18T06:40:08.300000,2026-09-18T06:40:08.800000,2026-09-18T06:40:09.300000,9.933242313630739,76.25540043552489,POTHOLE,5,1,0.953
E_00153,BUS_002,PASS_01_002_01,SEG_050,2026-09-18T06:40:07.600000,2026-09-18T06:40:11.500000,2026-09-18T06:40:15.400000,9.93289078524603,76.25401112369387,ROUGHNESS,4,1,0.87
E_00154,BUS_002,PASS_01_002_01,SEG_051,2026-09-18T06:40:07.200000,2026-09-18T06:40:07.700000,2026-09-18T06:40:08.200000,9.932316712359443,76.25308786442716,POTHOLE,4,1,0.905
E_00155,BUS_002,PASS_01_002_01,SEG_053,2026-09-18T06:40:07.500000,2026-09-18T06:40:11.400000,2026-09-18T06:40:15.300000,9.930989597456424,76.2507543393205,ROUGHNESS,3,1,0.86
E_00156,BUS_002,PASS_01_002_01,SEG_054,2026-09-18T06:40:08.600000,2026-09-18T06:40:08.900000,2026-09-18T06:40:09.200000,9.930704423059053,76.24985766204995,POTHOLE,3,1,0.897
E_00157,BUS_002,PASS_01_002_01,SEG_054,2026-09-18T06:40:02.300000,2026-09-18T06:40:05.400000,2026-09-18T06:40:08.500000,9.93086424923509,76.24988744191617,ROUGHNESS,2,1,0.797
E_00158,BUS_002,PASS_01_002_01,SEG_057,2026-09-18T06:40:08.400000,2026-09-18T06:40:08.900000,2026-09-18T06:40:09.400000,9.928919064180041,76.24714345553795,POTHOLE,1,1,0.736
E_00159,BUS_002,PASS_01_002_01,SEG_058,2026-09-18T06:40:05.800000,2026-09-18T06:40:06.300000,2026-09-18T06:40:06.700000,9.92844581673231,76.24659091837508,POTHOLE,4,1,0.89
E_00160,BUS_002,PASS_01_002_01,SEG_058,2026-09-18T06:40:06.800000,2026-09-18T06:40:10.700000,2026-09-18T06:40:14.600000,9.928241069514703,76.2464487637947,ROUGHNESS,4,1,0.9
E_00161,BUS_002,PASS_01_002_01,SEG_060,2026-09-18T06:40:04.800000,2026-09-18T06:40:08.700000,2026-09-18T06:40:12.600000,9.926574924534204,76.2449012718285,ROUGHNESS,1,1,0.709
E_00162,BUS_002,PASS_01_002_01,SEG_061,2026-09-18T06:40:08.400000,2026-09-18T06:40:08.900000,2026-09-18T06:40:09.400000,9.925653073012453,76.24392028285196,POTHOLE,4,1,0.867
E_00163,BUS_002,PASS_01_002_01,SEG_063,2026-09-18T06:40:04.700000,2026-09-18T06:40:08.300000,2026-09-18T06:40:11.900000,9.92443688567972,76.2429941638129,ROUGHNESS,1,1,0.684
E_00164,BUS_002,PASS_01_002_01,SEG_064,2026-09-18T06:40:07.400000,2026-09-18T06:40:07.900000,2026-09-18T06:40:08.400000,9.923607957073004,76.24206111178007,POTHOLE,1,1,0.727
E_00165,BUS_002,PASS_01_002_01,SEG_065,2026-09-18T06:40:08.100000,2026-09-18T06:40:08.600000,2026-09-18T06:40:09.100000,9.923090522490194,76.24139976563454,POTHOLE,5,1,0.97
E_00166,BUS_002,PASS_01_002_01,SEG_067,2026-09-18T06:40:07.400000,2026-09-18T06:40:07.900000,2026-09-18T06:40:08.400000,9.921344707138067,76.24024547635908,POTHOLE,2,1,0.861
E_00167,BUS_002,PASS_01_002_01,SEG_068,2026-09-18T06:40:07,2026-09-18T06:40:07.500000,2026-09-18T06:40:08,9.920112386591398,76.23952396281805,POTHOLE,3,1,0.802
E_00168,BUS_002,PASS_01_002_01,SEG_070,2026-09-18T06:40:06.200000,2026-09-18T06:40:06.700000,2026-09-18T06:40:07.200000,9.917430936542374,76.23843322947091,POTHOLE,3,1,0.849
E_00169,BUS_002,PASS_01_002_01,SEG_071,2026-09-18T06:40:05.800000,2026-09-18T06:40:07.200000,2026-09-18T06:40:08.600000,9.916424925162831,76.237789880461,BROKEN_PATCH,1,1,0.782
E_00170,BUS_002,PASS_01_002_01,SEG_074,2026-09-18T06:40:06.400000,2026-09-18T06:40:07.500000,2026-09-18T06:40:08.600000,9.91351887790281,76.23515484074146,BROKEN_PATCH,5,1,0.877
E_00171,BUS_002,PASS_01_002_01,SEG_076,2026-09-18T06:40:03.100000,2026-09-18T06:40:03.900000,2026-09-18T06:40:04.700000,9.911340224315746,76.23518280117409,BROKEN_PATCH,3,1,0.839
E_00172,BUS_002,PASS_01_002_01,SEG_078,2026-09-18T06:40:05,2026-09-18T06:40:05.900000,2026-09-18T06:40:06.800000,9.909419340710235,76.23578221461534,BROKEN_PATCH,2,1,0.825
E_00173,BUS_002,PASS_01_002_01,SEG_081,2026-09-18T06:40:05.900000,2026-09-18T06:40:06.700000,2026-09-18T06:40:07.500000,9.90631625234994,76.23675665504038,BROKEN_PATCH,3,1,0.784
E_00174,BUS_002,PASS_01_002_01,SEG_087,2026-09-18T06:40:05,2026-09-18T06:40:05.500000,2026-09-18T06:40:06,9.899903147739876,76.23779562410068,SPEED_BREAKER,2,1,0.822
E_00175,BUS_002,PASS_01_002_01,SEG_093,2026-09-18T06:40:05.600000,2026-09-18T06:40:06.200000,2026-09-18T06:40:06.800000,9.892228663741474,76.23862448822058,SPEED_BREAKER,3,1,0.843
E_00176,BUS_002,PASS_01_002_01,SEG_095,2026-09-18T06:40:06.500000,2026-09-18T06:40:07.100000,2026-09-18T06:40:07.700000,9.889663798825614,76.23859078746635,SPEED_BREAKER,5,1,0.97
E_00177,BUS_002,PASS_01_002_01,SEG_101,2026-09-18T06:40:07.100000,2026-09-18T06:40:10.700000,2026-09-18T06:40:14.300000,9.882568327789745,76.23841235841071,ROUGHNESS,4,1,0.842
E_00178,BUS_002,PASS_01_002_01,SEG_104,2026-09-18T06:40:05.700000,2026-09-18T06:40:06.300000,2026-09-18T06:40:06.900000,9.879316025921275,76.23830556963718,SPEED_BREAKER,1,1,0.773
E_00179,BUS_002,PASS_01_002_01,SEG_105,2026-09-18T06:40:06.900000,2026-09-18T06:40:07.500000,2026-09-18T06:40:08.100000,9.878124486314677,76.23867066790159,SPEED_BREAKER,3,1,0.895
E_00180,BUS_002,PASS_01_002_01,SEG_107,2026-09-18T06:40:03.900000,2026-09-18T06:40:07.800000,2026-09-18T06:40:11.700000,9.875440951322496,76.23965224844358,ROUGHNESS,3,1,0.906
E_00181,BUS_002,PASS_01_002_01,SEG_109,2026-09-18T06:40:03.800000,2026-09-18T06:40:07.700000,2026-09-18T06:40:11.600000,9.873564043323512,76.24011660298301,ROUGHNESS,2,1,0.807
E_00182,BUS_002,PASS_01_002_01,SEG_110,2026-09-18T06:40:10.600000,2026-09-18T06:40:11.100000,2026-09-18T06:40:11.600000,9.872213089771433,76.24053525546358,POTHOLE,5,1,0.97
E_00183,BUS_002,PASS_01_002_01,SEG_111,2026-09-18T06:40:09.300000,2026-09-18T06:40:09.800000,2026-09-18T06:40:10.300000,9.87079955979753,76.24082770569021,POTHOLE,1,1,0.702
E_00184,BUS_002,PASS_01_002_01,SEG_112,2026-09-18T06:40:06.300000,2026-09-18T06:40:09.700000,2026-09-18T06:40:13.100000,9.86975989824476,76.24068690525978,ROUGHNESS,3,1,0.802
E_00185,BUS_002,PASS_01_002_01,SEG_113,2026-09-18T06:40:10.600000,2026-09-18T06:40:11.100000,2026-09-18T06:40:11.600000,9.868733311662231,76.24010131293036,POTHOLE,5,1,0.97
E_00186,BUS_002,PASS_01_002_01,SEG_114,2026-09-18T06:40:04.500000,2026-09-18T06:40:08.400000,2026-09-18T06:40:12.300000,9.868119809277047,76.23958480024845,ROUGHNESS,4,1,0.914
E_00187,BUS_002,PASS_01_002_01,SEG_115,2026-09-18T06:40:06.700000,2026-09-18T06:40:10.600000,2026-09-18T06:40:14.500000,9.866843710119284,76.23887944690884,ROUGHNESS,2,1,0.847
E_00188,BUS_002,PASS_01_002_01,SEG_116,2026-09-18T06:40:03.800000,2026-09-18T06:40:07.700000,2026-09-18T06:40:11.600000,9.865677172429388,76.23803551455747,ROUGHNESS,1,1,0.79
E_00189,BUS_002,PASS_01_002_01,SEG_117,2026-09-18T06:40:09.800000,2026-09-18T06:40:10.300000,2026-09-18T06:40:10.800000,9.864553332878662,76.23716441567598,POTHOLE,3,1,0.875
E_00190,BUS_002,PASS_01_002_01,SEG_118,2026-09-18T06:40:08.700000,2026-09-18T06:40:09.200000,2026-09-18T06:40:09.700000,9.86395893611205,76.23662708434273,POTHOLE,5,1,0.964
E_00191,BUS_002,PASS_01_002_01,SEG_119,2026-09-18T06:40:05.500000,2026-09-18T06:40:09.400000,2026-09-18T06:40:13.300000,9.862993483437565,76.23578981127133,ROUGHNESS,1,1,0.757
E_00192,BUS_002,PASS_01_002_01,SEG_121,2026-09-18T06:40:03.300000,2026-09-18T06:40:07.200000,2026-09-18T06:40:11.100000,9.861299256729414,76.23434853126543,ROUGHNESS,3,1,0.884
E_00193,BUS_002,PASS_01_002_01,SEG_122,2026-09-18T06:40:08.700000,2026-09-18T06:40:10.100000,2026-09-18T06:40:11.500000,9.860166087719321,76.23360791856646,BROKEN_PATCH,5,1,0.863
E_00194,BUS_002,PASS_01_002_01,SEG_123,2026-09-18T06:40:06.400000,2026-09-18T06:40:06.600000,2026-09-18T06:40:06.800000,9.859444164164517,76.23295521347836,POTHOLE,1,1,0.73
E_00195,BUS_002,PASS_01_002_01,SEG_123,2026-09-18T06:40:06.900000,2026-09-18T06:40:10.800000,2026-09-18T06:40:14.700000,9.85931723045419,76.23269928544823,ROUGHNESS,3,1,0.849
E_00196,BUS_002,PASS_01_002_01,SEG_124,2026-09-18T06:40:05.200000,2026-09-18T06:40:09.100000,2026-09-18T06:40:13,9.85843161897704,76.23208666181922,ROUGHNESS,2,1,0.815
E_00197,BUS_002,PASS_01_002_01,SEG_125,2026-09-18T06:40:04.600000,2026-09-18T06:40:08.400000,2026-09-18T06:40:12.200000,9.857581704990984,76.2314125088485,ROUGHNESS,2,1,0.833
E_00198,BUS_002,PASS_01_002_01,SEG_133,2026-09-18T06:40:04.400000,2026-09-18T06:40:05.300000,2026-09-18T06:40:06.200000,9.853191047253274,76.22425295282667,BROKEN_PATCH,1,1,0.733
E_00199,BUS_002,PASS_01_002_01,SEG_137,2026-09-18T06:40:07.600000,2026-09-18T06:40:08.900000,2026-09-18T06:40:10.200000,9.85170448829702,76.22008978992322,BROKEN_PATCH,4,1,0.869
E_00200,BUS_002,PASS_01_002_01,SEG_139,2026-09-18T06:40:04.300000,2026-09-18T06:40:05.100000,2026-09-18T06:40:05.900000,9.851072551709626,76.2181030058032,BROKEN_PATCH,2,1,0.792
E_00201,BUS_002,PASS_01_002_01,SEG_141,2026-09-18T06:40:03.900000,2026-09-18T06:40:04.800000,2026-09-18T06:40:05.700000,9.850341062250346,76.2160375287687,BROKEN_PATCH,2,1,0.809
E_00202,BUS_002,PASS_01_002_01,SEG_143,2026-09-18T06:40:02.700000,2026-09-18T06:40:03.300000,2026-09-18T06:40:03.900000,9.849843373623079,76.21440997201644,BROKEN_PATCH,5,1,0.97
E_00203,BUS_002,PASS_01_002_01,SEG_144,2026-09-18T06:40:04.700000,2026-09-18T06:40:05.400000,2026-09-18T06:40:06.100000,9.849716874540622,76.2134430210271,BROKEN_PATCH,2,1,0.806
E_00204,BUS_002,PASS_01_002_01,SEG_146,2026-09-18T06:40:05.500000,2026-09-18T06:40:06,2026-09-18T06:40:06.500000,9.8497216093183,76.2108768308763,SPEED_BREAKER,1,1,0.766
E_00205,BUS_002,PASS_01_002_01,SEG_147,2026-09-18T06:40:08.200000,2026-09-18T06:40:08.700000,2026-09-18T06:40:09.200000,9.849654367569741,76.20902193426951,SPEED_BREAKER,2,1,0.793
E_00206,BUS_002,PASS_01_002_01,SEG_148,2026-09-18T06:40:02.900000,2026-09-18T06:40:03.400000,2026-09-18T06:40:03.900000,9.849365786423357,76.20844296401363,SPEED_BREAKER,2,1,0.821
E_00207,BUS_002,PASS_01_002_01,SEG_149,2026-09-18T06:40:04.700000,2026-09-18T06:40:05.200000,2026-09-18T06:40:05.700000,9.849740899522375,76.20741208412883,SPEED_BREAKER,2,1,0.817
E_00208,BUS_002,PASS_01_002_01,SEG_154,2026-09-18T06:40:04.200000,2026-09-18T06:40:04.700000,2026-09-18T06:40:05.200000,9.853540258327529,76.20330676690874,SPEED_BREAKER,3,1,0.865
E_00209,BUS_002,PASS_01_002_01,SEG_157,2026-09-18T06:40:09.900000,2026-09-18T06:40:10.500000,2026-09-18T06:40:11.100000,9.856763623297672,76.20074049549441,SPEED_BREAKER,5,1,0.916
E_00210,BUS_002,PASS_01_002_02,SEG_023,2026-09-18T09:10:07.200000,2026-09-18T09:10:07.700000,2026-09-18T09:10:08.200000,9.946647884351846,76.28039149744166,SPEED_BREAKER,1,1,0.789
E_00211,BUS_002,PASS_01_002_02,SEG_024,2026-09-18T09:10:03.600000,2026-09-18T09:10:04.100000,2026-09-18T09:10:04.600000,9.946066880047258,76.27951076141854,SPEED_BREAKER,1,1,0.721
E_00212,BUS_002,PASS_01_002_02,SEG_025,2026-09-18T09:10:05.200000,2026-09-18T09:10:05.700000,2026-09-18T09:10:06.200000,9.945361953511755,76.2783246052018,SPEED_BREAKER,3,1,0.887
E_00213,BUS_002,PASS_01_002_02,SEG_028,2026-09-18T09:10:05.900000,2026-09-18T09:10:06.400000,2026-09-18T09:10:06.900000,9.944206788392657,76.27556989213271,SPEED_BREAKER,3,1,0.798
E_00214,BUS_002,PASS_01_002_02,SEG_029,2026-09-18T09:10:08,2026-09-18T09:10:08.500000,2026-09-18T09:10:09,9.943276751360466,76.27412404681445,SPEED_BREAKER,3,1,0.807
E_00215,BUS_002,PASS_01_002_02,SEG_035,2026-09-18T09:10:04.500000,2026-09-18T09:10:05,2026-09-18T09:10:05.500000,9.938521232577585,76.26955113811263,SPEED_BREAKER,5,1,0.947
E_00216,BUS_002,PASS_01_002_02,SEG_036,2026-09-18T09:10:07.100000,2026-09-18T09:10:07.600000,2026-09-18T09:10:08.100000,9.93744442060886,76.2684635870261,POTHOLE,4,1,0.94
E_00217,BUS_002,PASS_01_002_02,SEG_037,2026-09-18T09:10:05,2026-09-18T09:10:05.500000,2026-09-18T09:10:06,9.936874997147436,76.2679734134637,POTHOLE,4,1,0.823
E_00218,BUS_002,PASS_01_002_02,SEG_039,2026-09-18T09:10:05.800000,2026-09-18T09:10:06.300000,2026-09-18T09:10:06.800000,9.936082479767736,76.26616942470267,POTHOLE,2,1,0.856
E_00219,BUS_002,PASS_01_002_02,SEG_040,2026-09-18T09:10:07.300000,2026-09-18T09:10:07.800000,2026-09-18T09:10:08.300000,9.935820602570725,76.26489026390638,POTHOLE,4,1,0.889
E_00220,BUS_002,PASS_01_002_02,SEG_042,2026-09-18T09:10:04.300000,2026-09-18T09:10:04.800000,2026-09-18T09:10:05.300000,9.93543704078174,76.2624130279399,POTHOLE,1,1,0.752
E_00221,BUS_002,PASS_01_002_02,SEG_043,2026-09-18T09:10:06.700000,2026-09-18T09:10:07.200000,2026-09-18T09:10:07.700000,9.934965689963585,76.2612988055671,POTHOLE,5,1,0.967
E_00222,BUS_002,PASS_01_002_02,SEG_044,2026-09-18T09:10:03.700000,2026-09-18T09:10:04.200000,2026-09-18T09:10:04.700000,9.93473448818632,76.26022045327609,POTHOLE,3,1,0.815
E_00223,BUS_002,PASS_01_002_02,SEG_046,2026-09-18T09:10:08.400000,2026-09-18T09:10:08.900000,2026-09-18T09:10:09.400000,9.9342421230958,76.25847378250876,POTHOLE,2,1,0.792
E_00224,BUS_002,PASS_01_002_02,SEG_048,2026-09-18T09:10:10.600000,2026-09-18T09:10:11.100000,2026-09-18T09:10:11.600000,9.933684738215472,76.25607420220719,POTHOLE,4,1,0.966
E_00225,BUS_002,PASS_01_002_02,SEG_049,2026-09-18T09:10:02.900000,2026-09-18T09:10:06.300000,2026-09-18T09:10:09.700000,9.933458265699334,76.25533851197783,ROUGHNESS,1,1,0.755
E_00226,BUS_002,PASS_01_002_02,SEG_050,2026-09-18T09:10:05.800000,2026-09-18T09:10:09.700000,2026-09-18T09:10:13.600000,9.932907032903747,76.25419006875103,ROUGHNESS,1,1,0.729
E_00227,BUS_002,PASS_01_002_02,SEG_051,2026-09-18T09:10:07.400000,2026-09-18T09:10:07.900000,2026-09-18T09:10:08.400000,9.932355117532147,76.25305023998101,POTHOLE,1,1,0.709
E_00228,BUS_002,PASS_01_002_02,SEG_053,2026-09-18T09:10:06.600000,2026-09-18T09:10:07,2026-09-18T09:10:07.300000,9.931068353511014,76.25094248071267,POTHOLE,2,1,0.719
E_00229,BUS_002,PASS_01_002_02,SEG_053,2026-09-18T09:10:07.400000,2026-09-18T09:10:11.300000,2026-09-18T09:10:15.200000,9.931071244987457,76.25076707358197,ROUGHNESS,1,1,0.742
E_00230,BUS_002,PASS_01_002_02,SEG_054,2026-09-18T09:10:03,2026-09-18T09:10:06.300000,2026-09-18T09:10:09.600000,9.930762695017613,76.24999267996832,ROUGHNESS,5,1,0.924
E_00231,BUS_002,PASS_01_002_02,SEG_057,2026-09-18T09:10:05.300000,2026-09-18T09:10:05.800000,2026-09-18T09:10:06.300000,9.929201305858289,76.2473490759482,POTHOLE,5,1,0.89
E_00232,BUS_002,PASS_01_002_02,SEG_058,2026-09-18T09:10:05.100000,2026-09-18T09:10:09,2026-09-18T09:10:12.900000,9.92834514232005,76.24642974884725,ROUGHNESS,3,1,0.822
E_00233,BUS_002,PASS_01_002_02,SEG_059,2026-09-18T09:10:02.700000,2026-09-18T09:10:06.600000,2026-09-18T09:10:10.500000,9.927553447900616,76.24561461594317,ROUGHNESS,2,1,0.81
E_00234,BUS_002,PASS_01_002_02,SEG_060,2026-09-18T09:10:06.400000,2026-09-18T09:10:10.300000,2026-09-18T09:10:14.200000,9.926415241973114,76.24471267226613,ROUGHNESS,3,1,0.869
E_00235,BUS_002,PASS_01_002_02,SEG_061,2026-09-18T09:10:06.200000,2026-09-18T09:10:06.700000,2026-09-18T09:10:07.200000,9.925667317604592,76.24416122077844,POTHOLE,4,1,0.851
E_00236,BUS_002,PASS_01_002_02,SEG_062,2026-09-18T09:10:06.300000,2026-09-18T09:10:06.800000,2026-09-18T09:10:07.300000,9.92494976957361,76.24356737575243,POTHOLE,3,1,0.77
E_00237,BUS_002,PASS_01_002_02,SEG_063,2026-09-18T09:10:03,2026-09-18T09:10:06.900000,2026-09-18T09:10:10.800000,9.924458948375204,76.24302060855217,ROUGHNESS,1,1,0.743
E_00238,BUS_002,PASS_01_002_02,SEG_064,2026-09-18T09:10:07.600000,2026-09-18T09:10:08.100000,2026-09-18T09:10:08.600000,9.92364414871438,76.24212207087909,POTHOLE,5,1,0.97
E_00239,BUS_002,PASS_01_002_02,SEG_065,2026-09-18T09:10:06.800000,2026-09-18T09:10:08.100000,2026-09-18T09:10:09.400000,9.923177903470616,76.24139524268223,BROKEN_PATCH,3,1,0.857
E_00240,BUS_002,PASS_01_002_02,SEG_067,2026-09-18T09:10:09,2026-09-18T09:10:09.500000,2026-09-18T09:10:10,9.921297591873639,76.24009427546598,POTHOLE,1,1,0.776
E_00241,BUS_002,PASS_01_002_02,SEG_068,2026-09-18T09:10:07.800000,2026-09-18T09:10:08.300000,2026-09-18T09:10:08.800000,9.920047979498255,76.23972785780136,POTHOLE,2,1,0.778
E_00242,BUS_002,PASS_01_002_02,SEG_071,2026-09-18T09:10:10,2026-09-18T09:10:11.400000,2026-09-18T09:10:12.800000,9.916127491711137,76.23757895549006,BROKEN_PATCH,3,1,0.863
E_00243,BUS_002,PASS_01_002_02,SEG_074,2026-09-18T09:10:07.600000,2026-09-18T09:10:09,2026-09-18T09:10:10.400000,9.91362537586482,76.23526619518967,BROKEN_PATCH,3,1,0.85
E_00244,BUS_002,PASS_01_002_02,SEG_076,2026-09-18T09:10:07.600000,2026-09-18T09:10:08.900000,2026-09-18T09:10:10.200000,9.91120979174742,76.23514377907125,BROKEN_PATCH,1,1,0.758
E_00245,BUS_002,PASS_01_002_02,SEG_081,2026-09-18T09:10:06.900000,2026-09-18T09:10:08.300000,2026-09-18T09:10:09.700000,9.906433429139065,76.23666779678167,BROKEN_PATCH,1,1,0.748
E_00246,BUS_002,PASS_01_002_02,SEG_094,2026-09-18T09:10:10.200000,2026-09-18T09:10:10.800000,2026-09-18T09:10:11.400000,9.890678081329096,76.23860728966243,SPEED_BREAKER,4,1,0.944
E_00247,BUS_002,PASS_01_002_02,SEG_098,2026-09-18T09:10:10.800000,2026-09-18T09:10:11.400000,2026-09-18T09:10:12,9.886143906034674,76.23836197049397,SPEED_BREAKER,2,1,0.797
E_00248,BUS_002,PASS_01_002_02,SEG_101,2026-09-18T09:10:07.300000,2026-09-18T09:10:11.200000,2026-09-18T09:10:15.100000,9.882421413935258,76.23838560923322,ROUGHNESS,5,1,0.923
E_00249,BUS_002,PASS_01_002_02,SEG_104,2026-09-18T09:10:08.200000,2026-09-18T09:10:08.800000,2026-09-18T09:10:09.400000,9.87916917606553,76.2383563297574,SPEED_BREAKER,2,1,0.826
E_00250,BUS_002,PASS_01_002_02,SEG_105,2026-09-18T09:10:08.300000,2026-09-18T09:10:08.900000,2026-09-18T09:10:09.500000,9.878031128544075,76.23854447605908,SPEED_BREAKER,5,1,0.901
E_00251,BUS_002,PASS_01_002_02,SEG_107,2026-09-18T09:10:07.800000,2026-09-18T09:10:08.300000,2026-09-18T09:10:08.800000,9.875395647572404,76.23957631997568,POTHOLE,1,1,0.738
E_00252,BUS_002,PASS_01_002_02,SEG_108,2026-09-18T09:10:07,2026-09-18T09:10:07.500000,2026-09-18T09:10:08,9.874397169515449,76.23993061059913,POTHOLE,4,1,0.942
E_00253,BUS_002,PASS_01_002_02,SEG_109,2026-09-18T09:10:07.300000,2026-09-18T09:10:11.200000,2026-09-18T09:10:15.100000,9.873308181382681,76.2402303199017,ROUGHNESS,3,1,0.83
E_00254,BUS_002,PASS_01_002_02,SEG_110,2026-09-18T09:10:09.800000,2026-09-18T09:10:10.300000,2026-09-18T09:10:10.800000,9.872080554399139,76.24044122809867,POTHOLE,5,1,0.949
E_00255,BUS_002,PASS_01_002_02,SEG_111,2026-09-18T09:10:09.200000,2026-09-18T09:10:09.700000,2026-09-18T09:10:10.200000,9.871021203967935,76.24073246800597,POTHOLE,2,1,0.728
E_00256,BUS_002,PASS_01_002_02,SEG_112,2026-09-18T09:10:09.900000,2026-09-18T09:10:10.400000,2026-09-18T09:10:10.900000,9.869844634062108,76.24070593537245,POTHOLE,1,1,0.751
E_00257,BUS_002,PASS_01_002_02,SEG_113,2026-09-18T09:10:10.400000,2026-09-18T09:10:10.900000,2026-09-18T09:10:11.400000,9.868905025449159,76.23997495144762,POTHOLE,5,1,0.865
E_00258,BUS_002,PASS_01_002_02,SEG_114,2026-09-18T09:10:03,2026-09-18T09:10:06.900000,2026-09-18T09:10:10.800000,9.868042142227408,76.23962794445171,ROUGHNESS,2,1,0.867
E_00259,BUS_002,PASS_01_002_02,SEG_115,2026-09-18T09:10:02.900000,2026-09-18T09:10:06.800000,2026-09-18T09:10:10.700000,9.86714692673049,76.23906028337396,ROUGHNESS,4,1,0.909
E_00260,BUS_002,PASS_01_002_02,SEG_116,2026-09-18T09:10:02.400000,2026-09-18T09:10:06.300000,2026-09-18T09:10:10.200000,9.865703743656987,76.23829738272212,ROUGHNESS,4,1,0.878
E_00261,BUS_002,PASS_01_002_02,SEG_117,2026-09-18T09:10:06,2026-09-18T09:10:06.500000,2026-09-18T09:10:07,9.864724498457942,76.23735680262631,POTHOLE,1,1,0.726
E_00262,BUS_002,PASS_01_002_02,SEG_118,2026-09-18T09:10:06,2026-09-18T09:10:06.500000,2026-09-18T09:10:07,9.863899586303097,76.23667199264119,POTHOLE,3,1,0.842
E_00263,BUS_002,PASS_01_002_02,SEG_119,2026-09-18T09:10:05.900000,2026-09-18T09:10:09.800000,2026-09-18T09:10:13.700000,9.862937036957693,76.2358443601534,ROUGHNESS,3,1,0.831
E_00264,BUS_002,PASS_01_002_02,SEG_121,2026-09-18T09:10:04.800000,2026-09-18T09:10:08.700000,2026-09-18T09:10:12.600000,9.861279162166399,76.23433197766295,ROUGHNESS,3,1,0.884
E_00265,BUS_002,PASS_01_002_02,SEG_122,2026-09-18T09:10:05.800000,2026-09-18T09:10:06.300000,2026-09-18T09:10:06.800000,9.860467623426526,76.23367170837041,POTHOLE,5,1,0.943
E_00266,BUS_002,PASS_01_002_02,SEG_122,2026-09-18T09:10:08.600000,2026-09-18T09:10:10,2026-09-18T09:10:11.400000,9.860204673642949,76.23346893604872,BROKEN_PATCH,1,1,0.794
E_00267,BUS_002,PASS_01_002_02,SEG_123,2026-09-18T09:10:03.100000,2026-09-18T09:10:07,2026-09-18T09:10:10.900000,9.859435692070587,76.23284863559826,ROUGHNESS,1,1,0.711
E_00268,BUS_002,PASS_01_002_02,SEG_124,2026-09-18T09:10:04.900000,2026-09-18T09:10:08.800000,2026-09-18T09:10:12.700000,9.858347461214604,76.23208286894034,ROUGHNESS,2,1,0.757
E_00269,BUS_002,PASS_01_002_02,SEG_125,2026-09-18T09:10:04.300000,2026-09-18T09:10:08.200000,2026-09-18T09:10:12.100000,9.857542679985452,76.23141390665559,ROUGHNESS,5,1,0.906
E_00270,BUS_002,PASS_01_002_02,SEG_128,2026-09-18T09:10:07.600000,2026-09-18T09:10:09,2026-09-18T09:10:10.400000,9.855261293075602,76.22894810351174,BROKEN_PATCH,2,1,0.727
E_00271,BUS_002,PASS_01_002_02,SEG_132,2026-09-18T09:10:09.300000,2026-09-18T09:10:10.700000,2026-09-18T09:10:12.100000,9.853386942058867,76.22486447210427,BROKEN_PATCH,4,1,0.889
E_00272,BUS_002,PASS_01_002_02,SEG_133,2026-09-18T09:10:05.300000,2026-09-18T09:10:06.700000,2026-09-18T09:10:08.100000,9.853235194633971,76.22439087802326,BROKEN_PATCH,4,1,0.834
E_00273,BUS_002,PASS_01_002_02,SEG_136,2026-09-18T09:10:07.100000,2026-09-18T09:10:08.400000,2026-09-18T09:10:09.700000,9.852120232990423,76.22133290599236,BROKEN_PATCH,2,1,0.776
E_00274,BUS_002,PASS_01_002_02,SEG_137,2026-09-18T09:10:08.300000,2026-09-18T09:10:09.700000,2026-09-18T09:10:11.100000,9.851611444126066,76.22010530307952,BROKEN_PATCH,4,1,0.97
E_00275,BUS_002,PASS_01_002_02,SEG_139,2026-09-18T09:10:07.800000,2026-09-18T09:10:09,2026-09-18T09:10:10.200000,9.850900899779914,76.21805884102884,BROKEN_PATCH,2,1,0.81
E_00276,BUS_002,PASS_01_002_02,SEG_141,2026-09-18T09:10:08,2026-09-18T09:10:09.300000,2026-09-18T09:10:10.600000,9.850341960946546,76.21612836979972,BROKEN_PATCH,5,1,0.969
E_00277,BUS_002,PASS_01_002_02,SEG_144,2026-09-18T09:10:06.300000,2026-09-18T09:10:07.400000,2026-09-18T09:10:08.500000,9.849738347164598,76.21336849338658,BROKEN_PATCH,2,1,0.833
E_00278,BUS_002,PASS_01_002_02,SEG_145,2026-09-18T09:10:08.800000,2026-09-18T09:10:10.200000,2026-09-18T09:10:11.600000,9.84978072300503,76.2121794818867,BROKEN_PATCH,1,1,0.767
E_00279,BUS_002,PASS_01_002_02,SEG_147,2026-09-18T09:10:06.700000,2026-09-18T09:10:07.300000,2026-09-18T09:10:07.900000,9.849697940585228,76.20930617346255,SPEED_BREAKER,5,1,0.902
E_00280,BUS_002,PASS_01_002_02,SEG_148,2026-09-18T09:10:09,2026-09-18T09:10:09.500000,2026-09-18T09:10:10,9.849543009222893,76.2079131986821,SPEED_BREAKER,5,1,0.948
E_00281,BUS_002,PASS_01_002_02,SEG_149,2026-09-18T09:10:10.200000,2026-09-18T09:10:10.800000,2026-09-18T09:10:11.400000,9.849942367825747,76.20713876553296,SPEED_BREAKER,4,1,0.906
E_00282,BUS_002,PASS_01_002_02,SEG_150,2026-09-18T09:10:10.200000,2026-09-18T09:10:10.800000,2026-09-18T09:10:11.400000,9.85068309271267,76.20625725527107,SPEED_BREAKER,3,1,0.913
E_00283,BUS_002,PASS_01_002_02,SEG_154,2026-09-18T09:10:10.300000,2026-09-18T09:10:10.900000,2026-09-18T09:10:11.500000,9.853752690288426,76.20315533501737,SPEED_BREAKER,5,1,0.915
E_00284,BUS_002,PASS_01_002_02,SEG_157,2026-09-18T09:10:07.300000,2026-09-18T09:10:07.900000,2026-09-18T09:10:08.500000,9.856556218913838,76.20092909264837,SPEED_BREAKER,3,1,0.837
E_00285,BUS_003,PASS_01_003_01,SEG_024,2026-09-18T06:51:04,2026-09-18T06:51:04.500000,2026-09-18T06:51:05,9.945825076721524,76.27914096079334,SPEED_BREAKER,5,1,0.907
E_00286,BUS_003,PASS_01_003_01,SEG_025,2026-09-18T06:51:02.200000,2026-09-18T06:51:02.700000,2026-09-18T06:51:03.200000,9.945501184344149,76.27849351722816,SPEED_BREAKER,5,1,0.912
E_00287,BUS_003,PASS_01_003_01,SEG_028,2026-09-18T06:51:05.500000,2026-09-18T06:51:06,2026-09-18T06:51:06.500000,9.944048018597199,76.27544447192844,SPEED_BREAKER,1,1,0.719
E_00288,BUS_003,PASS_01_003_01,SEG_029,2026-09-18T06:51:02.800000,2026-09-18T06:51:03.300000,2026-09-18T06:51:03.800000,9.943486955979548,76.2744812432947,SPEED_BREAKER,5,1,0.956
E_00289,BUS_003,PASS_01_003_01,SEG_035,2026-09-18T06:51:04.600000,2026-09-18T06:51:05.100000,2026-09-18T06:51:05.600000,9.938330807714038,76.26942129810881,SPEED_BREAKER,5,1,0.945
E_00290,BUS_003,PASS_01_003_01,SEG_036,2026-09-18T06:51:03.500000,2026-09-18T06:51:04,2026-09-18T06:51:04.500000,9.937589790807648,76.2686874732684,POTHOLE,3,1,0.835
E_00291,BUS_003,PASS_01_003_01,SEG_037,2026-09-18T06:51:03.200000,2026-09-18T06:51:03.700000,2026-09-18T06:51:04.200000,9.936761999466047,76.26806668629312,POTHOLE,4,1,0.935
E_00292,BUS_003,PASS_01_003_01,SEG_038,2026-09-18T06:51:03.500000,2026-09-18T06:51:04,2026-09-18T06:51:04.500000,9.936170478488943,76.26727882326001,POTHOLE,3,1,0.853
E_00293,BUS_003,PASS_01_003_01,SEG_039,2026-09-18T06:51:03.800000,2026-09-18T06:51:04.300000,2026-09-18T06:51:04.800000,9.936102630399175,76.26604950401638,POTHOLE,1,1,0.768
E_00294,BUS_003,PASS_01_003_01,SEG_041,2026-09-18T06:51:05.300000,2026-09-18T06:51:05.800000,2026-09-18T06:51:06.300000,9.935690728572455,76.26345833781359,POTHOLE,2,1,0.785
E_00295,BUS_003,PASS_01_003_01,SEG_043,2026-09-18T06:51:04,2026-09-18T06:51:04.500000,2026-09-18T06:51:05,9.93506915902355,76.26135240712705,POTHOLE,3,1,0.89
E_00296,BUS_003,PASS_01_003_01,SEG_044,2026-09-18T06:51:02.100000,2026-09-18T06:51:02.600000,2026-09-18T06:51:03.100000,9.934850055736044,76.26017341224579,POTHOLE,5,1,0.955
E_00297,BUS_003,PASS_01_003_01,SEG_046,2026-09-18T06:51:05.800000,2026-09-18T06:51:06.300000,2026-09-18T06:51:06.800000,9.934294238139076,76.25843475796222,POTHOLE,2,1,0.801
E_00298,BUS_003,PASS_01_003_01,SEG_048,2026-09-18T06:51:03.900000,2026-09-18T06:51:06.700000,2026-09-18T06:51:09.500000,9.933791180745965,76.25618161241856,ROUGHNESS,2,1,0.76
E_00299,BUS_003,PASS_01_003_01,SEG_049,2026-09-18T06:51:01.700000,2026-09-18T06:51:04,2026-09-18T06:51:06.300000,9.933471457919017,76.25526485079335,ROUGHNESS,4,1,0.932
E_00300,BUS_003,PASS_01_003_01,SEG_050,2026-09-18T06:51:04.200000,2026-09-18T06:51:08.100000,2026-09-18T06:51:12,9.932908878761802,76.25426206955522,ROUGHNESS,4,1,0.853
E_00301,BUS_003,PASS_01_003_01,SEG_053,2026-09-18T06:51:05.500000,2026-09-18T06:51:08.800000,2026-09-18T06:51:12.100000,9.931163916480095,76.25071013256316,ROUGHNESS,1,1,0.773
E_00302,BUS_003,PASS_01_003_01,SEG_054,2026-09-18T06:51:07,2026-09-18T06:51:07.100000,2026-09-18T06:51:07.200000,9.930720077597996,76.24976673562172,POTHOLE,3,1,0.836
E_00303,BUS_003,PASS_01_003_01,SEG_054,2026-09-18T06:51:02.100000,2026-09-18T06:51:04.500000,2026-09-18T06:51:06.900000,9.93069466559152,76.24998228537844,ROUGHNESS,3,1,0.847
E_00304,BUS_003,PASS_01_003_01,SEG_057,2026-09-18T06:51:06.300000,2026-09-18T06:51:06.800000,2026-09-18T06:51:07.300000,9.929131914119202,76.24735134153396,POTHOLE,1,1,0.744
E_00305,BUS_003,PASS_01_003_01,SEG_058,2026-09-18T06:51:04.700000,2026-09-18T06:51:08.600000,2026-09-18T06:51:12.500000,9.928401041257244,76.24642527469913,ROUGHNESS,2,1,0.849
E_00306,BUS_003,PASS_01_003_01,SEG_059,2026-09-18T06:51:05.700000,2026-09-18T06:51:09.200000,2026-09-18T06:51:12.700000,9.927408435237407,76.24551000596557,ROUGHNESS,4,1,0.951
E_00307,BUS_003,PASS_01_003_01,SEG_060,2026-09-18T06:51:07,2026-09-18T06:51:07.500000,2026-09-18T06:51:08,9.9265569274726,76.2447796210415,POTHOLE,4,1,0.917
E_00308,BUS_003,PASS_01_003_01,SEG_061,2026-09-18T06:51:07.200000,2026-09-18T06:51:07.700000,2026-09-18T06:51:08.200000,9.925573777186393,76.24402631196745,POTHOLE,1,1,0.794
E_00309,BUS_003,PASS_01_003_01,SEG_062,2026-09-18T06:51:03.800000,2026-09-18T06:51:04.300000,2026-09-18T06:51:04.800000,9.92512631672526,76.24357540892805,POTHOLE,4,1,0.902
E_00310,BUS_003,PASS_01_003_01,SEG_063,2026-09-18T06:51:09,2026-09-18T06:51:09.500000,2026-09-18T06:51:10,9.924322663504515,76.2428806329863,POTHOLE,2,1,0.788
E_00311,BUS_003,PASS_01_003_01,SEG_064,2026-09-18T06:51:06.500000,2026-09-18T06:51:07,2026-09-18T06:51:07.500000,9.923731059679096,76.24214257890634,POTHOLE,1,1,0.762
E_00312,BUS_003,PASS_01_003_01,SEG_065,2026-09-18T06:51:08.100000,2026-09-18T06:51:08.600000,2026-09-18T06:51:09.100000,9.923083917118383,76.24142297428408,POTHOLE,2,1,0.759
E_00313,BUS_003,PASS_01_003_01,SEG_065,2026-09-18T06:51:04.200000,2026-09-18T06:51:05.200000,2026-09-18T06:51:06.200000,9.923173328265536,76.24155327146426,BROKEN_PATCH,3,1,0.848
E_00314,BUS_003,PASS_01_003_01,SEG_067,2026-09-18T06:51:10.100000,2026-09-18T06:51:10.600000,2026-09-18T06:51:11.100000,9.921215470022085,76.24006809172863,POTHOLE,4,1,0.865
E_00315,BUS_003,PASS_01_003_01,SEG_070,2026-09-18T06:51:10.100000,2026-09-18T06:51:10.600000,2026-09-18T06:51:11.100000,9.917313694815842,76.23831219555619,POTHOLE,3,1,0.818
E_00316,BUS_003,PASS_01_003_01,SEG_076,2026-09-18T06:51:06.500000,2026-09-18T06:51:07.500000,2026-09-18T06:51:08.500000,9.911103233259684,76.23525878609932,BROKEN_PATCH,5,1,0.97
E_00317,BUS_003,PASS_01_003_01,SEG_078,2026-09-18T06:51:06.400000,2026-09-18T06:51:07.600000,2026-09-18T06:51:08.800000,9.909435920206208,76.23591680915939,BROKEN_PATCH,2,1,0.819
E_00318,BUS_003,PASS_01_003_01,SEG_081,2026-09-18T06:51:06.500000,2026-09-18T06:51:07.600000,2026-09-18T06:51:08.700000,9.906425223588286,76.23661894409828,BROKEN_PATCH,5,1,0.923
E_00319,BUS_003,PASS_01_003_01,SEG_089,2026-09-18T06:51:06.900000,2026-09-18T06:51:07.500000,2026-09-18T06:51:08.100000,9.89781319980137,76.23817671755796,SPEED_BREAKER,2,1,0.745
E_00320,BUS_003,PASS_01_003_01,SEG_093,2026-09-18T06:51:06.400000,2026-09-18T06:51:07,2026-09-18T06:51:07.600000,9.89227704316075,76.23868794930587,SPEED_BREAKER,1,1,0.732
E_00321,BUS_003,PASS_01_003_01,SEG_098,2026-09-18T06:51:07.900000,2026-09-18T06:51:08.500000,2026-09-18T06:51:09.100000,9.886338545671627,76.23847080718383,SPEED_BREAKER,3,1,0.81
E_00322,BUS_003,PASS_01_003_01,SEG_100,2026-09-18T06:51:10.800000,2026-09-18T06:51:11.400000,2026-09-18T06:51:12,9.883614187684032,76.23839433354624,SPEED_BREAKER,4,1,0.939
E_00323,BUS_003,PASS_01_003_01,SEG_101,2026-09-18T06:51:10.500000,2026-09-18T06:51:11.100000,2026-09-18T06:51:11.700000,9.88239124313136,76.2383466007464,SPEED_BREAKER,5,1,0.905
E_00324,BUS_003,PASS_01_003_01,SEG_104,2026-09-18T06:51:07.300000,2026-09-18T06:51:07.900000,2026-09-18T06:51:08.500000,9.87945359448047,76.23844008844716,SPEED_BREAKER,4,1,0.904
E_00325,BUS_003,PASS_01_003_01,SEG_106,2026-09-18T06:51:03.400000,2026-09-18T06:51:07.300000,2026-09-18T06:51:11.200000,9.876856366839423,76.23910738255482,ROUGHNESS,3,1,0.927
E_00326,BUS_003,PASS_01_003_01,SEG_108,2026-09-18T06:51:10.800000,2026-09-18T06:51:11.300000,2026-09-18T06:51:11.800000,9.874211819812144,76.23996212720944,POTHOLE,3,1,0.844
E_00327,BUS_003,PASS_01_003_01,SEG_109,2026-09-18T06:51:04.700000,2026-09-18T06:51:08.600000,2026-09-18T06:51:12.500000,9.873438224388272,76.24024772679675,ROUGHNESS,3,1,0.804
E_00328,BUS_003,PASS_01_003_01,SEG_110,2026-09-18T06:51:05.900000,2026-09-18T06:51:06.400000,2026-09-18T06:51:06.900000,9.872481218433396,76.2405072740248,POTHOLE,5,1,0.97
E_00329,BUS_003,PASS_01_003_01,SEG_111,2026-09-18T06:51:07.900000,2026-09-18T06:51:08.400000,2026-09-18T06:51:08.900000,9.870951497372786,76.24082367377649,POTHOLE,2,1,0.811
E_00330,BUS_003,PASS_01_003_01,SEG_112,2026-09-18T06:51:05.900000,2026-09-18T06:51:09.100000,2026-09-18T06:51:12.300000,9.869673899860821,76.24071901910334,ROUGHNESS,2,1,0.756
E_00331,BUS_003,PASS_01_003_01,SEG_114,2026-09-18T06:51:04.500000,2026-09-18T06:51:07.900000,2026-09-18T06:51:11.300000,9.867986472248955,76.23959955572255,ROUGHNESS,3,1,0.821
E_00332,BUS_003,PASS_01_003_01,SEG_116,2026-09-18T06:51:02.700000,2026-09-18T06:51:06.600000,2026-09-18T06:51:10.500000,9.865835252919098,76.23827988197142,ROUGHNESS,4,1,0.864
E_00333,BUS_003,PASS_01_003_01,SEG_117,2026-09-18T06:51:09.700000,2026-09-18T06:51:10.200000,2026-09-18T06:51:10.700000,9.864542293036957,76.2371179199117,POTHOLE,5,1,0.97
E_00334,BUS_003,PASS_01_003_01,SEG_118,2026-09-18T06:51:07.500000,2026-09-18T06:51:08,2026-09-18T06:51:08.500000,9.863699033933754,76.23653491509627,POTHOLE,2,1,0.827
E_00335,BUS_003,PASS_01_003_01,SEG_119,2026-09-18T06:51:07.500000,2026-09-18T06:51:11.400000,2026-09-18T06:51:15.300000,9.862928313418122,76.23568164825139,ROUGHNESS,4,1,0.899
E_00336,BUS_003,PASS_01_003_01,SEG_121,2026-09-18T06:51:10.100000,2026-09-18T06:51:11.500000,2026-09-18T06:51:12.900000,9.8610140736332,76.23413598934758,BROKEN_PATCH,2,1,0.8
E_00337,BUS_003,PASS_01_003_01,SEG_122,2026-09-18T06:51:07.600000,2026-09-18T06:51:08.100000,2026-09-18T06:51:08.500000,9.860274791656618,76.23361591301303,POTHOLE,5,1,0.97
E_00338,BUS_003,PASS_01_003_01,SEG_122,2026-09-18T06:51:04.900000,2026-09-18T06:51:06.200000,2026-09-18T06:51:07.500000,9.8602981907251,76.23378111566197,BROKEN_PATCH,1,1,0.71
E_00339,BUS_003,PASS_01_003_01,SEG_123,2026-09-18T06:51:06.400000,2026-09-18T06:51:06.800000,2026-09-18T06:51:07.100000,9.859477736196006,76.23284157343419,BROKEN_PATCH,3,1,0.848
E_00340,BUS_003,PASS_01_003_01,SEG_123,2026-09-18T06:51:07.200000,2026-09-18T06:51:11.100000,2026-09-18T06:51:15,9.859367507941629,76.23275374311442,ROUGHNESS,2,1,0.789
E_00341,BUS_003,PASS_01_003_01,SEG_125,2026-09-18T06:51:03.200000,2026-09-18T06:51:06.400000,2026-09-18T06:51:09.600000,9.85757591466499,76.23148873921464,ROUGHNESS,4,1,0.921
E_00342,BUS_003,PASS_01_003_01,SEG_128,2026-09-18T06:51:06.700000,2026-09-18T06:51:07.700000,2026-09-18T06:51:08.700000,9.855265107304342,76.22906070932152,BROKEN_PATCH,2,1,0.819
E_00343,BUS_003,PASS_01_003_01,SEG_132,2026-09-18T06:51:07.100000,2026-09-18T06:51:08,2026-09-18T06:51:08.900000,9.853391111636984,76.22491529579597,BROKEN_PATCH,4,1,0.933
E_00344,BUS_003,PASS_01_003_01,SEG_133,2026-09-18T06:51:03.900000,2026-09-18T06:51:04.800000,2026-09-18T06:51:05.700000,9.853064948554161,76.22420551290512,BROKEN_PATCH,4,1,0.936
E_00345,BUS_003,PASS_01_003_01,SEG_136,2026-09-18T06:51:04.100000,2026-09-18T06:51:05,2026-09-18T06:51:05.900000,9.851988211485152,76.22128636518808,BROKEN_PATCH,1,1,0.791
E_00346,BUS_003,PASS_01_003_01,SEG_137,2026-09-18T06:51:06.100000,2026-09-18T06:51:07.400000,2026-09-18T06:51:08.700000,9.851667701790989,76.22001656045957,BROKEN_PATCH,1,1,0.71
E_00347,BUS_003,PASS_01_003_01,SEG_139,2026-09-18T06:51:03.200000,2026-09-18T06:51:04,2026-09-18T06:51:04.800000,9.850971514863657,76.2180774854859,BROKEN_PATCH,1,1,0.771
E_00348,BUS_003,PASS_01_003_01,SEG_141,2026-09-18T06:51:04.400000,2026-09-18T06:51:05.300000,2026-09-18T06:51:06.200000,9.850374488234067,76.21618843009337,BROKEN_PATCH,4,1,0.897
E_00349,BUS_003,PASS_01_003_01,SEG_143,2026-09-18T06:51:04.800000,2026-09-18T06:51:05.500000,2026-09-18T06:51:06.200000,9.84986476209725,76.21412629155327,BROKEN_PATCH,5,1,0.933
E_00350,BUS_003,PASS_01_003_01,SEG_144,2026-09-18T06:51:03.900000,2026-09-18T06:51:04.600000,2026-09-18T06:51:05.300000,9.849721484612854,76.21343152377952,BROKEN_PATCH,2,1,0.836
E_00351,BUS_003,PASS_01_003_01,SEG_146,2026-09-18T06:51:08.500000,2026-09-18T06:51:09,2026-09-18T06:51:09.500000,9.849697269571589,76.21081532899633,SPEED_BREAKER,1,1,0.76
E_00352,BUS_003,PASS_01_003_01,SEG_148,2026-09-18T06:51:04.800000,2026-09-18T06:51:05.300000,2026-09-18T06:51:05.800000,9.849512052650901,76.20823033064718,SPEED_BREAKER,2,1,0.779
E_00353,BUS_003,PASS_01_003_01,SEG_150,2026-09-18T06:51:06.100000,2026-09-18T06:51:06.600000,2026-09-18T06:51:07.100000,9.850508450916232,76.20652911722037,SPEED_BREAKER,2,1,0.845
E_00354,BUS_003,PASS_01_003_01,SEG_152,2026-09-18T06:51:04.400000,2026-09-18T06:51:04.900000,2026-09-18T06:51:05.400000,9.852280237794988,76.20471213192923,SPEED_BREAKER,2,1,0.763
E_00355,BUS_003,PASS_01_003_01,SEG_154,2026-09-18T06:51:05.100000,2026-09-18T06:51:05.600000,2026-09-18T06:51:06.100000,9.853689318995977,76.20337965309638,SPEED_BREAKER,5,1,0.954
E_00356,BUS_003,PASS_01_003_01,SEG_157,2026-09-18T06:51:09,2026-09-18T06:51:09.600000,2026-09-18T06:51:10.200000,9.85668893392314,76.2008562432351,SPEED_BREAKER,1,1,0.749
E_00357,BUS_003,PASS_01_003_02,SEG_154,2026-09-18T09:21:09.600000,2026-09-18T09:21:10.200000,2026-09-18T09:21:10.800000,9.853759965391284,76.20319643280287,SPEED_BREAKER,4,1,0.905
E_00358,BUS_003,PASS_01_003_02,SEG_150,2026-09-18T09:21:09.800000,2026-09-18T09:21:10.400000,2026-09-18T09:21:11,9.850648204333691,76.20637541710028,SPEED_BREAKER,2,1,0.822
E_00359,BUS_003,PASS_01_003_02,SEG_149,2026-09-18T09:21:07.700000,2026-09-18T09:21:08.300000,2026-09-18T09:21:08.900000,9.849815792942374,76.20738214719132,SPEED_BREAKER,4,1,0.807
E_00360,BUS_003,PASS_01_003_02,SEG_147,2026-09-18T09:21:10.600000,2026-09-18T09:21:11.200000,2026-09-18T09:21:11.800000,9.849545483456444,76.20916809874379,SPEED_BREAKER,2,1,0.822
E_00361,BUS_003,PASS_01_003_02,SEG_146,2026-09-18T09:21:10.200000,2026-09-18T09:21:10.800000,2026-09-18T09:21:11.400000,9.84976034963761,76.21058773502192,SPEED_BREAKER,5,1,0.942
E_00362,BUS_003,PASS_01_003_02,SEG_145,2026-09-18T09:21:06.200000,2026-09-18T09:21:07.600000,2026-09-18T09:21:09,9.849879662278449,76.21246676820745,BROKEN_PATCH,1,1,0.685
E_00363,BUS_003,PASS_01_003_02,SEG_143,2026-09-18T09:21:04.600000,2026-09-18T09:21:05.500000,2026-09-18T09:21:06.400000,9.849892552046766,76.21433611003341,BROKEN_PATCH,3,1,0.82
E_00364,BUS_003,PASS_01_003_02,SEG_141,2026-09-18T09:21:05.800000,2026-09-18T09:21:07,2026-09-18T09:21:08.200000,9.850432020615836,76.21609368054074,BROKEN_PATCH,1,1,0.762
E_00365,BUS_003,PASS_01_003_02,SEG_137,2026-09-18T09:21:09.400000,2026-09-18T09:21:10.800000,2026-09-18T09:21:12.200000,9.851571611517834,76.21988598947236,BROKEN_PATCH,1,1,0.711
E_00366,BUS_003,PASS_01_003_02,SEG_136,2026-09-18T09:21:04.600000,2026-09-18T09:21:05.700000,2026-09-18T09:21:06.800000,9.852069794929392,76.22143900957687,BROKEN_PATCH,2,1,0.756
E_00367,BUS_003,PASS_01_003_02,SEG_132,2026-09-18T09:21:04.700000,2026-09-18T09:21:05.900000,2026-09-18T09:21:07.100000,9.853515440455858,76.22511569179844,BROKEN_PATCH,4,1,0.927
E_00368,BUS_003,PASS_01_003_02,SEG_128,2026-09-18T09:21:07.600000,2026-09-18T09:21:08.800000,2026-09-18T09:21:10,9.855350943051914,76.22910667961578,BROKEN_PATCH,2,1,0.779
E_00369,BUS_003,PASS_01_003_02,SEG_125,2026-09-18T09:21:10.100000,2026-09-18T09:21:10.600000,2026-09-18T09:21:11.100000,9.857483038238446,76.23142697866835,POTHOLE,1,1,0.82
E_00370,BUS_003,PASS_01_003_02,SEG_124,2026-09-18T09:21:02.500000,2026-09-18T09:21:06.400000,2026-09-18T09:21:10.300000,9.858410832308053,76.2322276884718,ROUGHNESS,5,1,0.943
E_00371,BUS_003,PASS_01_003_02,SEG_123,2026-09-18T09:21:05.800000,2026-09-18T09:21:06,2026-09-18T09:21:06.100000,9.859393314347393,76.23303768669837,POTHOLE,4,1,0.925
E_00372,BUS_003,PASS_01_003_02,SEG_123,2026-09-18T09:21:06.200000,2026-09-18T09:21:10.100000,2026-09-18T09:21:14,9.859319547983958,76.23277246086464,ROUGHNESS,5,1,0.929
E_00373,BUS_003,PASS_01_003_02,SEG_122,2026-09-18T09:21:07.800000,2026-09-18T09:21:09.200000,2026-09-18T09:21:10.600000,9.860316624064273,76.23365898377958,BROKEN_PATCH,2,1,0.756
E_00374,BUS_003,PASS_01_003_02,SEG_121,2026-09-18T09:21:04.600000,2026-09-18T09:21:08.500000,2026-09-18T09:21:12.400000,9.861265924861721,76.23427533036633,ROUGHNESS,5,1,0.946
E_00375,BUS_003,PASS_01_003_02,SEG_119,2026-09-18T09:21:04.700000,2026-09-18T09:21:08.600000,2026-09-18T09:21:12.500000,9.86318992076291,76.2358262911297,ROUGHNESS,2,1,0.765
E_00376,BUS_003,PASS_01_003_02,SEG_118,2026-09-18T09:21:06,2026-09-18T09:21:06.500000,2026-09-18T09:21:07,9.863903744600359,76.23665516529442,POTHOLE,1,1,0.794
E_00377,BUS_003,PASS_01_003_02,SEG_117,2026-09-18T09:21:09.600000,2026-09-18T09:21:10.100000,2026-09-18T09:21:10.600000,9.8645593374413,76.23717987056524,POTHOLE,1,1,0.707
E_00378,BUS_003,PASS_01_003_02,SEG_116,2026-09-18T09:21:04,2026-09-18T09:21:07.900000,2026-09-18T09:21:11.800000,9.865507488176531,76.2381570299108,ROUGHNESS,1,1,0.737
E_00379,BUS_003,PASS_01_003_02,SEG_115,2026-09-18T09:21:05.900000,2026-09-18T09:21:09.800000,2026-09-18T09:21:13.700000,9.866898911368745,76.23893627345012,ROUGHNESS,5,1,0.926
E_00380,BUS_003,PASS_01_003_02,SEG_114,2026-09-18T09:21:07.100000,2026-09-18T09:21:10.800000,2026-09-18T09:21:14.500000,9.867937208409318,76.2395382221551,ROUGHNESS,5,1,0.948
E_00381,BUS_003,PASS_01_003_02,SEG_113,2026-09-18T09:21:10.600000,2026-09-18T09:21:11.100000,2026-09-18T09:21:11.600000,9.868896867046391,76.24003494232224,POTHOLE,4,1,0.914
E_00382,BUS_003,PASS_01_003_02,SEG_112,2026-09-18T09:21:04.900000,2026-09-18T09:21:08.300000,2026-09-18T09:21:11.700000,9.869852739678242,76.24075082690531,ROUGHNESS,1,1,0.701
E_00383,BUS_003,PASS_01_003_02,SEG_111,2026-09-18T09:21:06.700000,2026-09-18T09:21:07.200000,2026-09-18T09:21:07.700000,9.871095585319269,76.24099062876122,POTHOLE,5,1,0.93
E_00384,BUS_003,PASS_01_003_02,SEG_110,2026-09-18T09:21:09,2026-09-18T09:21:09.500000,2026-09-18T09:21:10,9.872229148638384,76.2404506508711,POTHOLE,5,1,0.888
E_00385,BUS_003,PASS_01_003_02,SEG_109,2026-09-18T09:21:07.100000,2026-09-18T09:21:07.600000,2026-09-18T09:21:08.100000,9.873451621695793,76.2401338001204,POTHOLE,5,1,0.916
E_00386,BUS_003,PASS_01_003_02,SEG_107,2026-09-18T09:21:06.600000,2026-09-18T09:21:10.500000,2026-09-18T09:21:14.400000,9.875334324140315,76.23972591450213,ROUGHNESS,3,1,0.863
E_00387,BUS_003,PASS_01_003_02,SEG_105,2026-09-18T09:21:08.600000,2026-09-18T09:21:09.200000,2026-09-18T09:21:09.800000,9.878042565966512,76.23869618545775,SPEED_BREAKER,1,1,0.756
E_00388,BUS_003,PASS_01_003_02,SEG_104,2026-09-18T09:21:08.500000,2026-09-18T09:21:09.100000,2026-09-18T09:21:09.700000,9.879258382976023,76.23836845729811,SPEED_BREAKER,2,1,0.794
E_00389,BUS_003,PASS_01_003_02,SEG_101,2026-09-18T09:21:04.400000,2026-09-18T09:21:08.300000,2026-09-18T09:21:12.200000,9.88263978842321,76.2384474074029,ROUGHNESS,3,1,0.838
E_00390,BUS_003,PASS_01_003_02,SEG_100,2026-09-18T09:21:06.900000,2026-09-18T09:21:07.500000,2026-09-18T09:21:08.100000,9.883847623195884,76.23836309684239,SPEED_BREAKER,5,1,0.97
E_00391,BUS_003,PASS_01_003_02,SEG_098,2026-09-18T09:21:09.300000,2026-09-18T09:21:09.900000,2026-09-18T09:21:10.500000,9.886150641720079,76.23846645915796,SPEED_BREAKER,1,1,0.739
E_00392,BUS_003,PASS_01_003_02,SEG_095,2026-09-18T09:21:09.300000,2026-09-18T09:21:09.900000,2026-09-18T09:21:10.500000,9.88941965844096,76.23852009487165,SPEED_BREAKER,5,1,0.92
E_00393,BUS_003,PASS_01_003_02,SEG_094,2026-09-18T09:21:06.200000,2026-09-18T09:21:06.800000,2026-09-18T09:21:07.400000,9.89105285977424,76.23863340706475,SPEED_BREAKER,3,1,0.829
E_00394,BUS_003,PASS_01_003_02,SEG_093,2026-09-18T09:21:06.200000,2026-09-18T09:21:06.800000,2026-09-18T09:21:07.400000,9.892320923384714,76.23866455104125,SPEED_BREAKER,2,1,0.776
E_00395,BUS_003,PASS_01_003_02,SEG_089,2026-09-18T09:21:11,2026-09-18T09:21:11.600000,2026-09-18T09:21:12.200000,9.89728693728255,76.23825382307925,SPEED_BREAKER,4,1,0.917
E_00396,BUS_003,PASS_01_003_02,SEG_081,2026-09-18T09:21:05.100000,2026-09-18T09:21:06.100000,2026-09-18T09:21:07.100000,9.90636503015859,76.2366194097123,BROKEN_PATCH,1,1,0.725
E_00397,BUS_003,PASS_01_003_02,SEG_078,2026-09-18T09:21:07,2026-09-18T09:21:08,2026-09-18T09:21:09,9.909362219105121,76.23578913160266,BROKEN_PATCH,2,1,0.767
E_00398,BUS_003,PASS_01_003_02,SEG_076,2026-09-18T09:21:05.800000,2026-09-18T09:21:06.700000,2026-09-18T09:21:07.600000,9.911224829724446,76.23518911819622,BROKEN_PATCH,2,1,0.827
E_00399,BUS_003,PASS_01_003_02,SEG_074,2026-09-18T09:21:07.600000,2026-09-18T09:21:08.800000,2026-09-18T09:21:10,9.91355761229648,76.23533789865226,BROKEN_PATCH,2,1,0.829
E_00400,BUS_003,PASS_01_003_02,SEG_071,2026-09-18T09:21:08.700000,2026-09-18T09:21:10.100000,2026-09-18T09:21:11.500000,9.916201929508711,76.23748963184563,BROKEN_PATCH,4,1,0.97
E_00401,BUS_003,PASS_01_003_02,SEG_070,2026-09-18T09:21:07,2026-09-18T09:21:07.500000,2026-09-18T09:21:08,9.917412033035832,76.2383862168086,POTHOLE,3,1,0.797
E_00402,BUS_003,PASS_01_003_02,SEG_068,2026-09-18T09:21:08.200000,2026-09-18T09:21:08.700000,2026-09-18T09:21:09.200000,9.919990215629243,76.23947829933557,POTHOLE,3,1,0.88
E_00403,BUS_003,PASS_01_003_02,SEG_067,2026-09-18T09:21:07.900000,2026-09-18T09:21:08.400000,2026-09-18T09:21:08.900000,9.921335255197526,76.24002178407102,POTHOLE,5,1,0.959
E_00404,BUS_003,PASS_01_003_02,SEG_065,2026-09-18T09:21:06.700000,2026-09-18T09:21:07.200000,2026-09-18T09:21:07.700000,9.923071134158892,76.2414388652366,POTHOLE,4,1,0.929
E_00405,BUS_003,PASS_01_003_02,SEG_065,2026-09-18T09:21:04.500000,2026-09-18T09:21:05.500000,2026-09-18T09:21:06.500000,9.9232767412266,76.24147316361675,BROKEN_PATCH,5,1,0.934
E_00406,BUS_003,PASS_01_003_02,SEG_064,2026-09-18T09:21:07.200000,2026-09-18T09:21:07.700000,2026-09-18T09:21:08.200000,9.92369906641547,76.2420780714659,POTHOLE,5,1,0.97
E_00407,BUS_003,PASS_01_003_02,SEG_063,2026-09-18T09:21:03.900000,2026-09-18T09:21:07.100000,2026-09-18T09:21:10.300000,9.92436834366877,76.24301572881302,ROUGHNESS,2,1,0.837
E_00408,BUS_003,PASS_01_003_02,SEG_062,2026-09-18T09:21:04.900000,2026-09-18T09:21:05.400000,2026-09-18T09:21:05.900000,9.925139536146496,76.24359056719332,POTHOLE,4,1,0.931
E_00409,BUS_003,PASS_01_003_02,SEG_061,2026-09-18T09:21:03.600000,2026-09-18T09:21:04.100000,2026-09-18T09:21:04.600000,9.925738942947724,76.24420310188903,POTHOLE,2,1,0.784
E_00410,BUS_003,PASS_01_003_02,SEG_059,2026-09-18T09:21:06.700000,2026-09-18T09:21:10.300000,2026-09-18T09:21:13.900000,9.927121123395008,76.24536544573819,ROUGHNESS,1,1,0.79
E_00411,BUS_003,PASS_01_003_02,SEG_058,2026-09-18T09:21:03.900000,2026-09-18T09:21:07.800000,2026-09-18T09:21:11.700000,9.92852484622933,76.24654384337285,ROUGHNESS,4,1,0.904
E_00412,BUS_003,PASS_01_003_02,SEG_057,2026-09-18T09:21:06.600000,2026-09-18T09:21:07.100000,2026-09-18T09:21:07.600000,9.929094186386434,76.24720869755278,POTHOLE,2,1,0.828
E_00413,BUS_003,PASS_01_003_02,SEG_054,2026-09-18T09:21:03.400000,2026-09-18T09:21:06.200000,2026-09-18T09:21:09,9.930790333427572,76.24991961691265,ROUGHNESS,2,1,0.795
E_00414,BUS_003,PASS_01_003_02,SEG_053,2026-09-18T09:21:05.800000,2026-09-18T09:21:09.600000,2026-09-18T09:21:13.400000,9.931170052683214,76.2508121255217,ROUGHNESS,4,1,0.911
E_00415,BUS_003,PASS_01_003_02,SEG_051,2026-09-18T09:21:07.400000,2026-09-18T09:21:07.900000,2026-09-18T09:21:08.400000,9.932298364225213,76.25298163053269,POTHOLE,1,1,0.737
E_00416,BUS_003,PASS_01_003_02,SEG_049,2026-09-18T09:21:04.500000,2026-09-18T09:21:07.500000,2026-09-18T09:21:10.500000,9.93340170278753,76.25527957178917,ROUGHNESS,1,1,0.769
E_00417,BUS_003,PASS_01_003_02,SEG_048,2026-09-18T09:21:09,2026-09-18T09:21:09.500000,2026-09-18T09:21:10,9.93376390359278,76.25613996606926,POTHOLE,4,1,0.856
E_00418,BUS_003,PASS_01_003_02,SEG_046,2026-09-18T09:21:10.700000,2026-09-18T09:21:11.200000,2026-09-18T09:21:11.700000,9.934195788533563,76.25814282999089,POTHOLE,3,1,0.812
E_00419,BUS_003,PASS_01_003_02,SEG_044,2026-09-18T09:21:04.200000,2026-09-18T09:21:04.700000,2026-09-18T09:21:05.200000,9.934700437213088,76.26022659594112,POTHOLE,5,1,0.958
E_00420,BUS_003,PASS_01_003_02,SEG_043,2026-09-18T09:21:05,2026-09-18T09:21:05.500000,2026-09-18T09:21:06,9.935062560907644,76.26152160339666,POTHOLE,4,1,0.943
E_00421,BUS_003,PASS_01_003_02,SEG_042,2026-09-18T09:21:02.700000,2026-09-18T09:21:03.200000,2026-09-18T09:21:03.700000,9.935463234814218,76.26235614823673,POTHOLE,3,1,0.885
E_00422,BUS_003,PASS_01_003_02,SEG_041,2026-09-18T09:21:08.800000,2026-09-18T09:21:09.300000,2026-09-18T09:21:09.800000,9.935597518489898,76.26334949096257,POTHOLE,1,1,0.74
E_00423,BUS_003,PASS_01_003_02,SEG_040,2026-09-18T09:21:06.200000,2026-09-18T09:21:06.700000,2026-09-18T09:21:07.200000,9.9358226800737,76.26484701420357,POTHOLE,4,1,0.97
E_00424,BUS_003,PASS_01_003_02,SEG_039,2026-09-18T09:21:05,2026-09-18T09:21:05.500000,2026-09-18T09:21:06,9.936085235504335,76.26620445667272,POTHOLE,3,1,0.868
E_00425,BUS_003,PASS_01_003_02,SEG_038,2026-09-18T09:21:05.300000,2026-09-18T09:21:05.800000,2026-09-18T09:21:06.300000,9.936162399751847,76.2672471203039,POTHOLE,4,1,0.884
E_00426,BUS_003,PASS_01_003_02,SEG_037,2026-09-18T09:21:04.800000,2026-09-18T09:21:05.300000,2026-09-18T09:21:05.800000,9.936871100385225,76.26792413900466,POTHOLE,4,1,0.924
E_00427,BUS_003,PASS_01_003_02,SEG_035,2026-09-18T09:21:04.900000,2026-09-18T09:21:05.400000,2026-09-18T09:21:05.900000,9.938402401344101,76.26955511957223,SPEED_BREAKER,5,1,0.956
E_00428,BUS_003,PASS_01_003_02,SEG_033,2026-09-18T09:21:06.800000,2026-09-18T09:21:07.300000,2026-09-18T09:21:07.800000,9.940061495192207,76.27081120503503,SPEED_BREAKER,1,1,0.73
E_00429,BUS_003,PASS_01_003_02,SEG_029,2026-09-18T09:21:05.700000,2026-09-18T09:21:06.200000,2026-09-18T09:21:06.700000,9.943333808569113,76.27429668088737,SPEED_BREAKER,2,1,0.818
E_00430,BUS_003,PASS_01_003_02,SEG_026,2026-09-18T09:21:03.100000,2026-09-18T09:21:03.600000,2026-09-18T09:21:04.100000,9.945084097749653,76.27765878169028,SPEED_BREAKER,2,1,0.786
E_00431,BUS_003,PASS_01_003_02,SEG_025,2026-09-18T09:21:03.400000,2026-09-18T09:21:03.900000,2026-09-18T09:21:04.400000,9.945482801677793,76.27847502528617,SPEED_BREAKER,1,1,0.738
E_00432,BUS_003,PASS_01_003_02,SEG_024,2026-09-18T09:21:03,2026-09-18T09:21:03.500000,2026-09-18T09:21:04,9.945902200350035,76.27943032557322,SPEED_BREAKER,2,1,0.845
E_00433,BUS_003,PASS_01_003_02,SEG_023,2026-09-18T09:21:06.900000,2026-09-18T09:21:07.400000,2026-09-18T09:21:07.900000,9.946570768398399,76.28012700165917,SPEED_BREAKER,4,1,0.886
E_00434,BUS_004,PASS_01_004_01,SEG_154,2026-09-18T06:30:08.700000,2026-09-18T06:30:09.200000,2026-09-18T06:30:09.700000,9.85374465668117,76.20309563369223,SPEED_BREAKER,2,1,0.793
E_00435,BUS_004,PASS_01_004_01,SEG_152,2026-09-18T06:30:03.800000,2026-09-18T06:30:04.300000,2026-09-18T06:30:04.800000,9.852219463191135,76.2048757176685,SPEED_BREAKER,2,1,0.824
E_00436,BUS_004,PASS_01_004_01,SEG_150,2026-09-18T06:30:08.900000,2026-09-18T06:30:09.400000,2026-09-18T06:30:09.900000,9.85058758949747,76.20639757097463,SPEED_BREAKER,2,1,0.777
E_00437,BUS_004,PASS_01_004_01,SEG_149,2026-09-18T06:30:09.800000,2026-09-18T06:30:10.300000,2026-09-18T06:30:10.800000,9.84996777222596,76.20720842141807,SPEED_BREAKER,5,1,0.919
E_00438,BUS_004,PASS_01_004_01,SEG_148,2026-09-18T06:30:07,2026-09-18T06:30:07.500000,2026-09-18T06:30:08,9.849404802338027,76.20794752250612,SPEED_BREAKER,3,1,0.841
E_00439,BUS_004,PASS_01_004_01,SEG_146,2026-09-18T06:30:10.400000,2026-09-18T06:30:11,2026-09-18T06:30:11.600000,9.849601470960483,76.21048109222976,SPEED_BREAKER,5,1,0.942
E_00440,BUS_004,PASS_01_004_01,SEG_145,2026-09-18T06:30:06.700000,2026-09-18T06:30:08.100000,2026-09-18T06:30:09.500000,9.849730212214633,76.21230253509216,BROKEN_PATCH,5,1,0.93
E_00441,BUS_004,PASS_01_004_01,SEG_144,2026-09-18T06:30:04.100000,2026-09-18T06:30:04.900000,2026-09-18T06:30:05.700000,9.849757500625689,76.21359559488678,BROKEN_PATCH,2,1,0.782
E_00442,BUS_004,PASS_01_004_01,SEG_141,2026-09-18T06:30:05.900000,2026-09-18T06:30:07,2026-09-18T06:30:08.100000,9.850329616532093,76.21614678243641,BROKEN_PATCH,3,1,0.864
E_00443,BUS_004,PASS_01_004_01,SEG_139,2026-09-18T06:30:03.700000,2026-09-18T06:30:04.700000,2026-09-18T06:30:05.700000,9.85080560135982,76.21826838475677,BROKEN_PATCH,5,1,0.914
E_00444,BUS_004,PASS_01_004_01,SEG_137,2026-09-18T06:30:05,2026-09-18T06:30:06.400000,2026-09-18T06:30:07.800000,9.851749480140889,76.22028352509132,BROKEN_PATCH,2,1,0.758
E_00445,BUS_004,PASS_01_004_01,SEG_136,2026-09-18T06:30:06.400000,2026-09-18T06:30:07.400000,2026-09-18T06:30:08.400000,9.851996245169428,76.22124546596191,BROKEN_PATCH,4,1,0.962
E_00446,BUS_004,PASS_01_004_01,SEG_133,2026-09-18T06:30:07.800000,2026-09-18T06:30:08.900000,2026-09-18T06:30:10,9.853084016656998,76.22411727728853,BROKEN_PATCH,5,1,0.97
E_00447,BUS_004,PASS_01_004_01,SEG_132,2026-09-18T06:30:04.800000,2026-09-18T06:30:06,2026-09-18T06:30:07.200000,9.853520616793583,76.22509383359855,BROKEN_PATCH,3,1,0.834
E_00448,BUS_004,PASS_01_004_01,SEG_128,2026-09-18T06:30:06.900000,2026-09-18T06:30:08.100000,2026-09-18T06:30:09.300000,9.85545272632509,76.22913599029523,BROKEN_PATCH,5,1,0.915
E_00449,BUS_004,PASS_01_004_01,SEG_125,2026-09-18T06:30:06,2026-09-18T06:30:06.300000,2026-09-18T06:30:06.600000,9.857577184835757,76.23158117960166,POTHOLE,1,1,0.725
E_00450,BUS_004,PASS_01_004_01,SEG_125,2026-09-18T06:30:06.700000,2026-09-18T06:30:10.600000,2026-09-18T06:30:14.500000,9.857406316889147,76.23138877151813,ROUGHNESS,4,1,0.873
E_00451,BUS_004,PASS_01_004_01,SEG_124,2026-09-18T06:30:04.400000,2026-09-18T06:30:08.300000,2026-09-18T06:30:12.200000,9.858369384297566,76.23211113206973,ROUGHNESS,4,1,0.889
E_00452,BUS_004,PASS_01_004_01,SEG_123,2026-09-18T06:30:07.300000,2026-09-18T06:30:11.200000,2026-09-18T06:30:15.100000,9.859232905204134,76.23246629341324,ROUGHNESS,2,1,0.843
E_00453,BUS_004,PASS_01_004_01,SEG_122,2026-09-18T06:30:07.400000,2026-09-18T06:30:08.800000,2026-09-18T06:30:10.200000,9.860221513262648,76.2336797987355,BROKEN_PATCH,5,1,0.955
E_00454,BUS_004,PASS_01_004_01,SEG_121,2026-09-18T06:30:02.400000,2026-09-18T06:30:06.300000,2026-09-18T06:30:10.200000,9.861336240620247,76.23445360490051,ROUGHNESS,5,1,0.959
E_00455,BUS_004,PASS_01_004_01,SEG_119,2026-09-18T06:30:05.500000,2026-09-18T06:30:09.400000,2026-09-18T06:30:13.300000,9.862861460030672,76.23584896924342,ROUGHNESS,5,1,0.97
E_00456,BUS_004,PASS_01_004_01,SEG_117,2026-09-18T06:30:07.800000,2026-09-18T06:30:08.300000,2026-09-18T06:30:08.800000,9.864754236945341,76.23717634794326,POTHOLE,5,1,0.97
E_00457,BUS_004,PASS_01_004_01,SEG_116,2026-09-18T06:30:05.500000,2026-09-18T06:30:09.400000,2026-09-18T06:30:13.300000,9.86560901836889,76.23808737101591,ROUGHNESS,1,1,0.682
E_00458,BUS_004,PASS_01_004_01,SEG_115,2026-09-18T06:30:06.800000,2026-09-18T06:30:10.700000,2026-09-18T06:30:14.600000,9.86679004851105,76.23896454484365,ROUGHNESS,5,1,0.968
E_00459,BUS_004,PASS_01_004_01,SEG_114,2026-09-18T06:30:05.700000,2026-09-18T06:30:09.300000,2026-09-18T06:30:12.900000,9.868066880133387,76.23951218048266,ROUGHNESS,1,1,0.815
E_00460,BUS_004,PASS_01_004_01,SEG_113,2026-09-18T06:30:08.300000,2026-09-18T06:30:08.800000,2026-09-18T06:30:09.300000,9.869079966786266,76.24003831043262,POTHOLE,2,1,0.856
E_00461,BUS_004,PASS_01_004_01,SEG_112,2026-09-18T06:30:08,2026-09-18T06:30:08.500000,2026-09-18T06:30:09,9.869824901231679,76.2407506637974,POTHOLE,3,1,0.822
E_00462,BUS_004,PASS_01_004_01,SEG_111,2026-09-18T06:30:07.500000,2026-09-18T06:30:08,2026-09-18T06:30:08.500000,9.870867946818509,76.24078955260663,POTHOLE,2,1,0.817
E_00463,BUS_004,PASS_01_004_01,SEG_110,2026-09-18T06:30:06.300000,2026-09-18T06:30:06.800000,2026-09-18T06:30:07.300000,9.872325261866523,76.2404415741664,POTHOLE,3,1,0.85
E_00464,BUS_004,PASS_01_004_01,SEG_109,2026-09-18T06:30:06.200000,2026-09-18T06:30:10.100000,2026-09-18T06:30:14,9.873393350994407,76.24023643966098,ROUGHNESS,1,1,0.788
E_00465,BUS_004,PASS_01_004_01,SEG_108,2026-09-18T06:30:06.200000,2026-09-18T06:30:06.700000,2026-09-18T06:30:07.200000,9.874402739584404,76.23994170413955,POTHOLE,3,1,0.816
E_00466,BUS_004,PASS_01_004_01,SEG_107,2026-09-18T06:30:03.100000,2026-09-18T06:30:07,2026-09-18T06:30:10.900000,9.875546729525096,76.23966191073548,ROUGHNESS,1,1,0.798
E_00467,BUS_004,PASS_01_004_01,SEG_106,2026-09-18T06:30:05.400000,2026-09-18T06:30:09.300000,2026-09-18T06:30:13.200000,9.876664755244578,76.2392445671833,ROUGHNESS,5,1,0.97
E_00468,BUS_004,PASS_01_004_01,SEG_101,2026-09-18T06:30:05,2026-09-18T06:30:08.600000,2026-09-18T06:30:12.200000,9.882560217837819,76.23842029442856,ROUGHNESS,3,1,0.771
E_00469,BUS_004,PASS_01_004_01,SEG_098,2026-09-18T06:30:06.400000,2026-09-18T06:30:07,2026-09-18T06:30:07.600000,9.88651576444813,76.23853543096178,SPEED_BREAKER,4,1,0.881
E_00470,BUS_004,PASS_01_004_01,SEG_095,2026-09-18T06:30:09.200000,2026-09-18T06:30:09.800000,2026-09-18T06:30:10.400000,9.889363454152955,76.23855638970763,SPEED_BREAKER,5,1,0.939
E_00471,BUS_004,PASS_01_004_01,SEG_093,2026-09-18T06:30:06.200000,2026-09-18T06:30:06.800000,2026-09-18T06:30:07.400000,9.892256001555424,76.23860464452835,SPEED_BREAKER,5,1,0.921
E_00472,BUS_004,PASS_01_004_01,SEG_087,2026-09-18T06:30:07.500000,2026-09-18T06:30:08,2026-09-18T06:30:08.500000,9.899758646136247,76.23779207669634,SPEED_BREAKER,3,1,0.887
E_00473,BUS_004,PASS_01_004_01,SEG_081,2026-09-18T06:30:04.100000,2026-09-18T06:30:05.200000,2026-09-18T06:30:06.300000,9.906602032442498,76.23662729772131,BROKEN_PATCH,2,1,0.833
E_00474,BUS_004,PASS_01_004_01,SEG_078,2026-09-18T06:30:07.600000,2026-09-18T06:30:08.700000,2026-09-18T06:30:09.800000,9.909378433090044,76.23588869179886,BROKEN_PATCH,5,1,0.893
E_00475,BUS_004,PASS_01_004_01,SEG_076,2026-09-18T06:30:06,2026-09-18T06:30:07,2026-09-18T06:30:08,9.91115789483034,76.23521306829497,BROKEN_PATCH,2,1,0.844
E_00476,BUS_004,PASS_01_004_01,SEG_071,2026-09-18T06:30:05.100000,2026-09-18T06:30:06.500000,2026-09-18T06:30:07.900000,9.916459934865877,76.23775195003492,BROKEN_PATCH,3,1,0.884
E_00477,BUS_004,PASS_01_004_01,SEG_070,2026-09-18T06:30:06.200000,2026-09-18T06:30:06.700000,2026-09-18T06:30:07.200000,9.917414066481182,76.238546855291,POTHOLE,2,1,0.804
E_00478,BUS_004,PASS_01_004_01,SEG_068,2026-09-18T06:30:07.600000,2026-09-18T06:30:08.100000,2026-09-18T06:30:08.600000,9.920076965962053,76.2394465738296,POTHOLE,5,1,0.899
E_00479,BUS_004,PASS_01_004_01,SEG_067,2026-09-18T06:30:06,2026-09-18T06:30:06.500000,2026-09-18T06:30:07,9.921422850770462,76.24014759448927,POTHOLE,4,1,0.898
E_00480,BUS_004,PASS_01_004_01,SEG_063,2026-09-18T06:30:03.800000,2026-09-18T06:30:06.900000,2026-09-18T06:30:10,9.924291309394146,76.24281814460893,ROUGHNESS,1,1,0.744
E_00481,BUS_004,PASS_01_004_01,SEG_062,2026-09-18T06:30:06.600000,2026-09-18T06:30:07.100000,2026-09-18T06:30:07.600000,9.924956131412118,76.24348619683987,POTHOLE,3,1,0.835
E_00482,BUS_004,PASS_01_004_01,SEG_061,2026-09-18T06:30:06.300000,2026-09-18T06:30:06.800000,2026-09-18T06:30:07.300000,9.925555988112146,76.24399401887285,POTHOLE,2,1,0.854
E_00483,BUS_004,PASS_01_004_01,SEG_060,2026-09-18T06:30:05.900000,2026-09-18T06:30:06.400000,2026-09-18T06:30:06.900000,9.92662003576447,76.24494933859702,POTHOLE,5,1,0.933
E_00484,BUS_004,PASS_01_004_01,SEG_060,2026-09-18T06:30:07.400000,2026-09-18T06:30:11.200000,2026-09-18T06:30:15,9.92636923733985,76.24465279026025,ROUGHNESS,5,1,0.96
E_00485,BUS_004,PASS_01_004_01,SEG_059,2026-09-18T06:30:04.600000,2026-09-18T06:30:08,2026-09-18T06:30:11.400000,9.927402995858778,76.2455732396399,ROUGHNESS,3,1,0.873
E_00486,BUS_004,PASS_01_004_01,SEG_058,2026-09-18T06:30:03.500000,2026-09-18T06:30:07.400000,2026-09-18T06:30:11.300000,9.928451982555911,76.24645716890795,ROUGHNESS,4,1,0.843
E_00487,BUS_004,PASS_01_004_01,SEG_057,2026-09-18T06:30:07.700000,2026-09-18T06:30:08.200000,2026-09-18T06:30:08.700000,9.929084008380903,76.24720181697664,POTHOLE,1,1,0.72
E_00488,BUS_004,PASS_01_004_01,SEG_053,2026-09-18T06:30:05.700000,2026-09-18T06:30:09.400000,2026-09-18T06:30:13.100000,9.931052922676498,76.25075546962493,ROUGHNESS,2,1,0.8
E_00489,BUS_004,PASS_01_004_01,SEG_051,2026-09-18T06:30:07.100000,2026-09-18T06:30:07.600000,2026-09-18T06:30:08.100000,9.93229366387211,76.25306978626145,POTHOLE,3,1,0.811
E_00490,BUS_004,PASS_01_004_01,SEG_050,2026-09-18T06:30:05.500000,2026-09-18T06:30:09.400000,2026-09-18T06:30:13.300000,9.93291303278493,76.25416483542503,ROUGHNESS,2,1,0.761
E_00491,BUS_004,PASS_01_004_01,SEG_049,2026-09-18T06:30:04.300000,2026-09-18T06:30:07.200000,2026-09-18T06:30:10.100000,9.933547344278685,76.2552018354023,ROUGHNESS,3,1,0.848
E_00492,BUS_004,PASS_01_004_01,SEG_048,2026-09-18T06:30:06.800000,2026-09-18T06:30:10.400000,2026-09-18T06:30:14,9.93364345915455,76.25618776077296,ROUGHNESS,3,1,0.838
E_00493,BUS_004,PASS_01_004_01,SEG_046,2026-09-18T06:30:09.300000,2026-09-18T06:30:09.800000,2026-09-18T06:30:10.300000,9.93434962098134,76.25811577023424,POTHOLE,4,1,0.909
E_00494,BUS_004,PASS_01_004_01,SEG_043,2026-09-18T06:30:06.200000,2026-09-18T06:30:06.700000,2026-09-18T06:30:07.200000,9.935058563533696,76.26128820548512,POTHOLE,1,1,0.711
E_00495,BUS_004,PASS_01_004_01,SEG_042,2026-09-18T06:30:02.500000,2026-09-18T06:30:03,2026-09-18T06:30:03.500000,9.935411671342864,76.26238652683672,POTHOLE,5,1,0.957
E_00496,BUS_004,PASS_01_004_01,SEG_040,2026-09-18T06:30:04.300000,2026-09-18T06:30:04.800000,2026-09-18T06:30:05.300000,9.935876263824817,76.26499509848672,POTHOLE,1,1,0.725
E_00497,BUS_004,PASS_01_004_01,SEG_039,2026-09-18T06:30:04.900000,2026-09-18T06:30:05.400000,2026-09-18T06:30:05.900000,9.935998795902501,76.26615915651008,POTHOLE,3,1,0.859
E_00498,BUS_004,PASS_01_004_01,SEG_038,2026-09-18T06:30:03.400000,2026-09-18T06:30:03.900000,2026-09-18T06:30:04.400000,9.936356008301464,76.26721254846788,POTHOLE,1,1,0.798
E_00499,BUS_004,PASS_01_004_01,SEG_037,2026-09-18T06:30:05.100000,2026-09-18T06:30:05.600000,2026-09-18T06:30:06.100000,9.93680454047655,76.26802533722118,POTHOLE,4,1,0.874
E_00500,BUS_004,PASS_01_004_01,SEG_036,2026-09-18T06:30:04.300000,2026-09-18T06:30:04.800000,2026-09-18T06:30:05.300000,9.937566928403912,76.26873140294244,POTHOLE,4,1,0.899
E_00501,BUS_004,PASS_01_004_01,SEG_035,2026-09-18T06:30:04.500000,2026-09-18T06:30:05,2026-09-18T06:30:05.500000,9.938442736025308,76.26949648014879,SPEED_BREAKER,3,1,0.892
E_00502,BUS_004,PASS_01_004_01,SEG_029,2026-09-18T06:30:04.600000,2026-09-18T06:30:05.100000,2026-09-18T06:30:05.600000,9.943462089637078,76.2743876974112,SPEED_BREAKER,1,1,0.747
E_00503,BUS_004,PASS_01_004_01,SEG_028,2026-09-18T06:30:04.700000,2026-09-18T06:30:05.200000,2026-09-18T06:30:05.700000,9.944246783371744,76.27562800965168,SPEED_BREAKER,5,1,0.958
E_00504,BUS_004,PASS_01_004_01,SEG_026,2026-09-18T06:30:02.500000,2026-09-18T06:30:03,2026-09-18T06:30:03.500000,9.944943181544527,76.27774374351077,SPEED_BREAKER,2,1,0.763
E_00505,BUS_004,PASS_01_004_01,SEG_025,2026-09-18T06:30:04.100000,2026-09-18T06:30:04.600000,2026-09-18T06:30:05.100000,9.9453139887572,76.27845303564709,SPEED_BREAKER,3,1,0.906
E_00506,BUS_004,PASS_01_004_01,SEG_024,2026-09-18T06:30:04.700000,2026-09-18T06:30:05.200000,2026-09-18T06:30:05.700000,9.945861476370661,76.27919609317793,SPEED_BREAKER,4,1,0.875
E_00507,BUS_004,PASS_01_004_01,SEG_023,2026-09-18T06:30:08,2026-09-18T06:30:08.500000,2026-09-18T06:30:09,9.946453809991594,76.28010408564973,SPEED_BREAKER,2,1,0.791
E_00508,BUS_004,PASS_01_004_02,SEG_024,2026-09-18T09:00:04,2026-09-18T09:00:04.500000,2026-09-18T09:00:05,9.94592718115266,76.27931450700135,SPEED_BREAKER,1,1,0.781
E_00509,BUS_004,PASS_01_004_02,SEG_028,2026-09-18T09:00:04.200000,2026-09-18T09:00:04.700000,2026-09-18T09:00:05.200000,9.944095013533033,76.27557828624498,SPEED_BREAKER,4,1,0.864
E_00510,BUS_004,PASS_01_004_02,SEG_029,2026-09-18T09:00:06.100000,2026-09-18T09:00:06.600000,2026-09-18T09:00:07.100000,9.943364464333,76.27426576692984,SPEED_BREAKER,3,1,0.855
E_00511,BUS_004,PASS_01_004_02,SEG_033,2026-09-18T09:00:06.200000,2026-09-18T09:00:06.700000,2026-09-18T09:00:07.200000,9.939950857135939,76.27082834391167,SPEED_BREAKER,4,1,0.939
E_00512,BUS_004,PASS_01_004_02,SEG_035,2026-09-18T09:00:06.100000,2026-09-18T09:00:06.600000,2026-09-18T09:00:07.100000,9.93823823004846,76.26943943003445,SPEED_BREAKER,2,1,0.828
E_00513,BUS_004,PASS_01_004_02,SEG_036,2026-09-18T09:00:03.600000,2026-09-18T09:00:04.100000,2026-09-18T09:00:04.600000,9.937673766215886,76.26879869725883,POTHOLE,3,1,0.85
E_00514,BUS_004,PASS_01_004_02,SEG_038,2026-09-18T09:00:04.200000,2026-09-18T09:00:04.700000,2026-09-18T09:00:05.200000,9.936327386428099,76.26723894605756,POTHOLE,2,1,0.829
E_00515,BUS_004,PASS_01_004_02,SEG_039,2026-09-18T09:00:03.700000,2026-09-18T09:00:04.200000,2026-09-18T09:00:04.700000,9.936013564755452,76.26637381406323,POTHOLE,1,1,0.775
E_00516,BUS_004,PASS_01_004_02,SEG_043,2026-09-18T09:00:05.200000,2026-09-18T09:00:05.700000,2026-09-18T09:00:06.200000,9.935042920477317,76.26136039511518,POTHOLE,5,1,0.97
E_00517,BUS_004,PASS_01_004_02,SEG_046,2026-09-18T09:00:08.700000,2026-09-18T09:00:09.200000,2026-09-18T09:00:09.700000,9.934268062517061,76.25812595336973,POTHOLE,1,1,0.757
E_00518,BUS_004,PASS_01_004_02,SEG_048,2026-09-18T09:00:02.500000,2026-09-18T09:00:05.600000,2026-09-18T09:00:08.700000,9.9337290051604,76.25623537337557,ROUGHNESS,4,1,0.913
E_00519,BUS_004,PASS_01_004_02,SEG_049,2026-09-18T09:00:04.100000,2026-09-18T09:00:06.600000,2026-09-18T09:00:09.100000,9.933349022363574,76.25532527355183,ROUGHNESS,4,1,0.897
E_00520,BUS_004,PASS_01_004_02,SEG_050,2026-09-18T09:00:06.800000,2026-09-18T09:00:07.100000,2026-09-18T09:00:07.300000,9.932937128526204,76.25432682229261,POTHOLE,5,1,0.929
E_00521,BUS_004,PASS_01_004_02,SEG_050,2026-09-18T09:00:07.400000,2026-09-18T09:00:11.300000,2026-09-18T09:00:15.200000,9.932820370975255,76.25403391417169,ROUGHNESS,5,1,0.953
E_00522,BUS_004,PASS_01_004_02,SEG_053,2026-09-18T09:00:03.400000,2026-09-18T09:00:06.600000,2026-09-18T09:00:09.800000,9.93114652702206,76.25090990314543,ROUGHNESS,1,1,0.68
E_00523,BUS_004,PASS_01_004_02,SEG_054,2026-09-18T09:00:03.400000,2026-09-18T09:00:05.700000,2026-09-18T09:00:08,9.93069034736333,76.2499631142001,ROUGHNESS,4,1,0.815
E_00524,BUS_004,PASS_01_004_02,SEG_057,2026-09-18T09:00:04.300000,2026-09-18T09:00:04.800000,2026-09-18T09:00:05.300000,9.929203010123365,76.24731913856465,POTHOLE,3,1,0.913
E_00525,BUS_004,PASS_01_004_02,SEG_058,2026-09-18T09:00:06.600000,2026-09-18T09:00:10.500000,2026-09-18T09:00:14.400000,9.9282082175347,76.24629043689036,ROUGHNESS,5,1,0.9
E_00526,BUS_004,PASS_01_004_02,SEG_060,2026-09-18T09:00:05.800000,2026-09-18T09:00:06.300000,2026-09-18T09:00:06.800000,9.926512612223918,76.24477822226147,POTHOLE,3,1,0.86
E_00527,BUS_004,PASS_01_004_02,SEG_061,2026-09-18T09:00:05.400000,2026-09-18T09:00:05.900000,2026-09-18T09:00:06.400000,9.925626090913205,76.24407638730709,POTHOLE,3,1,0.832
E_00528,BUS_004,PASS_01_004_02,SEG_062,2026-09-18T09:00:04,2026-09-18T09:00:04.500000,2026-09-18T09:00:05,9.925127716143862,76.24354519543678,POTHOLE,2,1,0.795
E_00529,BUS_004,PASS_01_004_02,SEG_064,2026-09-18T09:00:05.600000,2026-09-18T09:00:06.100000,2026-09-18T09:00:06.600000,9.923732534332656,76.24213394683647,POTHOLE,2,1,0.815
E_00530,BUS_004,PASS_01_004_02,SEG_065,2026-09-18T09:00:04.700000,2026-09-18T09:00:05.200000,2026-09-18T09:00:05.600000,9.92322513523085,76.24153879660642,POTHOLE,4,1,0.856
E_00531,BUS_004,PASS_01_004_02,SEG_065,2026-09-18T09:00:05.700000,2026-09-18T09:00:06.600000,2026-09-18T09:00:07.500000,9.923150343778874,76.24142268653436,BROKEN_PATCH,2,1,0.774
E_00532,BUS_004,PASS_01_004_02,SEG_068,2026-09-18T09:00:09.100000,2026-09-18T09:00:09.600000,2026-09-18T09:00:10.100000,9.920095731723029,76.23940753852396,POTHOLE,4,1,0.917
E_00533,BUS_004,PASS_01_004_02,SEG_070,2026-09-18T09:00:06.200000,2026-09-18T09:00:06.700000,2026-09-18T09:00:07.200000,9.91749338149575,76.23851942853467,POTHOLE,1,1,0.709
E_00534,BUS_004,PASS_01_004_02,SEG_071,2026-09-18T09:00:08.200000,2026-09-18T09:00:09.600000,2026-09-18T09:00:11,9.9162309735504,76.23753197663835,BROKEN_PATCH,1,1,0.787
E_00535,BUS_004,PASS_01_004_02,SEG_074,2026-09-18T09:00:05.300000,2026-09-18T09:00:06.700000,2026-09-18T09:00:08.100000,9.913656504061006,76.23537260919012,BROKEN_PATCH,4,1,0.97
E_00536,BUS_004,PASS_01_004_02,SEG_076,2026-09-18T09:00:05.200000,2026-09-18T09:00:06.300000,2026-09-18T09:00:07.400000,9.911212754084783,76.2351222298092,BROKEN_PATCH,3,1,0.84
E_00537,BUS_004,PASS_01_004_02,SEG_078,2026-09-18T09:00:08.700000,2026-09-18T09:00:10,2026-09-18T09:00:11.300000,9.909291604633724,76.23569994355097,BROKEN_PATCH,2,1,0.761
E_00538,BUS_004,PASS_01_004_02,SEG_081,2026-09-18T09:00:05.800000,2026-09-18T09:00:07.100000,2026-09-18T09:00:08.400000,9.906500358398329,76.2367485514617,BROKEN_PATCH,5,1,0.97
E_00539,BUS_004,PASS_01_004_02,SEG_087,2026-09-18T09:00:05.200000,2026-09-18T09:00:05.700000,2026-09-18T09:00:06.200000,9.900087792953062,76.23777063499175,SPEED_BREAKER,2,1,0.738
E_00540,BUS_004,PASS_01_004_02,SEG_093,2026-09-18T09:00:06,2026-09-18T09:00:06.600000,2026-09-18T09:00:07.200000,9.89222869204656,76.23865183937171,SPEED_BREAKER,2,1,0.854
E_00541,BUS_004,PASS_01_004_02,SEG_098,2026-09-18T09:00:09.300000,2026-09-18T09:00:09.900000,2026-09-18T09:00:10.500000,9.886262047096926,76.23824051425527,SPEED_BREAKER,5,1,0.97
E_00542,BUS_004,PASS_01_004_02,SEG_100,2026-09-18T09:00:07.100000,2026-09-18T09:00:07.700000,2026-09-18T09:00:08.300000,9.883878067842396,76.23836980736212,SPEED_BREAKER,5,1,0.965
E_00543,BUS_004,PASS_01_004_02,SEG_101,2026-09-18T09:00:02.700000,2026-09-18T09:00:06.500000,2026-09-18T09:00:10.300000,9.88271735427945,76.23833956508737,ROUGHNESS,5,1,0.962
E_00544,BUS_004,PASS_01_004_02,SEG_105,2026-09-18T09:00:10.600000,2026-09-18T09:00:11.200000,2026-09-18T09:00:11.800000,9.877907668835862,76.23874715513865,SPEED_BREAKER,1,1,0.792
E_00545,BUS_004,PASS_01_004_02,SEG_106,2026-09-18T09:00:05.600000,2026-09-18T09:00:09.500000,2026-09-18T09:00:13.400000,9.876750143528465,76.23914785884655,ROUGHNESS,3,1,0.774
E_00546,BUS_004,PASS_01_004_02,SEG_107,2026-09-18T09:00:04,2026-09-18T09:00:07.900000,2026-09-18T09:00:11.800000,9.875647147432879,76.23961267932992,ROUGHNESS,3,1,0.812
E_00547,BUS_004,PASS_01_004_02,SEG_108,2026-09-18T09:00:07.900000,2026-09-18T09:00:08.400000,2026-09-18T09:00:08.900000,9.874418766445604,76.24004826699968,POTHOLE,1,1,0.706
E_00548,BUS_004,PASS_01_004_02,SEG_109,2026-09-18T09:00:03.400000,2026-09-18T09:00:07.300000,2026-09-18T09:00:11.200000,9.873520329913609,76.24016470743811,ROUGHNESS,5,1,0.966
E_00549,BUS_004,PASS_01_004_02,SEG_112,2026-09-18T09:00:06.700000,2026-09-18T09:00:07.200000,2026-09-18T09:00:07.700000,9.86983441366293,76.24066946398251,POTHOLE,1,1,0.765
E_00550,BUS_004,PASS_01_004_02,SEG_113,2026-09-18T09:00:07.300000,2026-09-18T09:00:07.800000,2026-09-18T09:00:08.300000,9.869075979383947,76.24017591747136,POTHOLE,5,1,0.932
E_00551,BUS_004,PASS_01_004_02,SEG_114,2026-09-18T09:00:05.400000,2026-09-18T09:00:09.300000,2026-09-18T09:00:13.200000,9.868092811440011,76.23949465526917,ROUGHNESS,4,1,0.934
E_00552,BUS_004,PASS_01_004_02,SEG_115,2026-09-18T09:00:07,2026-09-18T09:00:10.900000,2026-09-18T09:00:14.800000,9.866775941425178,76.23895112296836,ROUGHNESS,3,1,0.819
E_00553,BUS_004,PASS_01_004_02,SEG_116,2026-09-18T09:00:06.500000,2026-09-18T09:00:07,2026-09-18T09:00:07.500000,9.865903797116754,76.23822351302705,POTHOLE,5,1,0.97
E_00554,BUS_004,PASS_01_004_02,SEG_118,2026-09-18T09:00:09.200000,2026-09-18T09:00:09.700000,2026-09-18T09:00:10.200000,9.863828705886965,76.23650321455261,POTHOLE,4,1,0.957
E_00555,BUS_004,PASS_01_004_02,SEG_119,2026-09-18T09:00:02.600000,2026-09-18T09:00:06.500000,2026-09-18T09:00:10.400000,9.86320222798033,76.23597911588773,ROUGHNESS,2,1,0.821
E_00556,BUS_004,PASS_01_004_02,SEG_121,2026-09-18T09:00:10.500000,2026-09-18T09:00:11.300000,2026-09-18T09:00:12,9.861123251336119,76.23428399073306,BROKEN_PATCH,2,1,0.8
E_00557,BUS_004,PASS_01_004_02,SEG_121,2026-09-18T09:00:02.600000,2026-09-18T09:00:06.500000,2026-09-18T09:00:10.400000,9.861357459220718,76.23438083127033,ROUGHNESS,5,1,0.936
E_00558,BUS_004,PASS_01_004_02,SEG_122,2026-09-18T09:00:09.500000,2026-09-18T09:00:09.600000,2026-09-18T09:00:09.700000,9.860282675207435,76.2335560393315,POTHOLE,5,1,0.939
E_00559,BUS_004,PASS_01_004_02,SEG_122,2026-09-18T09:00:06.600000,2026-09-18T09:00:08,2026-09-18T09:00:09.400000,9.860324715237008,76.23359198397982,BROKEN_PATCH,4,1,0.921
E_00560,BUS_004,PASS_01_004_02,SEG_123,2026-09-18T09:00:07.500000,2026-09-18T09:00:07.600000,2026-09-18T09:00:07.600000,9.859451339547608,76.23286699042679,BROKEN_PATCH,3,1,0.82
E_00561,BUS_004,PASS_01_004_02,SEG_123,2026-09-18T09:00:07.700000,2026-09-18T09:00:11.600000,2026-09-18T09:00:15.500000,9.85918377043118,76.23265829295644,ROUGHNESS,5,1,0.932
E_00562,BUS_004,PASS_01_004_02,SEG_124,2026-09-18T09:00:04.200000,2026-09-18T09:00:08.100000,2026-09-18T09:00:12,9.858272327060952,76.23216335475261,ROUGHNESS,5,1,0.883
E_00563,BUS_004,PASS_01_004_02,SEG_125,2026-09-18T09:00:06.800000,2026-09-18T09:00:07.300000,2026-09-18T09:00:07.800000,9.857503237809054,76.23150719131327,POTHOLE,5,1,0.945
E_00564,BUS_004,PASS_01_004_02,SEG_128,2026-09-18T09:00:05,2026-09-18T09:00:06.400000,2026-09-18T09:00:07.800000,9.855324644385616,76.22923441046163,BROKEN_PATCH,1,1,0.731
E_00565,BUS_004,PASS_01_004_02,SEG_133,2026-09-18T09:00:08.900000,2026-09-18T09:00:10.200000,2026-09-18T09:00:11.500000,9.853090097026506,76.22426987177927,BROKEN_PATCH,4,1,0.888
E_00566,BUS_004,PASS_01_004_02,SEG_136,2026-09-18T09:00:06.100000,2026-09-18T09:00:07.300000,2026-09-18T09:00:08.500000,9.851994105355912,76.22137294287472,BROKEN_PATCH,3,1,0.905
E_00567,BUS_004,PASS_01_004_02,SEG_137,2026-09-18T09:00:08,2026-09-18T09:00:09.400000,2026-09-18T09:00:10.800000,9.851600699690119,76.21999842868948,BROKEN_PATCH,4,1,0.959
E_00568,BUS_004,PASS_01_004_02,SEG_139,2026-09-18T09:00:06.100000,2026-09-18T09:00:07.300000,2026-09-18T09:00:08.500000,9.85094932521435,76.21815377173765,BROKEN_PATCH,2,1,0.774
E_00569,BUS_004,PASS_01_004_02,SEG_143,2026-09-18T09:00:05.900000,2026-09-18T09:00:06.800000,2026-09-18T09:00:07.700000,9.850053668712935,76.21414305172428,BROKEN_PATCH,4,1,0.92
E_00570,BUS_004,PASS_01_004_02,SEG_145,2026-09-18T09:00:05.900000,2026-09-18T09:00:07.300000,2026-09-18T09:00:08.700000,9.849706631541187,76.21242679517343,BROKEN_PATCH,5,1,0.917
E_00571,BUS_004,PASS_01_004_02,SEG_146,2026-09-18T09:00:09.800000,2026-09-18T09:00:10.400000,2026-09-18T09:00:11,9.849663685028922,76.21068085437403,SPEED_BREAKER,3,1,0.87
E_00572,BUS_004,PASS_01_004_02,SEG_148,2026-09-18T09:00:06.200000,2026-09-18T09:00:06.700000,2026-09-18T09:00:07.200000,9.849456288856356,76.20827608935501,SPEED_BREAKER,3,1,0.895
E_00573,BUS_004,PASS_01_004_02,SEG_149,2026-09-18T09:00:06.100000,2026-09-18T09:00:06.700000,2026-09-18T09:00:07.300000,9.84975863859131,76.20736970503972,SPEED_BREAKER,4,1,0.863
E_00574,BUS_004,PASS_01_004_02,SEG_152,2026-09-18T09:00:06.700000,2026-09-18T09:00:07.200000,2026-09-18T09:00:07.700000,9.852394037865432,76.20479313883021,SPEED_BREAKER,4,1,0.889
E_00575,BUS_004,PASS_01_004_02,SEG_157,2026-09-18T09:00:07.500000,2026-09-18T09:00:08.100000,2026-09-18T09:00:08.700000,9.856564595652289,76.20094192455797,SPEED_BREAKER,2,1,0.825
E_00576,BUS_005,PASS_01_005_01,SEG_023,2026-09-18T06:40:08.200000,2026-09-18T06:40:08.700000,2026-09-18T06:40:09.200000,9.946536140488371,76.28020984431038,SPEED_BREAKER,4,1,0.884
E_00577,BUS_005,PASS_01_005_01,SEG_025,2026-09-18T06:40:02.500000,2026-09-18T06:40:03,2026-09-18T06:40:03.500000,9.945493491805744,76.27846782829984,SPEED_BREAKER,4,1,0.944
E_00578,BUS_005,PASS_01_005_01,SEG_029,2026-09-18T06:40:04.300000,2026-09-18T06:40:04.800000,2026-09-18T06:40:05.300000,9.943518661740088,76.27445535362729,SPEED_BREAKER,3,1,0.82
E_00579,BUS_005,PASS_01_005_01,SEG_033,2026-09-18T06:40:06.600000,2026-09-18T06:40:07.100000,2026-09-18T06:40:07.600000,9.940065703883809,76.27086901556117,SPEED_BREAKER,2,1,0.825
E_00580,BUS_005,PASS_01_005_01,SEG_035,2026-09-18T06:40:04.100000,2026-09-18T06:40:04.600000,2026-09-18T06:40:05.100000,9.938510874092326,76.26961903260813,SPEED_BREAKER,4,1,0.938
E_00581,BUS_005,PASS_01_005_01,SEG_036,2026-09-18T06:40:04.500000,2026-09-18T06:40:05,2026-09-18T06:40:05.500000,9.937600342099094,76.26876845718034,POTHOLE,5,1,0.97
E_00582,BUS_005,PASS_01_005_01,SEG_037,2026-09-18T06:40:04.400000,2026-09-18T06:40:04.900000,2026-09-18T06:40:05.400000,9.936629289684214,76.26803066905057,POTHOLE,3,1,0.853
E_00583,BUS_005,PASS_01_005_01,SEG_038,2026-09-18T06:40:05,2026-09-18T06:40:05.500000,2026-09-18T06:40:06,9.936210659989838,76.26713852293264,POTHOLE,3,1,0.829
E_00584,BUS_005,PASS_01_005_01,SEG_039,2026-09-18T06:40:06.700000,2026-09-18T06:40:07.200000,2026-09-18T06:40:07.700000,9.936040509244968,76.26596415537799,POTHOLE,2,1,0.801
E_00585,BUS_005,PASS_01_005_01,SEG_040,2026-09-18T06:40:06.200000,2026-09-18T06:40:06.700000,2026-09-18T06:40:07.200000,9.935741364618861,76.26480564395044,POTHOLE,2,1,0.8
E_00586,BUS_005,PASS_01_005_01,SEG_041,2026-09-18T06:40:05.300000,2026-09-18T06:40:05.800000,2026-09-18T06:40:06.300000,9.935572525074118,76.26357694949421,POTHOLE,3,1,0.808
E_00587,BUS_005,PASS_01_005_01,SEG_042,2026-09-18T06:40:03.100000,2026-09-18T06:40:03.600000,2026-09-18T06:40:04.100000,9.935269377114489,76.26238615786846,POTHOLE,2,1,0.865
E_00588,BUS_005,PASS_01_005_01,SEG_043,2026-09-18T06:40:07.400000,2026-09-18T06:40:07.900000,2026-09-18T06:40:08.400000,9.934948773117588,76.26101787113426,POTHOLE,2,1,0.798
E_00589,BUS_005,PASS_01_005_01,SEG_044,2026-09-18T06:40:02.800000,2026-09-18T06:40:03.300000,2026-09-18T06:40:03.800000,9.934667574326186,76.26031331533036,POTHOLE,5,1,0.921
E_00590,BUS_005,PASS_01_005_01,SEG_048,2026-09-18T06:40:02.900000,2026-09-18T06:40:06.300000,2026-09-18T06:40:09.700000,9.934028238185821,76.25611829823484,ROUGHNESS,4,1,0.916
E_00591,BUS_005,PASS_01_005_01,SEG_049,2026-09-18T06:40:04,2026-09-18T06:40:04.500000,2026-09-18T06:40:05,9.933565516429764,76.25543730610949,POTHOLE,3,1,0.89
E_00592,BUS_005,PASS_01_005_01,SEG_049,2026-09-18T06:40:05.200000,2026-09-18T06:40:07.900000,2026-09-18T06:40:10.600000,9.933473393602915,76.25511899946306,ROUGHNESS,4,1,0.86
E_00593,BUS_005,PASS_01_005_01,SEG_050,2026-09-18T06:40:09.700000,2026-09-18T06:40:10.200000,2026-09-18T06:40:10.700000,9.932764837751188,76.25401276537693,POTHOLE,3,1,0.853
E_00594,BUS_005,PASS_01_005_01,SEG_053,2026-09-18T06:40:04.700000,2026-09-18T06:40:08.300000,2026-09-18T06:40:11.900000,9.930948337283214,76.25111528028566,ROUGHNESS,4,1,0.898
E_00595,BUS_005,PASS_01_005_01,SEG_054,2026-09-18T06:40:04.300000,2026-09-18T06:40:04.700000,2026-09-18T06:40:05,9.930829251097427,76.24982075131035,POTHOLE,4,1,0.886
E_00596,BUS_005,PASS_01_005_01,SEG_054,2026-09-18T06:40:05.100000,2026-09-18T06:40:07.700000,2026-09-18T06:40:10.300000,9.930682074367468,76.24980072928153,ROUGHNESS,4,1,0.937
E_00597,BUS_005,PASS_01_005_01,SEG_057,2026-09-18T06:40:04.400000,2026-09-18T06:40:04.900000,2026-09-18T06:40:05.400000,9.929066240160786,76.24725092727438,POTHOLE,1,1,0.756
E_00598,BUS_005,PASS_01_005_01,SEG_058,2026-09-18T06:40:03.700000,2026-09-18T06:40:07.600000,2026-09-18T06:40:11.500000,9.92850251661831,76.24657551730694,ROUGHNESS,3,1,0.845
E_00599,BUS_005,PASS_01_005_01,SEG_059,2026-09-18T06:40:06.100000,2026-09-18T06:40:09.600000,2026-09-18T06:40:13.100000,9.927348777770693,76.24551561570077,ROUGHNESS,1,1,0.716
E_00600,BUS_005,PASS_01_005_01,SEG_062,2026-09-18T06:40:05,2026-09-18T06:40:05.500000,2026-09-18T06:40:06,9.925066347665252,76.24351321193294,POTHOLE,2,1,0.849
E_00601,BUS_005,PASS_01_005_01,SEG_063,2026-09-18T06:40:02.400000,2026-09-18T06:40:05.500000,2026-09-18T06:40:08.600000,9.9244654968433,76.2428853922895,ROUGHNESS,4,1,0.903
E_00602,BUS_005,PASS_01_005_01,SEG_064,2026-09-18T06:40:05.200000,2026-09-18T06:40:05.700000,2026-09-18T06:40:06.200000,9.923789517008808,76.24207766191488,POTHOLE,2,1,0.799
E_00603,BUS_005,PASS_01_005_01,SEG_065,2026-09-18T06:40:05.900000,2026-09-18T06:40:06.800000,2026-09-18T06:40:07.700000,9.923237453851963,76.24144984048176,BROKEN_PATCH,4,1,0.925
E_00604,BUS_005,PASS_01_005_01,SEG_067,2026-09-18T06:40:10.200000,2026-09-18T06:40:10.700000,2026-09-18T06:40:11.200000,9.921007475408693,76.23999446772592,POTHOLE,3,1,0.849
E_00605,BUS_005,PASS_01_005_01,SEG_068,2026-09-18T06:40:06.600000,2026-09-18T06:40:07.100000,2026-09-18T06:40:07.600000,9.920120988442536,76.23959054948028,POTHOLE,5,1,0.873
E_00606,BUS_005,PASS_01_005_01,SEG_070,2026-09-18T06:40:08.300000,2026-09-18T06:40:08.800000,2026-09-18T06:40:09.300000,9.917326329194669,76.23840608394387,POTHOLE,2,1,0.825
E_00607,BUS_005,PASS_01_005_01,SEG_071,2026-09-18T06:40:05.500000,2026-09-18T06:40:06.900000,2026-09-18T06:40:08.300000,9.916377645893396,76.23770219174973,BROKEN_PATCH,5,1,0.929
E_00608,BUS_005,PASS_01_005_01,SEG_074,2026-09-18T06:40:05.600000,2026-09-18T06:40:06.700000,2026-09-18T06:40:07.800000,9.913613805283376,76.23524194296915,BROKEN_PATCH,3,1,0.862
E_00609,BUS_005,PASS_01_005_01,SEG_076,2026-09-18T06:40:03.400000,2026-09-18T06:40:04.200000,2026-09-18T06:40:05,9.911295178531402,76.2352985545535,BROKEN_PATCH,5,1,0.891
E_00610,BUS_005,PASS_01_005_01,SEG_078,2026-09-18T06:40:05.300000,2026-09-18T06:40:06.200000,2026-09-18T06:40:07.100000,9.909363765102938,76.23564637392043,BROKEN_PATCH,5,1,0.97
E_00611,BUS_005,PASS_01_005_01,SEG_081,2026-09-18T06:40:04.200000,2026-09-18T06:40:05,2026-09-18T06:40:05.800000,9.906511756259292,76.23673303238192,BROKEN_PATCH,4,1,0.899
E_00612,BUS_005,PASS_01_005_01,SEG_087,2026-09-18T06:40:05.200000,2026-09-18T06:40:05.700000,2026-09-18T06:40:06.200000,9.899821201662188,76.23778273662921,SPEED_BREAKER,3,1,0.839
E_00613,BUS_005,PASS_01_005_01,SEG_094,2026-09-18T06:40:06.700000,2026-09-18T06:40:07.300000,2026-09-18T06:40:07.900000,9.89098716693665,76.23872138100974,SPEED_BREAKER,3,1,0.834
E_00614,BUS_005,PASS_01_005_01,SEG_098,2026-09-18T06:40:09.800000,2026-09-18T06:40:10.400000,2026-09-18T06:40:11,9.886135100974498,76.23852485383388,SPEED_BREAKER,4,1,0.91
E_00615,BUS_005,PASS_01_005_01,SEG_100,2026-09-18T06:40:08.400000,2026-09-18T06:40:09,2026-09-18T06:40:09.600000,9.883853181204598,76.2384073824744,SPEED_BREAKER,2,1,0.823
E_00616,BUS_005,PASS_01_005_01,SEG_101,2026-09-18T06:40:03.500000,2026-09-18T06:40:06.900000,2026-09-18T06:40:10.300000,9.88256504331696,76.23842700484332,ROUGHNESS,5,1,0.97
E_00617,BUS_005,PASS_01_005_01,SEG_104,2026-09-18T06:40:06.600000,2026-09-18T06:40:07.200000,2026-09-18T06:40:07.800000,9.879351188720015,76.23831266666258,SPEED_BREAKER,5,1,0.877
E_00618,BUS_005,PASS_01_005_01,SEG_105,2026-09-18T06:40:10.800000,2026-09-18T06:40:11.400000,2026-09-18T06:40:12,9.8779622490071,76.23878396785706,SPEED_BREAKER,2,1,0.82
E_00619,BUS_005,PASS_01_005_01,SEG_106,2026-09-18T06:40:05.900000,2026-09-18T06:40:09.800000,2026-09-18T06:40:13.700000,9.876652608955961,76.23915307659848,ROUGHNESS,4,1,0.893
E_00620,BUS_005,PASS_01_005_01,SEG_107,2026-09-18T06:40:05.900000,2026-09-18T06:40:09.800000,2026-09-18T06:40:13.700000,9.875326320134514,76.2396029494458,ROUGHNESS,1,1,0.787
E_00621,BUS_005,PASS_01_005_01,SEG_109,2026-09-18T06:40:08.700000,2026-09-18T06:40:09.200000,2026-09-18T06:40:09.700000,9.873339208019036,76.24026123527717,POTHOLE,4,1,0.97
E_00622,BUS_005,PASS_01_005_01,SEG_110,2026-09-18T06:40:07.700000,2026-09-18T06:40:08.200000,2026-09-18T06:40:08.700000,9.872291128312511,76.24040335284387,POTHOLE,4,1,0.925
E_00623,BUS_005,PASS_01_005_01,SEG_112,2026-09-18T06:40:01.800000,2026-09-18T06:40:04.500000,2026-09-18T06:40:07.200000,9.86988276300455,76.24078613420346,ROUGHNESS,3,1,0.909
E_00624,BUS_005,PASS_01_005_01,SEG_114,2026-09-18T06:40:05.200000,2026-09-18T06:40:08.200000,2026-09-18T06:40:11.200000,9.86807085506457,76.23945251975377,ROUGHNESS,2,1,0.801
E_00625,BUS_005,PASS_01_005_01,SEG_116,2026-09-18T06:40:04.800000,2026-09-18T06:40:08.700000,2026-09-18T06:40:12.600000,9.86579036626532,76.23807372753274,ROUGHNESS,4,1,0.961
E_00626,BUS_005,PASS_01_005_01,SEG_117,2026-09-18T06:40:05.900000,2026-09-18T06:40:06.400000,2026-09-18T06:40:06.900000,9.864753380342231,76.23728090111516,POTHOLE,5,1,0.97
E_00627,BUS_005,PASS_01_005_01,SEG_119,2026-09-18T06:40:10.800000,2026-09-18T06:40:11.300000,2026-09-18T06:40:11.800000,9.862784506815439,76.23562054498088,POTHOLE,1,1,0.69
E_00628,BUS_005,PASS_01_005_01,SEG_121,2026-09-18T06:40:03.900000,2026-09-18T06:40:07.800000,2026-09-18T06:40:11.700000,9.861382442971008,76.23434502422722,ROUGHNESS,3,1,0.84
E_00629,BUS_005,PASS_01_005_01,SEG_122,2026-09-18T06:40:06.600000,2026-09-18T06:40:07.100000,2026-09-18T06:40:07.600000,9.86022045634155,76.23358431903397,POTHOLE,5,1,0.955
E_00630,BUS_005,PASS_01_005_01,SEG_122,2026-09-18T06:40:08.200000,2026-09-18T06:40:09.400000,2026-09-18T06:40:10.600000,9.86015346305878,76.23347836863216,BROKEN_PATCH,3,1,0.821
E_00631,BUS_005,PASS_01_005_01,SEG_123,2026-09-18T06:40:06.100000,2026-09-18T06:40:06.600000,2026-09-18T06:40:07.100000,9.859447610919705,76.23292780225758,POTHOLE,3,1,0.871
E_00632,BUS_005,PASS_01_005_01,SEG_124,2026-09-18T06:40:05.400000,2026-09-18T06:40:08.900000,2026-09-18T06:40:12.400000,9.858231613302626,76.23209589506068,ROUGHNESS,5,1,0.934
E_00633,BUS_005,PASS_01_005_01,SEG_125,2026-09-18T06:40:02.400000,2026-09-18T06:40:05.300000,2026-09-18T06:40:08.200000,9.857647525552833,76.23150495715423,ROUGHNESS,3,1,0.843
E_00634,BUS_005,PASS_01_005_01,SEG_128,2026-09-18T06:40:04.200000,2026-09-18T06:40:05.100000,2026-09-18T06:40:06,9.855323756656846,76.22922402929143,BROKEN_PATCH,2,1,0.754
E_00635,BUS_005,PASS_01_005_01,SEG_137,2026-09-18T06:40:08.300000,2026-09-18T06:40:09.500000,2026-09-18T06:40:10.700000,9.851611008791664,76.21987047561275,BROKEN_PATCH,2,1,0.812
E_00636,BUS_005,PASS_01_005_01,SEG_139,2026-09-18T06:40:04.600000,2026-09-18T06:40:05.400000,2026-09-18T06:40:06.200000,9.85090183965626,76.2181283823935,BROKEN_PATCH,1,1,0.755
E_00637,BUS_005,PASS_01_005_01,SEG_141,2026-09-18T06:40:04,2026-09-18T06:40:04.900000,2026-09-18T06:40:05.800000,9.85032359455019,76.21601720643507,BROKEN_PATCH,2,1,0.764
E_00638,BUS_005,PASS_01_005_01,SEG_143,2026-09-18T06:40:03.600000,2026-09-18T06:40:04.200000,2026-09-18T06:40:04.800000,9.849790328307698,76.21419087084246,BROKEN_PATCH,4,1,0.882
E_00639,BUS_005,PASS_01_005_01,SEG_145,2026-09-18T06:40:04.600000,2026-09-18T06:40:05.800000,2026-09-18T06:40:07,9.849682476042526,76.21249385568983,BROKEN_PATCH,1,1,0.739
E_00640,BUS_005,PASS_01_005_01,SEG_147,2026-09-18T06:40:05.800000,2026-09-18T06:40:06.300000,2026-09-18T06:40:06.800000,9.8495726289448,76.2093681306789,SPEED_BREAKER,2,1,0.775
E_00641,BUS_005,PASS_01_005_01,SEG_148,2026-09-18T06:40:05.500000,2026-09-18T06:40:06,2026-09-18T06:40:06.500000,9.84952876931031,76.20815818506446,SPEED_BREAKER,5,1,0.894
E_00642,BUS_005,PASS_01_005_01,SEG_149,2026-09-18T06:40:07.700000,2026-09-18T06:40:08.200000,2026-09-18T06:40:08.700000,9.849902584427666,76.20730057531618,SPEED_BREAKER,1,1,0.723
E_00643,BUS_005,PASS_01_005_01,SEG_150,2026-09-18T06:40:07.200000,2026-09-18T06:40:07.700000,2026-09-18T06:40:08.200000,9.850717564750617,76.20635297146804,SPEED_BREAKER,2,1,0.763
E_00644,BUS_005,PASS_01_005_01,SEG_152,2026-09-18T06:40:03.200000,2026-09-18T06:40:03.700000,2026-09-18T06:40:04.200000,9.852147482095237,76.20479087444076,SPEED_BREAKER,5,1,0.904
E_00645,BUS_005,PASS_01_005_01,SEG_154,2026-09-18T06:40:05.600000,2026-09-18T06:40:06.100000,2026-09-18T06:40:06.600000,9.85367077467935,76.20299312359538,SPEED_BREAKER,3,1,0.891
E_00646,BUS_005,PASS_01_005_01,SEG_157,2026-09-18T06:40:08.500000,2026-09-18T06:40:09,2026-09-18T06:40:09.500000,9.856690655761334,76.20088531463784,SPEED_BREAKER,4,1,0.846
E_00647,BUS_005,PASS_01_005_02,SEG_023,2026-09-18T09:10:08.700000,2026-09-18T09:10:09.200000,2026-09-18T09:10:09.700000,9.946480220962199,76.28031799040498,SPEED_BREAKER,3,1,0.824
E_00648,BUS_005,PASS_01_005_02,SEG_025,2026-09-18T09:10:04.100000,2026-09-18T09:10:04.600000,2026-09-18T09:10:05.100000,9.945269572179024,76.27837442192559,SPEED_BREAKER,3,1,0.864
E_00649,BUS_005,PASS_01_005_02,SEG_026,2026-09-18T09:10:02.500000,2026-09-18T09:10:03,2026-09-18T09:10:03.500000,9.945177938031827,76.27783532786852,SPEED_BREAKER,1,1,0.726
E_00650,BUS_005,PASS_01_005_02,SEG_028,2026-09-18T09:10:06.800000,2026-09-18T09:10:07.300000,2026-09-18T09:10:07.800000,9.944055047707463,76.27543924045547,SPEED_BREAKER,5,1,0.97
E_00651,BUS_005,PASS_01_005_02,SEG_029,2026-09-18T09:10:07,2026-09-18T09:10:07.500000,2026-09-18T09:10:08,9.9431652773868,76.27428166638536,SPEED_BREAKER,5,1,0.97
E_00652,BUS_005,PASS_01_005_02,SEG_035,2026-09-18T09:10:05.700000,2026-09-18T09:10:06.200000,2026-09-18T09:10:06.700000,9.938350198888717,76.26962016374392,SPEED_BREAKER,5,1,0.97
E_00653,BUS_005,PASS_01_005_02,SEG_036,2026-09-18T09:10:04.500000,2026-09-18T09:10:05,2026-09-18T09:10:05.500000,9.93756522349047,76.26880944355122,POTHOLE,5,1,0.941
E_00654,BUS_005,PASS_01_005_02,SEG_037,2026-09-18T09:10:03.900000,2026-09-18T09:10:04.400000,2026-09-18T09:10:04.900000,9.936949568417672,76.26814584730316,POTHOLE,5,1,0.97
E_00655,BUS_005,PASS_01_005_02,SEG_038,2026-09-18T09:10:06,2026-09-18T09:10:06.500000,2026-09-18T09:10:07,9.936232391056397,76.26717025467802,POTHOLE,1,1,0.717
E_00656,BUS_005,PASS_01_005_02,SEG_040,2026-09-18T09:10:08.800000,2026-09-18T09:10:09.300000,2026-09-18T09:10:09.800000,9.935812528634123,76.26463397295878,POTHOLE,1,1,0.785
E_00657,BUS_005,PASS_01_005_02,SEG_041,2026-09-18T09:10:10.200000,2026-09-18T09:10:10.700000,2026-09-18T09:10:11.200000,9.935517453642172,76.26339611535643,POTHOLE,5,1,0.955
E_00658,BUS_005,PASS_01_005_02,SEG_042,2026-09-18T09:10:04,2026-09-18T09:10:04.500000,2026-09-18T09:10:05,9.935281814782808,76.26228094801138,POTHOLE,5,1,0.912
E_00659,BUS_005,PASS_01_005_02,SEG_043,2026-09-18T09:10:07.400000,2026-09-18T09:10:07.900000,2026-09-18T09:10:08.400000,9.93504014968307,76.26130400696884,POTHOLE,2,1,0.836
E_00660,BUS_005,PASS_01_005_02,SEG_046,2026-09-18T09:10:08.300000,2026-09-18T09:10:08.800000,2026-09-18T09:10:09.300000,9.934310241651815,76.25833031013315,POTHOLE,2,1,0.81
E_00661,BUS_005,PASS_01_005_02,SEG_048,2026-09-18T09:10:03.100000,2026-09-18T09:10:07,2026-09-18T09:10:10.900000,9.933764248397551,76.25621885592587,ROUGHNESS,4,1,0.863
E_00662,BUS_005,PASS_01_005_02,SEG_049,2026-09-18T09:10:05.900000,2026-09-18T09:10:09,2026-09-18T09:10:12.100000,9.933451847438441,76.25506902631177,ROUGHNESS,2,1,0.826
E_00663,BUS_005,PASS_01_005_02,SEG_050,2026-09-18T09:10:03.700000,2026-09-18T09:10:07.600000,2026-09-18T09:10:11.500000,9.933042697112088,76.25439065055897,ROUGHNESS,1,1,0.725
E_00664,BUS_005,PASS_01_005_02,SEG_053,2026-09-18T09:10:10.200000,2026-09-18T09:10:10.700000,2026-09-18T09:10:11.200000,9.931064113722215,76.25068645279978,POTHOLE,4,1,0.939
E_00665,BUS_005,PASS_01_005_02,SEG_057,2026-09-18T09:10:05.200000,2026-09-18T09:10:05.700000,2026-09-18T09:10:06.200000,9.929138198050026,76.24735613697415,POTHOLE,4,1,0.935
E_00666,BUS_005,PASS_01_005_02,SEG_059,2026-09-18T09:10:05.900000,2026-09-18T09:10:09.300000,2026-09-18T09:10:12.700000,9.927291587952618,76.24547344849742,ROUGHNESS,1,1,0.722
E_00667,BUS_005,PASS_01_005_02,SEG_060,2026-09-18T09:10:06,2026-09-18T09:10:09.700000,2026-09-18T09:10:13.400000,9.926410141213223,76.24491109430129,ROUGHNESS,4,1,0.94
E_00668,BUS_005,PASS_01_005_02,SEG_061,2026-09-18T09:10:05.900000,2026-09-18T09:10:06.400000,2026-09-18T09:10:06.900000,9.925621544783242,76.24419552417913,POTHOLE,3,1,0.907
E_00669,BUS_005,PASS_01_005_02,SEG_062,2026-09-18T09:10:06.100000,2026-09-18T09:10:06.600000,2026-09-18T09:10:07.100000,9.924906746252407,76.24348529204852,POTHOLE,5,1,0.951
E_00670,BUS_005,PASS_01_005_02,SEG_063,2026-09-18T09:10:08.200000,2026-09-18T09:10:08.700000,2026-09-18T09:10:09.200000,9.924356829803013,76.24271895791573,POTHOLE,3,1,0.855
E_00671,BUS_005,PASS_01_005_02,SEG_064,2026-09-18T09:10:05.900000,2026-09-18T09:10:06.400000,2026-09-18T09:10:06.900000,9.923771660883252,76.24210427079906,POTHOLE,3,1,0.84
E_00672,BUS_005,PASS_01_005_02,SEG_065,2026-09-18T09:10:06.400000,2026-09-18T09:10:06.900000,2026-09-18T09:10:07.400000,9.923051048766506,76.24155401444787,POTHOLE,4,1,0.905
E_00673,BUS_005,PASS_01_005_02,SEG_065,2026-09-18T09:10:03.900000,2026-09-18T09:10:04.900000,2026-09-18T09:10:05.900000,9.923131839913442,76.24161368029522,BROKEN_PATCH,4,1,0.886
E_00674,BUS_005,PASS_01_005_02,SEG_067,2026-09-18T09:10:08.500000,2026-09-18T09:10:09,2026-09-18T09:10:09.500000,9.921511301584047,76.2401535960505,POTHOLE,3,1,0.889
E_00675,BUS_005,PASS_01_005_02,SEG_068,2026-09-18T09:10:07.400000,2026-09-18T09:10:07.900000,2026-09-18T09:10:08.400000,9.92010075288921,76.23957968333816,POTHOLE,3,1,0.836
E_00676,BUS_005,PASS_01_005_02,SEG_071,2026-09-18T09:10:06.100000,2026-09-18T09:10:07.500000,2026-09-18T09:10:08.900000,9.916225563608883,76.23770525997585,BROKEN_PATCH,3,1,0.852
E_00677,BUS_005,PASS_01_005_02,SEG_074,2026-09-18T09:10:06.600000,2026-09-18T09:10:08,2026-09-18T09:10:09.400000,9.913616139175762,76.23525887930776,BROKEN_PATCH,2,1,0.712
E_00678,BUS_005,PASS_01_005_02,SEG_076,2026-09-18T09:10:05.800000,2026-09-18T09:10:06.900000,2026-09-18T09:10:08,9.91127178174942,76.23525393886283,BROKEN_PATCH,3,1,0.87
E_00679,BUS_005,PASS_01_005_02,SEG_078,2026-09-18T09:10:08.800000,2026-09-18T09:10:10.100000,2026-09-18T09:10:11.400000,9.909410163260825,76.23587765448154,BROKEN_PATCH,1,1,0.773
E_00680,BUS_005,PASS_01_005_02,SEG_081,2026-09-18T09:10:07.800000,2026-09-18T09:10:09,2026-09-18T09:10:10.100000,9.90633023482845,76.23670249616167,BROKEN_PATCH,2,1,0.875
E_00681,BUS_005,PASS_01_005_02,SEG_087,2026-09-18T09:10:07.900000,2026-09-18T09:10:08.400000,2026-09-18T09:10:08.900000,9.899919135075217,76.23780324029728,SPEED_BREAKER,5,1,0.964
E_00682,BUS_005,PASS_01_005_02,SEG_089,2026-09-18T09:10:06.400000,2026-09-18T09:10:07,2026-09-18T09:10:07.600000,9.897788537828559,76.23809552619079,SPEED_BREAKER,2,1,0.817
E_00683,BUS_005,PASS_01_005_02,SEG_094,2026-09-18T09:10:06,2026-09-18T09:10:06.600000,2026-09-18T09:10:07.200000,9.891150743443738,76.23861370555,SPEED_BREAKER,1,1,0.748
E_00684,BUS_005,PASS_01_005_02,SEG_095,2026-09-18T09:10:10.900000,2026-09-18T09:10:11.500000,2026-09-18T09:10:12.100000,9.889139052128547,76.23858318563688,SPEED_BREAKER,5,1,0.932
E_00685,BUS_005,PASS_01_005_02,SEG_098,2026-09-18T09:10:07.200000,2026-09-18T09:10:07.800000,2026-09-18T09:10:08.400000,9.88629491867931,76.23840127504715,SPEED_BREAKER,4,1,0.906
E_00686,BUS_005,PASS_01_005_02,SEG_100,2026-09-18T09:10:06.300000,2026-09-18T09:10:06.900000,2026-09-18T09:10:07.500000,9.884044548103356,76.23843524364868,SPEED_BREAKER,1,1,0.764
E_00687,BUS_005,PASS_01_005_02,SEG_101,2026-09-18T09:10:05.300000,2026-09-18T09:10:09.200000,2026-09-18T09:10:13.100000,9.88258418116198,76.23844843902899,ROUGHNESS,2,1,0.825
E_00688,BUS_005,PASS_01_005_02,SEG_104,2026-09-18T09:10:10,2026-09-18T09:10:10.600000,2026-09-18T09:10:11.200000,9.879216935918759,76.23852813304569,SPEED_BREAKER,3,1,0.892
E_00689,BUS_005,PASS_01_005_02,SEG_105,2026-09-18T09:10:08.500000,2026-09-18T09:10:09.100000,2026-09-18T09:10:09.700000,9.878278388218666,76.23865656377457,SPEED_BREAKER,1,1,0.75
E_00690,BUS_005,PASS_01_005_02,SEG_106,2026-09-18T09:10:03.500000,2026-09-18T09:10:07.400000,2026-09-18T09:10:11.300000,9.876930177366583,76.23898078677047,ROUGHNESS,4,1,0.918
E_00691,BUS_005,PASS_01_005_02,SEG_107,2026-09-18T09:10:04.100000,2026-09-18T09:10:08,2026-09-18T09:10:11.900000,9.875481419848468,76.23961670413908,ROUGHNESS,5,1,0.97
E_00692,BUS_005,PASS_01_005_02,SEG_109,2026-09-18T09:10:10.500000,2026-09-18T09:10:10.800000,2026-09-18T09:10:11,9.873312801814484,76.24018549517993,POTHOLE,4,1,0.884
E_00693,BUS_005,PASS_01_005_02,SEG_109,2026-09-18T09:10:02.600000,2026-09-18T09:10:06.500000,2026-09-18T09:10:10.400000,9.873631251428835,76.24013172477696,ROUGHNESS,1,1,0.795
E_00694,BUS_005,PASS_01_005_02,SEG_111,2026-09-18T09:10:05.800000,2026-09-18T09:10:06.300000,2026-09-18T09:10:06.800000,9.871109541601756,76.24083814696588,POTHOLE,1,1,0.724
E_00695,BUS_005,PASS_01_005_02,SEG_112,2026-09-18T09:10:06.100000,2026-09-18T09:10:09.900000,2026-09-18T09:10:13.700000,9.8696400117571,76.24066193742797,ROUGHNESS,4,1,0.948
E_00696,BUS_005,PASS_01_005_02,SEG_114,2026-09-18T09:10:06,2026-09-18T09:10:09.900000,2026-09-18T09:10:13.800000,9.868004195154628,76.2395415886594,ROUGHNESS,5,1,0.928
E_00697,BUS_005,PASS_01_005_02,SEG_115,2026-09-18T09:10:02.400000,2026-09-18T09:10:06.300000,2026-09-18T09:10:10.200000,9.867194929892747,76.23911002021875,ROUGHNESS,2,1,0.778
E_00698,BUS_005,PASS_01_005_02,SEG_116,2026-09-18T09:10:05.300000,2026-09-18T09:10:09.200000,2026-09-18T09:10:13.100000,9.865679644928724,76.23817400497366,ROUGHNESS,4,1,0.898
E_00699,BUS_005,PASS_01_005_02,SEG_117,2026-09-18T09:10:09.400000,2026-09-18T09:10:09.900000,2026-09-18T09:10:10.400000,9.864632188139788,76.23704791782328,POTHOLE,1,1,0.757
E_00700,BUS_005,PASS_01_005_02,SEG_118,2026-09-18T09:10:09.200000,2026-09-18T09:10:09.700000,2026-09-18T09:10:10.200000,9.863862570200755,76.23653216906843,POTHOLE,4,1,0.949
E_00701,BUS_005,PASS_01_005_02,SEG_119,2026-09-18T09:10:05.800000,2026-09-18T09:10:06.200000,2026-09-18T09:10:06.600000,9.863242692984324,76.23584508362707,POTHOLE,5,1,0.965
E_00702,BUS_005,PASS_01_005_02,SEG_119,2026-09-18T09:10:06.700000,2026-09-18T09:10:10.600000,2026-09-18T09:10:14.500000,9.8629439865362,76.23556753477175,ROUGHNESS,3,1,0.852
E_00703,BUS_005,PASS_01_005_02,SEG_122,2026-09-18T09:10:10.500000,2026-09-18T09:10:11,2026-09-18T09:10:11.500000,9.860222221002969,76.23362953501517,POTHOLE,2,1,0.748
E_00704,BUS_005,PASS_01_005_02,SEG_123,2026-09-18T09:10:05.500000,2026-09-18T09:10:09.400000,2026-09-18T09:10:13.300000,9.859326590961436,76.23280275465694,ROUGHNESS,5,1,0.97
E_00705,BUS_005,PASS_01_005_02,SEG_124,2026-09-18T09:10:05.200000,2026-09-18T09:10:09.100000,2026-09-18T09:10:13,9.858234109096324,76.23212529709099,ROUGHNESS,5,1,0.936
E_00706,BUS_005,PASS_01_005_02,SEG_125,2026-09-18T09:10:04.700000,2026-09-18T09:10:08.600000,2026-09-18T09:10:12.500000,9.857520817291748,76.23152202851696,ROUGHNESS,3,1,0.851
E_00707,BUS_005,PASS_01_005_02,SEG_132,2026-09-18T09:10:06.400000,2026-09-18T09:10:07.600000,2026-09-18T09:10:08.800000,9.853369335408036,76.22488958697951,BROKEN_PATCH,4,1,0.852
E_00708,BUS_005,PASS_01_005_02,SEG_141,2026-09-18T09:10:05.900000,2026-09-18T09:10:07,2026-09-18T09:10:08.100000,9.85033007140365,76.21621547869162,BROKEN_PATCH,3,1,0.925
E_00709,BUS_005,PASS_01_005_02,SEG_143,2026-09-18T09:10:04.300000,2026-09-18T09:10:05.100000,2026-09-18T09:10:05.900000,9.849883533301837,76.21434377907737,BROKEN_PATCH,1,1,0.749
E_00710,BUS_005,PASS_01_005_02,SEG_144,2026-09-18T09:10:03.300000,2026-09-18T09:10:04.200000,2026-09-18T09:10:05.100000,9.849719437993947,76.21352956041474,BROKEN_PATCH,2,1,0.783
E_00711,BUS_005,PASS_01_005_02,SEG_145,2026-09-18T09:10:06.100000,2026-09-18T09:10:07.500000,2026-09-18T09:10:08.900000,9.84964676541735,76.2123197862293,BROKEN_PATCH,5,1,0.956
E_00712,BUS_005,PASS_01_005_02,SEG_146,2026-09-18T09:10:10.300000,2026-09-18T09:10:10.900000,2026-09-18T09:10:11.500000,9.849784159990518,76.21061575897588,SPEED_BREAKER,3,1,0.832
E_00713,BUS_005,PASS_01_005_02,SEG_147,2026-09-18T09:10:08.800000,2026-09-18T09:10:09.400000,2026-09-18T09:10:10,9.849608972758542,76.20927990831214,SPEED_BREAKER,2,1,0.798
E_00714,BUS_005,PASS_01_005_02,SEG_148,2026-09-18T09:10:05.300000,2026-09-18T09:10:05.800000,2026-09-18T09:10:06.300000,9.849525197244038,76.20828802623281,SPEED_BREAKER,1,1,0.788
E_00715,BUS_005,PASS_01_005_02,SEG_149,2026-09-18T09:10:09.400000,2026-09-18T09:10:09.900000,2026-09-18T09:10:10.400000,9.849886916207286,76.20714381261736,SPEED_BREAKER,4,1,0.892
E_00716,BUS_005,PASS_01_005_02,SEG_152,2026-09-18T09:10:04.900000,2026-09-18T09:10:05.400000,2026-09-18T09:10:05.900000,9.852304209707116,76.20486020402322,SPEED_BREAKER,5,1,0.97
E_00717,BUS_005,PASS_01_005_02,SEG_154,2026-09-18T09:10:06.900000,2026-09-18T09:10:07.400000,2026-09-18T09:10:07.900000,9.853703490381736,76.20321050095407,SPEED_BREAKER,4,1,0.917
E_00718,BUS_005,PASS_01_005_02,SEG_157,2026-09-18T09:10:09.900000,2026-09-18T09:10:10.500000,2026-09-18T09:10:11.100000,9.856699615081592,76.20088199053461,SPEED_BREAKER,5,1,0.97
E_00719,BUS_006,PASS_01_006_01,SEG_026,2026-09-18T06:51:02.900000,2026-09-18T06:51:03.400000,2026-09-18T06:51:03.900000,9.945125505182078,76.27763852006738,SPEED_BREAKER,5,1,0.963
E_00720,BUS_006,PASS_01_006_01,SEG_029,2026-09-18T06:51:05.900000,2026-09-18T06:51:06.400000,2026-09-18T06:51:06.900000,9.943301351256379,76.27418392912496,SPEED_BREAKER,1,1,0.68
E_00721,BUS_006,PASS_01_006_01,SEG_033,2026-09-18T06:51:04.800000,2026-09-18T06:51:05.300000,2026-09-18T06:51:05.800000,9.94005794128699,76.27089980358465,SPEED_BREAKER,5,1,0.938
E_00722,BUS_006,PASS_01_006_01,SEG_035,2026-09-18T06:51:03.500000,2026-09-18T06:51:04,2026-09-18T06:51:04.500000,9.938412342326295,76.26960753874376,SPEED_BREAKER,2,1,0.79
E_00723,BUS_006,PASS_01_006_01,SEG_036,2026-09-18T06:51:05.400000,2026-09-18T06:51:05.900000,2026-09-18T06:51:06.400000,9.937435579927216,76.26863007045368,POTHOLE,3,1,0.892
E_00724,BUS_006,PASS_01_006_01,SEG_037,2026-09-18T06:51:04.300000,2026-09-18T06:51:04.800000,2026-09-18T06:51:05.300000,9.93675724256378,76.26784596632689,POTHOLE,5,1,0.942
E_00725,BUS_006,PASS_01_006_01,SEG_038,2026-09-18T06:51:02.600000,2026-09-18T06:51:03.100000,2026-09-18T06:51:03.600000,9.936393700601034,76.2673587570288,POTHOLE,5,1,0.922
E_00726,BUS_006,PASS_01_006_01,SEG_039,2026-09-18T06:51:03.200000,2026-09-18T06:51:03.700000,2026-09-18T06:51:04.200000,9.93598214774455,76.26631317718382,POTHOLE,4,1,0.955
E_00727,BUS_006,PASS_01_006_01,SEG_040,2026-09-18T06:51:04,2026-09-18T06:51:04.500000,2026-09-18T06:51:05,9.935925333870326,76.26499036529829,POTHOLE,2,1,0.826
E_00728,BUS_006,PASS_01_006_01,SEG_042,2026-09-18T06:51:03.700000,2026-09-18T06:51:04.200000,2026-09-18T06:51:04.700000,9.9353270830738,76.26224402483241,POTHOLE,5,1,0.922
E_00729,BUS_006,PASS_01_006_01,SEG_044,2026-09-18T06:51:03.500000,2026-09-18T06:51:04,2026-09-18T06:51:04.500000,9.934627300797302,76.26012280865883,POTHOLE,5,1,0.956
E_00730,BUS_006,PASS_01_006_01,SEG_046,2026-09-18T06:51:08.200000,2026-09-18T06:51:08.700000,2026-09-18T06:51:09.200000,9.934141870813388,76.25822596205373,POTHOLE,5,1,0.953
E_00731,BUS_006,PASS_01_006_01,SEG_048,2026-09-18T06:51:03.200000,2026-09-18T06:51:06.300000,2026-09-18T06:51:09.400000,9.933863907894123,76.25626895398416,ROUGHNESS,3,1,0.818
E_00732,BUS_006,PASS_01_006_01,SEG_049,2026-09-18T06:51:04.100000,2026-09-18T06:51:06.600000,2026-09-18T06:51:09.100000,9.933526732487522,76.25509924619979,ROUGHNESS,4,1,0.882
E_00733,BUS_006,PASS_01_006_01,SEG_050,2026-09-18T06:51:04.500000,2026-09-18T06:51:08.400000,2026-09-18T06:51:12.300000,9.933065549696552,76.25407598823871,ROUGHNESS,3,1,0.824
E_00734,BUS_006,PASS_01_006_01,SEG_053,2026-09-18T06:51:06.100000,2026-09-18T06:51:09.500000,2026-09-18T06:51:12.900000,9.931041355981389,76.25069028772114,ROUGHNESS,5,1,0.954
E_00735,BUS_006,PASS_01_006_01,SEG_058,2026-09-18T06:51:04.200000,2026-09-18T06:51:08.100000,2026-09-18T06:51:12,9.928550100795292,76.24656854912986,ROUGHNESS,3,1,0.88
E_00736,BUS_006,PASS_01_006_01,SEG_060,2026-09-18T06:51:05.900000,2026-09-18T06:51:09.800000,2026-09-18T06:51:13.700000,9.9264014134874,76.24464802499821,ROUGHNESS,4,1,0.863
E_00737,BUS_006,PASS_01_006_01,SEG_062,2026-09-18T06:51:03.700000,2026-09-18T06:51:04.200000,2026-09-18T06:51:04.700000,9.925088366070792,76.24360599969172,POTHOLE,4,1,0.934
E_00738,BUS_006,PASS_01_006_01,SEG_063,2026-09-18T06:51:05.300000,2026-09-18T06:51:08.500000,2026-09-18T06:51:11.700000,9.924392147541031,76.2428097288721,ROUGHNESS,2,1,0.801
E_00739,BUS_006,PASS_01_006_01,SEG_064,2026-09-18T06:51:07.300000,2026-09-18T06:51:07.800000,2026-09-18T06:51:08.300000,9.92373618171539,76.24199194094759,POTHOLE,5,1,0.97
E_00740,BUS_006,PASS_01_006_01,SEG_065,2026-09-18T06:51:04.100000,2026-09-18T06:51:04.600000,2026-09-18T06:51:05.100000,9.923278462568206,76.2415850867091,POTHOLE,2,1,0.849
E_00741,BUS_006,PASS_01_006_01,SEG_065,2026-09-18T06:51:06.800000,2026-09-18T06:51:07.800000,2026-09-18T06:51:08.800000,9.923172778847395,76.24148892217002,BROKEN_PATCH,4,1,0.964
E_00742,BUS_006,PASS_01_006_01,SEG_068,2026-09-18T06:51:11,2026-09-18T06:51:11.500000,2026-09-18T06:51:12,9.919869707389003,76.23938994294964,POTHOLE,2,1,0.829
E_00743,BUS_006,PASS_01_006_01,SEG_070,2026-09-18T06:51:06.400000,2026-09-18T06:51:06.900000,2026-09-18T06:51:07.400000,9.917489573972473,76.2386726222232,POTHOLE,3,1,0.864
E_00744,BUS_006,PASS_01_006_01,SEG_071,2026-09-18T06:51:09.600000,2026-09-18T06:51:11,2026-09-18T06:51:12.400000,9.916071489282976,76.23738097427986,BROKEN_PATCH,1,1,0.805
E_00745,BUS_006,PASS_01_006_01,SEG_074,2026-09-18T06:51:04.800000,2026-09-18T06:51:06,2026-09-18T06:51:07.200000,9.913639664687455,76.23548497309879,BROKEN_PATCH,2,1,0.77
E_00746,BUS_006,PASS_01_006_01,SEG_076,2026-09-18T06:51:03.600000,2026-09-18T06:51:04.500000,2026-09-18T06:51:05.400000,9.911343162118905,76.23518412886118,BROKEN_PATCH,3,1,0.825
E_00747,BUS_006,PASS_01_006_01,SEG_078,2026-09-18T06:51:06.700000,2026-09-18T06:51:07.800000,2026-09-18T06:51:08.900000,9.909415159617753,76.23583924948811,BROKEN_PATCH,3,1,0.858
E_00748,BUS_006,PASS_01_006_01,SEG_087,2026-09-18T06:51:07.100000,2026-09-18T06:51:07.600000,2026-09-18T06:51:08.100000,9.89985317784904,76.2377580737324,SPEED_BREAKER,5,1,0.916
E_00749,BUS_006,PASS_01_006_01,SEG_089,2026-09-18T06:51:10,2026-09-18T06:51:10.600000,2026-09-18T06:51:11.200000,9.89750667405637,76.23826249137244,SPEED_BREAKER,1,1,0.772
E_00750,BUS_006,PASS_01_006_01,SEG_093,2026-09-18T06:51:10,2026-09-18T06:51:10.600000,2026-09-18T06:51:11.200000,9.892059223971566,76.23863581727299,SPEED_BREAKER,2,1,0.779
E_00751,BUS_006,PASS_01_006_01,SEG_094,2026-09-18T06:51:07.300000,2026-09-18T06:51:07.900000,2026-09-18T06:51:08.500000,9.891002592645998,76.23859337791701,SPEED_BREAKER,4,1,0.875
E_00752,BUS_006,PASS_01_006_01,SEG_095,2026-09-18T06:51:06.700000,2026-09-18T06:51:07.300000,2026-09-18T06:51:07.900000,9.889529347670026,76.2385826450751,SPEED_BREAKER,1,1,0.728
E_00753,BUS_006,PASS_01_006_01,SEG_098,2026-09-18T06:51:08.400000,2026-09-18T06:51:09,2026-09-18T06:51:09.600000,9.886294042415441,76.2383638006791,SPEED_BREAKER,5,1,0.97
E_00754,BUS_006,PASS_01_006_01,SEG_100,2026-09-18T06:51:09.600000,2026-09-18T06:51:10.200000,2026-09-18T06:51:10.800000,9.883684646704884,76.23839409585214,SPEED_BREAKER,2,1,0.764
E_00755,BUS_006,PASS_01_006_01,SEG_101,2026-09-18T06:51:04.200000,2026-09-18T06:51:07.200000,2026-09-18T06:51:10.200000,9.882576392178562,76.23839640802568,ROUGHNESS,4,1,0.906
E_00756,BUS_006,PASS_01_006_01,SEG_104,2026-09-18T06:51:10,2026-09-18T06:51:10.600000,2026-09-18T06:51:11.200000,9.879247565242423,76.23850946018112,SPEED_BREAKER,1,1,0.785
E_00757,BUS_006,PASS_01_006_01,SEG_105,2026-09-18T06:51:09.600000,2026-09-18T06:51:10.200000,2026-09-18T06:51:10.800000,9.877947107417457,76.23871339335054,SPEED_BREAKER,2,1,0.816
E_00758,BUS_006,PASS_01_006_01,SEG_106,2026-09-18T06:51:02.600000,2026-09-18T06:51:06.500000,2026-09-18T06:51:10.400000,9.876946621131331,76.23907067768363,ROUGHNESS,5,1,0.921
E_00759,BUS_006,PASS_01_006_01,SEG_107,2026-09-18T06:51:04.100000,2026-09-18T06:51:08,2026-09-18T06:51:11.900000,9.87544894502531,76.23962696431097,ROUGHNESS,1,1,0.739
E_00760,BUS_006,PASS_01_006_01,SEG_108,2026-09-18T06:51:06.500000,2026-09-18T06:51:07,2026-09-18T06:51:07.500000,9.874639218748433,76.23981309191674,POTHOLE,4,1,0.872
E_00761,BUS_006,PASS_01_006_01,SEG_109,2026-09-18T06:51:06,2026-09-18T06:51:06.500000,2026-09-18T06:51:07,9.873726940013004,76.24034437859117,POTHOLE,2,1,0.852
E_00762,BUS_006,PASS_01_006_01,SEG_110,2026-09-18T06:51:06.300000,2026-09-18T06:51:06.800000,2026-09-18T06:51:07.300000,9.872463287196336,76.24044233355319,POTHOLE,3,1,0.817
E_00763,BUS_006,PASS_01_006_01,SEG_111,2026-09-18T06:51:08.400000,2026-09-18T06:51:08.900000,2026-09-18T06:51:09.400000,9.87098021898275,76.24074475895384,POTHOLE,2,1,0.866
E_00764,BUS_006,PASS_01_006_01,SEG_112,2026-09-18T06:51:04.800000,2026-09-18T06:51:05.300000,2026-09-18T06:51:05.800000,9.869967399066057,76.2407871264392,POTHOLE,4,1,0.896
E_00765,BUS_006,PASS_01_006_01,SEG_114,2026-09-18T06:51:03.800000,2026-09-18T06:51:06.900000,2026-09-18T06:51:10,9.868006049931301,76.23959042654396,ROUGHNESS,1,1,0.748
E_00766,BUS_006,PASS_01_006_01,SEG_115,2026-09-18T06:51:03.900000,2026-09-18T06:51:07.800000,2026-09-18T06:51:11.700000,9.867057673836484,76.23898981674184,ROUGHNESS,1,1,0.791
E_00767,BUS_006,PASS_01_006_01,SEG_116,2026-09-18T06:51:06.200000,2026-09-18T06:51:10.100000,2026-09-18T06:51:14,9.865530004863826,76.2380572017929,ROUGHNESS,3,1,0.828
E_00768,BUS_006,PASS_01_006_01,SEG_119,2026-09-18T06:51:02.800000,2026-09-18T06:51:06.700000,2026-09-18T06:51:10.600000,9.863200796404152,76.23606789578122,ROUGHNESS,3,1,0.851
E_00769,BUS_006,PASS_01_006_01,SEG_121,2026-09-18T06:51:08.700000,2026-09-18T06:51:10.100000,2026-09-18T06:51:11.500000,9.861152221233116,76.23418066291681,BROKEN_PATCH,4,1,0.937
E_00770,BUS_006,PASS_01_006_01,SEG_122,2026-09-18T06:51:10.100000,2026-09-18T06:51:10.600000,2026-09-18T06:51:11.100000,9.86024035129696,76.23351900863364,POTHOLE,3,1,0.88
E_00771,BUS_006,PASS_01_006_01,SEG_123,2026-09-18T06:51:06.900000,2026-09-18T06:51:10.800000,2026-09-18T06:51:14.700000,9.859217297766195,76.23279360386127,ROUGHNESS,4,1,0.943
E_00772,BUS_006,PASS_01_006_01,SEG_124,2026-09-18T06:51:05.400000,2026-09-18T06:51:09.300000,2026-09-18T06:51:13.200000,9.858306302365524,76.23213587902156,ROUGHNESS,5,1,0.898
E_00773,BUS_006,PASS_01_006_01,SEG_125,2026-09-18T06:51:06.200000,2026-09-18T06:51:06.700000,2026-09-18T06:51:07.200000,9.857565510005506,76.23151760321251,POTHOLE,1,1,0.778
E_00774,BUS_006,PASS_01_006_01,SEG_132,2026-09-18T06:51:06,2026-09-18T06:51:07.100000,2026-09-18T06:51:08.200000,9.853546314467884,76.22505840171027,BROKEN_PATCH,5,1,0.97
E_00775,BUS_006,PASS_01_006_01,SEG_133,2026-09-18T06:51:04.500000,2026-09-18T06:51:05.600000,2026-09-18T06:51:06.700000,9.853094560360836,76.22428795011997,BROKEN_PATCH,2,1,0.788
E_00776,BUS_006,PASS_01_006_01,SEG_136,2026-09-18T06:51:07.600000,2026-09-18T06:51:08.600000,2026-09-18T06:51:09.600000,9.851987567515105,76.22121919483004,BROKEN_PATCH,3,1,0.919
E_00777,BUS_006,PASS_01_006_01,SEG_137,2026-09-18T06:51:06.500000,2026-09-18T06:51:07.900000,2026-09-18T06:51:09.300000,9.851686029990647,76.22008762505025,BROKEN_PATCH,2,1,0.771
E_00778,BUS_006,PASS_01_006_01,SEG_139,2026-09-18T06:51:06.800000,2026-09-18T06:51:07.800000,2026-09-18T06:51:08.800000,9.850914724056198,76.21813359177288,BROKEN_PATCH,1,1,0.782
E_00779,BUS_006,PASS_01_006_01,SEG_141,2026-09-18T06:51:05.600000,2026-09-18T06:51:06.700000,2026-09-18T06:51:07.800000,9.850419998097065,76.21624786394632,BROKEN_PATCH,5,1,0.97
E_00780,BUS_006,PASS_01_006_01,SEG_143,2026-09-18T06:51:04.800000,2026-09-18T06:51:05.600000,2026-09-18T06:51:06.400000,9.84991851028634,76.21429641000522,BROKEN_PATCH,5,1,0.97
E_00781,BUS_006,PASS_01_006_01,SEG_145,2026-09-18T06:51:08.900000,2026-09-18T06:51:10.300000,2026-09-18T06:51:11.700000,9.84971596898634,76.21209919012428,BROKEN_PATCH,5,1,0.919
E_00782,BUS_006,PASS_01_006_01,SEG_147,2026-09-18T06:51:06.200000,2026-09-18T06:51:06.700000,2026-09-18T06:51:07.200000,9.84947961424762,76.2094244539298,SPEED_BREAKER,2,1,0.745
E_00783,BUS_006,PASS_01_006_01,SEG_149,2026-09-18T06:51:06.700000,2026-09-18T06:51:07.200000,2026-09-18T06:51:07.700000,9.849818369924071,76.20734673592678,SPEED_BREAKER,2,1,0.768
E_00784,BUS_006,PASS_01_006_01,SEG_150,2026-09-18T06:51:08.900000,2026-09-18T06:51:09.400000,2026-09-18T06:51:09.900000,9.85072682240678,76.20623131621856,SPEED_BREAKER,3,1,0.857
E_00785,BUS_006,PASS_01_006_01,SEG_152,2026-09-18T06:51:06.300000,2026-09-18T06:51:06.800000,2026-09-18T06:51:07.300000,9.85242786367791,76.20469048692962,SPEED_BREAKER,4,1,0.952
E_00786,BUS_006,PASS_01_006_02,SEG_023,2026-09-18T09:21:07.900000,2026-09-18T09:21:08.400000,2026-09-18T09:21:08.900000,9.94655199042183,76.28007954685381,SPEED_BREAKER,1,1,0.709
E_00787,BUS_006,PASS_01_006_02,SEG_024,2026-09-18T09:21:04.200000,2026-09-18T09:21:04.700000,2026-09-18T09:21:05.200000,9.945884299552821,76.2792935367388,SPEED_BREAKER,5,1,0.955
E_00788,BUS_006,PASS_01_006_02,SEG_025,2026-09-18T09:21:03.100000,2026-09-18T09:21:03.600000,2026-09-18T09:21:04.100000,9.94552518484469,76.27858491688504,SPEED_BREAKER,2,1,0.878
E_00789,BUS_006,PASS_01_006_02,SEG_028,2026-09-18T09:21:07.800000,2026-09-18T09:21:08.300000,2026-09-18T09:21:08.800000,9.943989552230123,76.27534098485759,SPEED_BREAKER,2,1,0.785
E_00790,BUS_006,PASS_01_006_02,SEG_029,2026-09-18T09:21:03.900000,2026-09-18T09:21:04.400000,2026-09-18T09:21:04.900000,9.943438619752088,76.27439636847626,SPEED_BREAKER,2,1,0.783
E_00791,BUS_006,PASS_01_006_02,SEG_033,2026-09-18T09:21:05.900000,2026-09-18T09:21:06.400000,2026-09-18T09:21:06.900000,9.940019081357654,76.27092815044573,SPEED_BREAKER,1,1,0.725
E_00792,BUS_006,PASS_01_006_02,SEG_035,2026-09-18T09:21:05.600000,2026-09-18T09:21:06.100000,2026-09-18T09:21:06.600000,9.9383481407716,76.26945170068888,SPEED_BREAKER,1,1,0.693
E_00793,BUS_006,PASS_01_006_02,SEG_036,2026-09-18T09:21:06,2026-09-18T09:21:06.500000,2026-09-18T09:21:07,9.937458246858142,76.26862740276225,POTHOLE,4,1,0.916
E_00794,BUS_006,PASS_01_006_02,SEG_037,2026-09-18T09:21:04.500000,2026-09-18T09:21:05,2026-09-18T09:21:05.500000,9.936732927404078,76.26801276207262,POTHOLE,2,1,0.792
E_00795,BUS_006,PASS_01_006_02,SEG_039,2026-09-18T09:21:04.500000,2026-09-18T09:21:05,2026-09-18T09:21:05.500000,9.935994724506296,76.26617752897691,POTHOLE,5,1,0.92
E_00796,BUS_006,PASS_01_006_02,SEG_041,2026-09-18T09:21:07.300000,2026-09-18T09:21:07.800000,2026-09-18T09:21:08.300000,9.93565721774199,76.26343179493479,POTHOLE,1,1,0.803
E_00797,BUS_006,PASS_01_006_02,SEG_042,2026-09-18T09:21:03.200000,2026-09-18T09:21:03.700000,2026-09-18T09:21:04.200000,9.935255252858708,76.26228662730134,POTHOLE,5,1,0.927
E_00798,BUS_006,PASS_01_006_02,SEG_043,2026-09-18T09:21:04,2026-09-18T09:21:04.500000,2026-09-18T09:21:05,9.935044702800283,76.26154167712558,POTHOLE,4,1,0.851
E_00799,BUS_006,PASS_01_006_02,SEG_044,2026-09-18T09:21:04.300000,2026-09-18T09:21:04.800000,2026-09-18T09:21:05.300000,9.93455811285191,76.26018558420802,POTHOLE,4,1,0.965
E_00800,BUS_006,PASS_01_006_02,SEG_046,2026-09-18T09:21:07,2026-09-18T09:21:07.500000,2026-09-18T09:21:08,9.934184308869485,76.25819699562683,POTHOLE,4,1,0.968
E_00801,BUS_006,PASS_01_006_02,SEG_048,2026-09-18T09:21:03.900000,2026-09-18T09:21:07.200000,2026-09-18T09:21:10.500000,9.933694433075743,76.25641585558525,ROUGHNESS,3,1,0.854
E_00802,BUS_006,PASS_01_006_02,SEG_049,2026-09-18T09:21:02.700000,2026-09-18T09:21:05.400000,2026-09-18T09:21:08.100000,9.933512717447599,76.25540906260254,ROUGHNESS,2,1,0.809
E_00803,BUS_006,PASS_01_006_02,SEG_050,2026-09-18T09:21:07.600000,2026-09-18T09:21:08.100000,2026-09-18T09:21:08.600000,9.93311154425309,76.25424788284768,POTHOLE,4,1,0.873
E_00804,BUS_006,PASS_01_006_02,SEG_051,2026-09-18T09:21:06.700000,2026-09-18T09:21:07.200000,2026-09-18T09:21:07.700000,9.932226858059645,76.25300841783483,POTHOLE,3,1,0.889
E_00805,BUS_006,PASS_01_006_02,SEG_053,2026-09-18T09:21:03.300000,2026-09-18T09:21:06.900000,2026-09-18T09:21:10.500000,9.93114109866012,76.25100892245476,ROUGHNESS,3,1,0.863
E_00806,BUS_006,PASS_01_006_02,SEG_054,2026-09-18T09:21:04.100000,2026-09-18T09:21:06.800000,2026-09-18T09:21:09.500000,9.930791239401739,76.24980760789549,ROUGHNESS,2,1,0.834
E_00807,BUS_006,PASS_01_006_02,SEG_058,2026-09-18T09:21:03.600000,2026-09-18T09:21:07.500000,2026-09-18T09:21:11.400000,9.928462207038152,76.24646596148581,ROUGHNESS,1,1,0.716
E_00808,BUS_006,PASS_01_006_02,SEG_059,2026-09-18T09:21:03.900000,2026-09-18T09:21:07.500000,2026-09-18T09:21:11.100000,9.92746358722696,76.2456268248719,ROUGHNESS,5,1,0.97
E_00809,BUS_006,PASS_01_006_02,SEG_060,2026-09-18T09:21:07.500000,2026-09-18T09:21:08,2026-09-18T09:21:08.500000,9.926614045298766,76.24488495106225,POTHOLE,4,1,0.867
E_00810,BUS_006,PASS_01_006_02,SEG_061,2026-09-18T09:21:05.800000,2026-09-18T09:21:06.300000,2026-09-18T09:21:06.800000,9.925632041928921,76.24415857143866,POTHOLE,3,1,0.797
E_00811,BUS_006,PASS_01_006_02,SEG_063,2026-09-18T09:21:04,2026-09-18T09:21:07.300000,2026-09-18T09:21:10.600000,9.924382707452255,76.24289190387259,ROUGHNESS,1,1,0.713
E_00812,BUS_006,PASS_01_006_02,SEG_064,2026-09-18T09:21:04.300000,2026-09-18T09:21:04.800000,2026-09-18T09:21:05.300000,9.923846279501893,76.24220826565995,POTHOLE,5,1,0.97
E_00813,BUS_006,PASS_01_006_02,SEG_067,2026-09-18T09:21:06.800000,2026-09-18T09:21:07.300000,2026-09-18T09:21:07.800000,9.921387897660052,76.24027334337599,POTHOLE,1,1,0.685
E_00814,BUS_006,PASS_01_006_02,SEG_068,2026-09-18T09:21:08.300000,2026-09-18T09:21:08.800000,2026-09-18T09:21:09.300000,9.920016817386987,76.23947368267223,POTHOLE,2,1,0.758
E_00815,BUS_006,PASS_01_006_02,SEG_074,2026-09-18T09:21:05.200000,2026-09-18T09:21:06.400000,2026-09-18T09:21:07.600000,9.913587313476128,76.23538884110154,BROKEN_PATCH,4,1,0.917
E_00816,BUS_006,PASS_01_006_02,SEG_076,2026-09-18T09:21:05.300000,2026-09-18T09:21:06.200000,2026-09-18T09:21:07.100000,9.911173016336605,76.23526688054355,BROKEN_PATCH,3,1,0.839
E_00817,BUS_006,PASS_01_006_02,SEG_078,2026-09-18T09:21:07.300000,2026-09-18T09:21:08.300000,2026-09-18T09:21:09.300000,9.90934959577009,76.23583616653289,BROKEN_PATCH,3,1,0.829
E_00818,BUS_006,PASS_01_006_02,SEG_081,2026-09-18T09:21:03.400000,2026-09-18T09:21:04.400000,2026-09-18T09:21:05.400000,9.90648835116203,76.23668689666738,BROKEN_PATCH,3,1,0.915
E_00819,BUS_006,PASS_01_006_02,SEG_087,2026-09-18T09:21:07.400000,2026-09-18T09:21:07.900000,2026-09-18T09:21:08.400000,9.899795968503078,76.23789781423247,SPEED_BREAKER,2,1,0.812
E_00820,BUS_006,PASS_01_006_02,SEG_089,2026-09-18T09:21:08.800000,2026-09-18T09:21:09.400000,2026-09-18T09:21:10,9.897658642192862,76.23820766270055,SPEED_BREAKER,3,1,0.808
E_00821,BUS_006,PASS_01_006_02,SEG_095,2026-09-18T09:21:09.300000,2026-09-18T09:21:09.900000,2026-09-18T09:21:10.500000,9.889324014962039,76.23857081582605,SPEED_BREAKER,1,1,0.709
E_00822,BUS_006,PASS_01_006_02,SEG_098,2026-09-18T09:21:09,2026-09-18T09:21:09.600000,2026-09-18T09:21:10.200000,9.886313656843983,76.23841573092642,SPEED_BREAKER,5,1,0.942
E_00823,BUS_006,PASS_01_006_02,SEG_100,2026-09-18T09:21:06.600000,2026-09-18T09:21:07.200000,2026-09-18T09:21:07.800000,9.883978702452955,76.23839472308643,SPEED_BREAKER,1,1,0.789
E_00824,BUS_006,PASS_01_006_02,SEG_101,2026-09-18T09:21:05.500000,2026-09-18T09:21:09.400000,2026-09-18T09:21:13.300000,9.882656555744958,76.23847081765021,ROUGHNESS,2,1,0.744
E_00825,BUS_006,PASS_01_006_02,SEG_104,2026-09-18T09:21:07.900000,2026-09-18T09:21:08.500000,2026-09-18T09:21:09.100000,9.879211164502598,76.2383822020087,SPEED_BREAKER,1,1,0.717
E_00826,BUS_006,PASS_01_006_02,SEG_106,2026-09-18T09:21:06.800000,2026-09-18T09:21:10.700000,2026-09-18T09:21:14.600000,9.876741328600511,76.23925899135965,ROUGHNESS,5,1,0.941
E_00827,BUS_006,PASS_01_006_02,SEG_107,2026-09-18T09:21:11.100000,2026-09-18T09:21:11.600000,2026-09-18T09:21:12.100000,9.875183061525233,76.23976472620603,POTHOLE,5,1,0.844
E_00828,BUS_006,PASS_01_006_02,SEG_107,2026-09-18T09:21:02.500000,2026-09-18T09:21:06.400000,2026-09-18T09:21:10.300000,9.875652675976294,76.23955773015305,ROUGHNESS,5,1,0.97
E_00829,BUS_006,PASS_01_006_02,SEG_108,2026-09-18T09:21:09.200000,2026-09-18T09:21:09.700000,2026-09-18T09:21:10.200000,9.87429896660035,76.24004146279685,POTHOLE,5,1,0.927
E_00830,BUS_006,PASS_01_006_02,SEG_109,2026-09-18T09:21:07.600000,2026-09-18T09:21:11.500000,2026-09-18T09:21:15.400000,9.873301089657438,76.24027019206135,ROUGHNESS,5,1,0.909
E_00831,BUS_006,PASS_01_006_02,SEG_110,2026-09-18T09:21:07.600000,2026-09-18T09:21:08.100000,2026-09-18T09:21:08.600000,9.872359217436,76.24049868579972,POTHOLE,4,1,0.91
E_00832,BUS_006,PASS_01_006_02,SEG_111,2026-09-18T09:21:06,2026-09-18T09:21:06.500000,2026-09-18T09:21:07,9.871025476169596,76.2407562687668,POTHOLE,1,1,0.732
E_00833,BUS_006,PASS_01_006_02,SEG_112,2026-09-18T09:21:08.400000,2026-09-18T09:21:08.700000,2026-09-18T09:21:09,9.869730418583572,76.24064300769577,POTHOLE,4,1,0.894
E_00834,BUS_006,PASS_01_006_02,SEG_112,2026-09-18T09:21:02.500000,2026-09-18T09:21:05.400000,2026-09-18T09:21:08.300000,9.869903317094199,76.24083983386873,ROUGHNESS,1,1,0.786
E_00835,BUS_006,PASS_01_006_02,SEG_113,2026-09-18T09:21:10.700000,2026-09-18T09:21:11.200000,2026-09-18T09:21:11.700000,9.86881736537526,76.24005173015144,POTHOLE,1,1,0.754
E_00836,BUS_006,PASS_01_006_02,SEG_114,2026-09-18T09:21:02.700000,2026-09-18T09:21:05.800000,2026-09-18T09:21:08.900000,9.868055015341971,76.23965699673651,ROUGHNESS,2,1,0.79
E_00837,BUS_006,PASS_01_006_02,SEG_115,2026-09-18T09:21:03.300000,2026-09-18T09:21:07.200000,2026-09-18T09:21:11.100000,9.867126909567428,76.2390720216691,ROUGHNESS,2,1,0.804
E_00838,BUS_006,PASS_01_006_02,SEG_116,2026-09-18T09:21:08.600000,2026-09-18T09:21:09.100000,2026-09-18T09:21:09.600000,9.86563708695895,76.23815784469477,POTHOLE,4,1,0.938
E_00839,BUS_006,PASS_01_006_02,SEG_117,2026-09-18T09:21:07.600000,2026-09-18T09:21:08.100000,2026-09-18T09:21:08.600000,9.864610887839985,76.23722623882675,POTHOLE,5,1,0.97
E_00840,BUS_006,PASS_01_006_02,SEG_119,2026-09-18T09:21:04.400000,2026-09-18T09:21:08.300000,2026-09-18T09:21:12.200000,9.863087210034841,76.2358581119074,ROUGHNESS,4,1,0.848
E_00841,BUS_006,PASS_01_006_02,SEG_121,2026-09-18T09:21:06.200000,2026-09-18T09:21:07.600000,2026-09-18T09:21:09,9.861315782486304,76.23435941325602,BROKEN_PATCH,3,1,0.818
E_00842,BUS_006,PASS_01_006_02,SEG_122,2026-09-18T09:21:04.600000,2026-09-18T09:21:05.900000,2026-09-18T09:21:07.200000,9.86036082208405,76.23361131918678,BROKEN_PATCH,3,1,0.834
E_00843,BUS_006,PASS_01_006_02,SEG_123,2026-09-18T09:21:08.500000,2026-09-18T09:21:08.500000,2026-09-18T09:21:08.500000,9.859260897832751,76.232794275396,POTHOLE,5,1,0.97
E_00844,BUS_006,PASS_01_006_02,SEG_123,2026-09-18T09:21:05.600000,2026-09-18T09:21:07,2026-09-18T09:21:08.400000,9.859470228745,76.2328455850787,BROKEN_PATCH,3,1,0.857
E_00845,BUS_006,PASS_01_006_02,SEG_124,2026-09-18T09:21:05.900000,2026-09-18T09:21:09.800000,2026-09-18T09:21:13.700000,9.858304642619306,76.23198192817384,ROUGHNESS,5,1,0.88
E_00846,BUS_006,PASS_01_006_02,SEG_125,2026-09-18T09:21:05.300000,2026-09-18T09:21:05.800000,2026-09-18T09:21:06.300000,9.85754170193559,76.2317749756105,POTHOLE,1,1,0.806
E_00847,BUS_006,PASS_01_006_02,SEG_133,2026-09-18T09:21:05.800000,2026-09-18T09:21:06.900000,2026-09-18T09:21:08,9.853102154778522,76.22434680111174,BROKEN_PATCH,3,1,0.852
E_00848,BUS_006,PASS_01_006_02,SEG_136,2026-09-18T09:21:04.200000,2026-09-18T09:21:05.300000,2026-09-18T09:21:06.400000,9.852088860664114,76.2215227679686,BROKEN_PATCH,2,1,0.819
E_00849,BUS_006,PASS_01_006_02,SEG_137,2026-09-18T09:21:09.800000,2026-09-18T09:21:11.200000,2026-09-18T09:21:12.600000,9.851618279329841,76.21987162332115,BROKEN_PATCH,1,1,0.746
E_00850,BUS_006,PASS_01_006_02,SEG_139,2026-09-18T09:21:05,2026-09-18T09:21:06.100000,2026-09-18T09:21:07.200000,9.851014459911092,76.21809432283133,BROKEN_PATCH,1,1,0.819
E_00851,BUS_006,PASS_01_006_02,SEG_145,2026-09-18T09:21:06.300000,2026-09-18T09:21:07.700000,2026-09-18T09:21:09.100000,9.84982259682831,76.21239829227062,BROKEN_PATCH,3,1,0.841
E_00852,BUS_006,PASS_01_006_02,SEG_147,2026-09-18T09:21:09.700000,2026-09-18T09:21:10.300000,2026-09-18T09:21:10.900000,9.84962814104672,76.20922132229012,SPEED_BREAKER,3,1,0.88
E_00853,BUS_006,PASS_01_006_02,SEG_148,2026-09-18T09:21:07.600000,2026-09-18T09:21:08.100000,2026-09-18T09:21:08.600000,9.849381981889248,76.2080844725108,SPEED_BREAKER,2,1,0.749
E_00854,BUS_006,PASS_01_006_02,SEG_149,2026-09-18T09:21:08.600000,2026-09-18T09:21:09.200000,2026-09-18T09:21:09.800000,9.849834071212719,76.20727504403318,SPEED_BREAKER,2,1,0.751
E_00855,BUS_006,PASS_01_006_02,SEG_152,2026-09-18T09:21:04.900000,2026-09-18T09:21:05.400000,2026-09-18T09:21:05.900000,9.852340006931732,76.20479589349053,SPEED_BREAKER,4,1,0.865
E_00856,BUS_006,PASS_01_006_02,SEG_154,2026-09-18T09:21:08.100000,2026-09-18T09:21:08.600000,2026-09-18T09:21:09.100000,9.853717761932204,76.20310502620363,SPEED_BREAKER,5,1,0.887
E_00857,BUS_006,PASS_01_006_02,SEG_157,2026-09-18T09:21:08,2026-09-18T09:21:08.600000,2026-09-18T09:21:09.200000,9.856781423723001,76.20083713161247,SPEED_BREAKER,1,1,0.731
E_00858,BUS_007,PASS_01_007_01,SEG_023,2026-09-18T06:30:05.200000,2026-09-18T06:30:05.700000,2026-09-18T06:30:06.200000,9.946700609971236,76.2803814822419,SPEED_BREAKER,3,1,0.822
E_00859,BUS_007,PASS_01_007_01,SEG_024,2026-09-18T06:30:03.500000,2026-09-18T06:30:04,2026-09-18T06:30:04.500000,9.945979232633778,76.2793071234505,SPEED_BREAKER,4,1,0.923
E_00860,BUS_007,PASS_01_007_01,SEG_028,2026-09-18T06:30:06.700000,2026-09-18T06:30:07.200000,2026-09-18T06:30:07.700000,9.944190054768702,76.27540532397087,SPEED_BREAKER,3,1,0.85
E_00861,BUS_007,PASS_01_007_01,SEG_029,2026-09-18T06:30:06.700000,2026-09-18T06:30:07.200000,2026-09-18T06:30:07.700000,9.943241534262338,76.27409356791837,SPEED_BREAKER,1,1,0.75
E_00862,BUS_007,PASS_01_007_01,SEG_033,2026-09-18T06:30:05.600000,2026-09-18T06:30:06.100000,2026-09-18T06:30:06.600000,9.940038926133393,76.27086822503965,SPEED_BREAKER,3,1,0.802
E_00863,BUS_007,PASS_01_007_01,SEG_035,2026-09-18T06:30:05.600000,2026-09-18T06:30:06.100000,2026-09-18T06:30:06.600000,9.938276573883552,76.2693596465851,SPEED_BREAKER,5,1,0.951
E_00864,BUS_007,PASS_01_007_01,SEG_037,2026-09-18T06:30:03.200000,2026-09-18T06:30:03.700000,2026-09-18T06:30:04.200000,9.936850054696396,76.26798392623293,POTHOLE,2,1,0.816
E_00865,BUS_007,PASS_01_007_01,SEG_038,2026-09-18T06:30:03.700000,2026-09-18T06:30:04.200000,2026-09-18T06:30:04.700000,9.936248949332404,76.26721456391016,POTHOLE,1,1,0.75
E_00866,BUS_007,PASS_01_007_01,SEG_039,2026-09-18T06:30:05.100000,2026-09-18T06:30:05.600000,2026-09-18T06:30:06.100000,9.936018788502173,76.26607849992101,POTHOLE,3,1,0.876
E_00867,BUS_007,PASS_01_007_01,SEG_040,2026-09-18T06:30:05.800000,2026-09-18T06:30:06.300000,2026-09-18T06:30:06.800000,9.93563920694789,76.26470805601595,POTHOLE,4,1,0.865
E_00868,BUS_007,PASS_01_007_01,SEG_042,2026-09-18T06:30:03.400000,2026-09-18T06:30:03.900000,2026-09-18T06:30:04.400000,9.935328010548174,76.26225829025621,POTHOLE,1,1,0.722
E_00869,BUS_007,PASS_01_007_01,SEG_043,2026-09-18T06:30:06.500000,2026-09-18T06:30:07,2026-09-18T06:30:07.500000,9.935034146224648,76.26104872779379,POTHOLE,3,1,0.809
E_00870,BUS_007,PASS_01_007_01,SEG_046,2026-09-18T06:30:05.800000,2026-09-18T06:30:06.300000,2026-09-18T06:30:06.800000,9.934297105063573,76.25836844791903,POTHOLE,1,1,0.73
E_00871,BUS_007,PASS_01_007_01,SEG_048,2026-09-18T06:30:02.800000,2026-09-18T06:30:05.700000,2026-09-18T06:30:08.600000,9.933787165814088,76.25621189657723,ROUGHNESS,4,1,0.89
E_00872,BUS_007,PASS_01_007_01,SEG_049,2026-09-18T06:30:02.700000,2026-09-18T06:30:05.100000,2026-09-18T06:30:07.500000,9.933529776822681,76.25539178043256,ROUGHNESS,5,1,0.957
E_00873,BUS_007,PASS_01_007_01,SEG_050,2026-09-18T06:30:11.100000,2026-09-18T06:30:11.600000,2026-09-18T06:30:12.100000,9.932879616117065,76.25393903063028,POTHOLE,1,1,0.694
E_00874,BUS_007,PASS_01_007_01,SEG_053,2026-09-18T06:30:05.900000,2026-09-18T06:30:09.200000,2026-09-18T06:30:12.500000,9.931121638749284,76.25073419730687,ROUGHNESS,2,1,0.774
E_00875,BUS_007,PASS_01_007_01,SEG_054,2026-09-18T06:30:03.800000,2026-09-18T06:30:06.200000,2026-09-18T06:30:08.600000,9.930656435013068,76.24980105463733,ROUGHNESS,4,1,0.837
E_00876,BUS_007,PASS_01_007_01,SEG_057,2026-09-18T06:30:04.300000,2026-09-18T06:30:04.800000,2026-09-18T06:30:05.300000,9.929260270862455,76.24739618321894,POTHOLE,3,1,0.878
E_00877,BUS_007,PASS_01_007_01,SEG_058,2026-09-18T06:30:06,2026-09-18T06:30:06.400000,2026-09-18T06:30:06.700000,9.928637203297448,76.24652353751625,POTHOLE,4,1,0.924
E_00878,BUS_007,PASS_01_007_01,SEG_058,2026-09-18T06:30:06.800000,2026-09-18T06:30:10.700000,2026-09-18T06:30:14.600000,9.928193572196095,76.2462185325465,ROUGHNESS,3,1,0.838
E_00879,BUS_007,PASS_01_007_01,SEG_060,2026-09-18T06:30:09,2026-09-18T06:30:09.500000,2026-09-18T06:30:10,9.92638036205675,76.24461346142458,POTHOLE,2,1,0.869
E_00880,BUS_007,PASS_01_007_01,SEG_061,2026-09-18T06:30:04.300000,2026-09-18T06:30:04.800000,2026-09-18T06:30:05.300000,9.925725782227826,76.24419219682271,POTHOLE,2,1,0.807
E_00881,BUS_007,PASS_01_007_01,SEG_063,2026-09-18T06:30:05.100000,2026-09-18T06:30:05.600000,2026-09-18T06:30:06.100000,9.924497634959005,76.24286271086254,POTHOLE,4,1,0.97
E_00882,BUS_007,PASS_01_007_01,SEG_065,2026-09-18T06:30:05.700000,2026-09-18T06:30:06.600000,2026-09-18T06:30:07.500000,9.923224191762117,76.2415023539636,BROKEN_PATCH,1,1,0.735
E_00883,BUS_007,PASS_01_007_01,SEG_068,2026-09-18T06:30:10.700000,2026-09-18T06:30:11.200000,2026-09-18T06:30:11.700000,9.919650153921545,76.23945408345043,POTHOLE,4,1,0.889
E_00884,BUS_007,PASS_01_007_01,SEG_070,2026-09-18T06:30:06.600000,2026-09-18T06:30:07.100000,2026-09-18T06:30:07.600000,9.917531800247323,76.23844587018345,POTHOLE,3,1,0.855
E_00885,BUS_007,PASS_01_007_01,SEG_074,2026-09-18T06:30:05.700000,2026-09-18T06:30:06.800000,2026-09-18T06:30:07.900000,9.913603009760761,76.23530886203459,BROKEN_PATCH,1,1,0.746
E_00886,BUS_007,PASS_01_007_01,SEG_076,2026-09-18T06:30:06.400000,2026-09-18T06:30:07.200000,2026-09-18T06:30:08,9.91103289264473,76.23533860835471,BROKEN_PATCH,4,1,0.897
E_00887,BUS_007,PASS_01_007_01,SEG_078,2026-09-18T06:30:04.400000,2026-09-18T06:30:05.400000,2026-09-18T06:30:06.400000,9.909385575477971,76.23569066655935,BROKEN_PATCH,1,1,0.68
E_00888,BUS_007,PASS_01_007_01,SEG_081,2026-09-18T06:30:05,2026-09-18T06:30:05.900000,2026-09-18T06:30:06.800000,9.906425989692313,76.23657590601971,BROKEN_PATCH,5,1,0.941
E_00889,BUS_007,PASS_01_007_01,SEG_087,2026-09-18T06:30:03.900000,2026-09-18T06:30:04.400000,2026-09-18T06:30:04.900000,9.900005008913734,76.23773075992763,SPEED_BREAKER,1,1,0.717
E_00890,BUS_007,PASS_01_007_01,SEG_089,2026-09-18T06:30:07.200000,2026-09-18T06:30:07.800000,2026-09-18T06:30:08.400000,9.89767018354372,76.23828224831247,SPEED_BREAKER,1,1,0.714
E_00891,BUS_007,PASS_01_007_01,SEG_093,2026-09-18T06:30:06.100000,2026-09-18T06:30:06.700000,2026-09-18T06:30:07.300000,9.89226031935537,76.23869043569174,SPEED_BREAKER,5,1,0.968
E_00892,BUS_007,PASS_01_007_01,SEG_094,2026-09-18T06:30:10.200000,2026-09-18T06:30:10.800000,2026-09-18T06:30:11.400000,9.890778271887543,76.23870700265171,SPEED_BREAKER,3,1,0.848
E_00893,BUS_007,PASS_01_007_01,SEG_095,2026-09-18T06:30:06.600000,2026-09-18T06:30:07.200000,2026-09-18T06:30:07.800000,9.88957766478626,76.23849778541751,SPEED_BREAKER,1,1,0.762
E_00894,BUS_007,PASS_01_007_01,SEG_098,2026-09-18T06:30:07.100000,2026-09-18T06:30:07.700000,2026-09-18T06:30:08.300000,9.886356418043261,76.23838116532586,SPEED_BREAKER,2,1,0.755
E_00895,BUS_007,PASS_01_007_01,SEG_101,2026-09-18T06:30:06,2026-09-18T06:30:09.900000,2026-09-18T06:30:13.800000,9.882529899669391,76.23834415110397,ROUGHNESS,2,1,0.793
E_00896,BUS_007,PASS_01_007_01,SEG_106,2026-09-18T06:30:04.600000,2026-09-18T06:30:08.500000,2026-09-18T06:30:12.400000,9.876873949725226,76.23907143565195,ROUGHNESS,3,1,0.865
E_00897,BUS_007,PASS_01_007_01,SEG_107,2026-09-18T06:30:06.400000,2026-09-18T06:30:06.700000,2026-09-18T06:30:06.900000,9.875579040440906,76.23973091597048,POTHOLE,3,1,0.83
E_00898,BUS_007,PASS_01_007_01,SEG_107,2026-09-18T06:30:07,2026-09-18T06:30:10.900000,2026-09-18T06:30:14.800000,9.875398113117377,76.23974918399111,ROUGHNESS,4,1,0.913
E_00899,BUS_007,PASS_01_007_01,SEG_109,2026-09-18T06:30:04.700000,2026-09-18T06:30:08.600000,2026-09-18T06:30:12.500000,9.873413605628306,76.24019553099748,ROUGHNESS,5,1,0.947
E_00900,BUS_007,PASS_01_007_01,SEG_110,2026-09-18T06:30:08,2026-09-18T06:30:08.500000,2026-09-18T06:30:09,9.872312437479449,76.24047456864926,POTHOLE,4,1,0.88
E_00901,BUS_007,PASS_01_007_01,SEG_111,2026-09-18T06:30:08.600000,2026-09-18T06:30:09.100000,2026-09-18T06:30:09.600000,9.870973546240663,76.24080025737014,POTHOLE,2,1,0.782
E_00902,BUS_007,PASS_01_007_01,SEG_112,2026-09-18T06:30:03.900000,2026-09-18T06:30:06.500000,2026-09-18T06:30:09.100000,9.869777446202644,76.2407096578239,ROUGHNESS,5,1,0.949
E_00903,BUS_007,PASS_01_007_01,SEG_113,2026-09-18T06:30:07.400000,2026-09-18T06:30:07.900000,2026-09-18T06:30:08.400000,9.86908394260828,76.24016031557323,POTHOLE,5,1,0.97
E_00904,BUS_007,PASS_01_007_01,SEG_114,2026-09-18T06:30:06.400000,2026-09-18T06:30:06.900000,2026-09-18T06:30:07.400000,9.868076796624099,76.23977082591578,POTHOLE,4,1,0.87
E_00905,BUS_007,PASS_01_007_01,SEG_116,2026-09-18T06:30:03.400000,2026-09-18T06:30:07.300000,2026-09-18T06:30:11.200000,9.865672222722832,76.23818356828288,ROUGHNESS,2,1,0.785
E_00906,BUS_007,PASS_01_007_01,SEG_117,2026-09-18T06:30:05.400000,2026-09-18T06:30:05.900000,2026-09-18T06:30:06.400000,9.864732210041431,76.23727911069705,POTHOLE,2,1,0.858
E_00907,BUS_007,PASS_01_007_01,SEG_118,2026-09-18T06:30:05.100000,2026-09-18T06:30:05.600000,2026-09-18T06:30:06.100000,9.863855929177653,76.23654017325173,POTHOLE,3,1,0.828
E_00908,BUS_007,PASS_01_007_01,SEG_119,2026-09-18T06:30:06.300000,2026-09-18T06:30:10.200000,2026-09-18T06:30:14.100000,9.863016188297403,76.23579517609778,ROUGHNESS,1,1,0.71
E_00909,BUS_007,PASS_01_007_01,SEG_121,2026-09-18T06:30:05.600000,2026-09-18T06:30:09.100000,2026-09-18T06:30:12.600000,9.861239803468353,76.2342386775642,ROUGHNESS,4,1,0.931
E_00910,BUS_007,PASS_01_007_01,SEG_122,2026-09-18T06:30:07.500000,2026-09-18T06:30:08.600000,2026-09-18T06:30:09.700000,9.860238013318778,76.23355394633643,BROKEN_PATCH,5,1,0.903
E_00911,BUS_007,PASS_01_007_01,SEG_123,2026-09-18T06:30:03.400000,2026-09-18T06:30:07.100000,2026-09-18T06:30:10.800000,9.859367470401772,76.23280582545854,ROUGHNESS,3,1,0.852
E_00912,BUS_007,PASS_01_007_01,SEG_124,2026-09-18T06:30:02.700000,2026-09-18T06:30:06,2026-09-18T06:30:09.300000,9.858480006168225,76.23216932038707,ROUGHNESS,5,1,0.969
E_00913,BUS_007,PASS_01_007_01,SEG_125,2026-09-18T06:30:07.900000,2026-09-18T06:30:08.300000,2026-09-18T06:30:08.600000,9.857353616370265,76.23132530397989,POTHOLE,1,1,0.757
E_00914,BUS_007,PASS_01_007_01,SEG_125,2026-09-18T06:30:02.400000,2026-09-18T06:30:05.100000,2026-09-18T06:30:07.800000,9.857615760481913,76.2315661418796,ROUGHNESS,4,1,0.869
E_00915,BUS_007,PASS_01_007_01,SEG_133,2026-09-18T06:30:04.500000,2026-09-18T06:30:05.400000,2026-09-18T06:30:06.300000,9.853076728836655,76.22417018923052,BROKEN_PATCH,1,1,0.733
E_00916,BUS_007,PASS_01_007_01,SEG_136,2026-09-18T06:30:06.300000,2026-09-18T06:30:07.200000,2026-09-18T06:30:08.100000,9.85195575750417,76.22117384422538,BROKEN_PATCH,4,1,0.894
E_00917,BUS_007,PASS_01_007_01,SEG_137,2026-09-18T06:30:05.400000,2026-09-18T06:30:06.700000,2026-09-18T06:30:08,9.851702910045399,76.2201873891342,BROKEN_PATCH,5,1,0.942
E_00918,BUS_007,PASS_01_007_01,SEG_139,2026-09-18T06:30:05.600000,2026-09-18T06:30:06.500000,2026-09-18T06:30:07.400000,9.85097033938452,76.21817699543466,BROKEN_PATCH,1,1,0.747
E_00919,BUS_007,PASS_01_007_01,SEG_141,2026-09-18T06:30:03.600000,2026-09-18T06:30:04.600000,2026-09-18T06:30:05.600000,9.85035154668814,76.2159677988378,BROKEN_PATCH,2,1,0.792
E_00920,BUS_007,PASS_01_007_01,SEG_143,2026-09-18T06:30:04.700000,2026-09-18T06:30:05.400000,2026-09-18T06:30:06.100000,9.84967921175534,76.21422073888046,BROKEN_PATCH,1,1,0.717
E_00921,BUS_007,PASS_01_007_01,SEG_144,2026-09-18T06:30:04.500000,2026-09-18T06:30:05.200000,2026-09-18T06:30:05.900000,9.849779016496514,76.21328645416571,BROKEN_PATCH,4,1,0.877
E_00922,BUS_007,PASS_01_007_01,SEG_145,2026-09-18T06:30:09.300000,2026-09-18T06:30:10.700000,2026-09-18T06:30:12.100000,9.849828324415212,76.2120254117406,BROKEN_PATCH,4,1,0.941
E_00923,BUS_007,PASS_01_007_01,SEG_146,2026-09-18T06:30:09.700000,2026-09-18T06:30:10.200000,2026-09-18T06:30:10.700000,9.849731152904727,76.21049491998536,SPEED_BREAKER,3,1,0.856
E_00924,BUS_007,PASS_01_007_01,SEG_148,2026-09-18T06:30:03.400000,2026-09-18T06:30:03.900000,2026-09-18T06:30:04.400000,9.849573596712572,76.2083069600041,SPEED_BREAKER,4,1,0.97
E_00925,BUS_007,PASS_01_007_01,SEG_149,2026-09-18T06:30:04.700000,2026-09-18T06:30:05.200000,2026-09-18T06:30:05.700000,9.849743778356514,76.20740832007962,SPEED_BREAKER,2,1,0.793
E_00926,BUS_007,PASS_01_007_01,SEG_150,2026-09-18T06:30:04.800000,2026-09-18T06:30:05.300000,2026-09-18T06:30:05.800000,9.850489979932677,76.20654182036685,SPEED_BREAKER,2,1,0.828
E_00927,BUS_007,PASS_01_007_01,SEG_152,2026-09-18T06:30:03.100000,2026-09-18T06:30:03.600000,2026-09-18T06:30:04.100000,9.852336709295823,76.20488484676169,SPEED_BREAKER,4,1,0.938
E_00928,BUS_007,PASS_01_007_01,SEG_154,2026-09-18T06:30:04.700000,2026-09-18T06:30:05.200000,2026-09-18T06:30:05.700000,9.853599645000296,76.20315344699614,SPEED_BREAKER,4,1,0.821
E_00929,BUS_007,PASS_01_007_01,SEG_157,2026-09-18T06:30:09.300000,2026-09-18T06:30:09.800000,2026-09-18T06:30:10.300000,9.85685205940517,76.20072641564659,SPEED_BREAKER,4,1,0.904
E_00930,BUS_007,PASS_01_007_02,SEG_157,2026-09-18T09:00:10.300000,2026-09-18T09:00:10.900000,2026-09-18T09:00:11.500000,9.856760156871957,76.20089686749304,SPEED_BREAKER,3,1,0.859
E_00931,BUS_007,PASS_01_007_02,SEG_154,2026-09-18T09:00:10.100000,2026-09-18T09:00:10.600000,2026-09-18T09:00:11.100000,9.853796640582566,76.20310473846638,SPEED_BREAKER,5,1,0.915
E_00932,BUS_007,PASS_01_007_02,SEG_152,2026-09-18T09:00:07.500000,2026-09-18T09:00:08,2026-09-18T09:00:08.500000,9.85242470618651,76.20478511487279,SPEED_BREAKER,2,1,0.833
E_00933,BUS_007,PASS_01_007_02,SEG_150,2026-09-18T09:00:08.600000,2026-09-18T09:00:09.200000,2026-09-18T09:00:09.800000,9.850613612747297,76.2064513459171,SPEED_BREAKER,4,1,0.916
E_00934,BUS_007,PASS_01_007_02,SEG_149,2026-09-18T09:00:09.500000,2026-09-18T09:00:10.100000,2026-09-18T09:00:10.700000,9.849931451012152,76.20728162217432,SPEED_BREAKER,5,1,0.93
E_00935,BUS_007,PASS_01_007_02,SEG_148,2026-09-18T09:00:08,2026-09-18T09:00:08.500000,2026-09-18T09:00:09,9.849548066045035,76.208129710027,SPEED_BREAKER,4,1,0.846
E_00936,BUS_007,PASS_01_007_02,SEG_147,2026-09-18T09:00:09.300000,2026-09-18T09:00:09.900000,2026-09-18T09:00:10.500000,9.849556963715951,76.20926665776537,SPEED_BREAKER,3,1,0.834
E_00937,BUS_007,PASS_01_007_02,SEG_146,2026-09-18T09:00:07.500000,2026-09-18T09:00:08.100000,2026-09-18T09:00:08.700000,9.849653929872133,76.21079823511273,SPEED_BREAKER,4,1,0.878
E_00938,BUS_007,PASS_01_007_02,SEG_145,2026-09-18T09:00:07.300000,2026-09-18T09:00:08.700000,2026-09-18T09:00:10.100000,9.849854383728454,76.21229138856843,BROKEN_PATCH,1,1,0.715
E_00939,BUS_007,PASS_01_007_02,SEG_144,2026-09-18T09:00:06.800000,2026-09-18T09:00:07.900000,2026-09-18T09:00:09,9.849814711008397,76.21325800026725,BROKEN_PATCH,4,1,0.922
E_00940,BUS_007,PASS_01_007_02,SEG_143,2026-09-18T09:00:04.600000,2026-09-18T09:00:05.600000,2026-09-18T09:00:06.600000,9.849980358668628,76.21434124601019,BROKEN_PATCH,4,1,0.876
E_00941,BUS_007,PASS_01_007_02,SEG_141,2026-09-18T09:00:08.200000,2026-09-18T09:00:09.600000,2026-09-18T09:00:11,9.850454036018425,76.21613225218645,BROKEN_PATCH,4,1,0.914
E_00942,BUS_007,PASS_01_007_02,SEG_139,2026-09-18T09:00:07.800000,2026-09-18T09:00:09,2026-09-18T09:00:10.200000,9.850866427641847,76.218091902092,BROKEN_PATCH,2,1,0.821
E_00943,BUS_007,PASS_01_007_02,SEG_137,2026-09-18T09:00:10,2026-09-18T09:00:11.400000,2026-09-18T09:00:12.800000,9.851664488288478,76.21987964161478,BROKEN_PATCH,5,1,0.97
E_00944,BUS_007,PASS_01_007_02,SEG_133,2026-09-18T09:00:07.500000,2026-09-18T09:00:08.700000,2026-09-18T09:00:09.900000,9.853086838278502,76.22423595333709,BROKEN_PATCH,5,1,0.97
E_00945,BUS_007,PASS_01_007_02,SEG_132,2026-09-18T09:00:07.200000,2026-09-18T09:00:08.500000,2026-09-18T09:00:09.800000,9.853453635870064,76.22500084842399,BROKEN_PATCH,4,1,0.94
E_00946,BUS_007,PASS_01_007_02,SEG_128,2026-09-18T09:00:04.700000,2026-09-18T09:00:06,2026-09-18T09:00:07.300000,9.855385544403067,76.22919795417734,BROKEN_PATCH,1,1,0.788
E_00947,BUS_007,PASS_01_007_02,SEG_125,2026-09-18T09:00:07.400000,2026-09-18T09:00:11.300000,2026-09-18T09:00:15.200000,9.857432113416792,76.23133746464372,ROUGHNESS,5,1,0.949
E_00948,BUS_007,PASS_01_007_02,SEG_123,2026-09-18T09:00:05.900000,2026-09-18T09:00:06,2026-09-18T09:00:06,9.859477290309524,76.23293554165501,POTHOLE,3,1,0.912
E_00949,BUS_007,PASS_01_007_02,SEG_123,2026-09-18T09:00:06.100000,2026-09-18T09:00:10,2026-09-18T09:00:13.900000,9.859299819568413,76.23275595963077,ROUGHNESS,2,1,0.779
E_00950,BUS_007,PASS_01_007_02,SEG_122,2026-09-18T09:00:07.700000,2026-09-18T09:00:08.200000,2026-09-18T09:00:08.700000,9.860360896688741,76.23357627956277,POTHOLE,3,1,0.837
E_00951,BUS_007,PASS_01_007_02,SEG_119,2026-09-18T09:00:11.100000,2026-09-18T09:00:11.600000,2026-09-18T09:00:12.100000,9.862864766523245,76.23565749914272,POTHOLE,2,1,0.801
E_00952,BUS_007,PASS_01_007_02,SEG_117,2026-09-18T09:00:10.700000,2026-09-18T09:00:11.200000,2026-09-18T09:00:11.700000,9.864530451049726,76.23710693008395,POTHOLE,5,1,0.927
E_00953,BUS_007,PASS_01_007_02,SEG_116,2026-09-18T09:00:04.100000,2026-09-18T09:00:08,2026-09-18T09:00:11.900000,9.86571775828864,76.23819607378093,ROUGHNESS,2,1,0.843
E_00954,BUS_007,PASS_01_007_02,SEG_115,2026-09-18T09:00:03.300000,2026-09-18T09:00:07.200000,2026-09-18T09:00:11.100000,9.867065787727741,76.23905729409503,ROUGHNESS,2,1,0.809
E_00955,BUS_007,PASS_01_007_02,SEG_114,2026-09-18T09:00:06.600000,2026-09-18T09:00:07.100000,2026-09-18T09:00:07.600000,9.868070102515272,76.23961512614886,POTHOLE,3,1,0.81
E_00956,BUS_007,PASS_01_007_02,SEG_113,2026-09-18T09:00:10.300000,2026-09-18T09:00:10.800000,2026-09-18T09:00:11.300000,9.86900613591874,76.24014319406746,POTHOLE,2,1,0.806
E_00957,BUS_007,PASS_01_007_02,SEG_112,2026-09-18T09:00:05.200000,2026-09-18T09:00:05.700000,2026-09-18T09:00:06.200000,9.8698195576731,76.24079158601727,POTHOLE,5,1,0.938
E_00958,BUS_007,PASS_01_007_02,SEG_111,2026-09-18T09:00:07.700000,2026-09-18T09:00:08.200000,2026-09-18T09:00:08.700000,9.8709795313464,76.24077837064631,POTHOLE,2,1,0.784
E_00959,BUS_007,PASS_01_007_02,SEG_110,2026-09-18T09:00:06.400000,2026-09-18T09:00:06.900000,2026-09-18T09:00:07.400000,9.872398089282752,76.24045241092776,POTHOLE,2,1,0.818
E_00960,BUS_007,PASS_01_007_02,SEG_109,2026-09-18T09:00:07.600000,2026-09-18T09:00:11.500000,2026-09-18T09:00:15.400000,9.873139478083507,76.24022157769238,ROUGHNESS,5,1,0.936
E_00961,BUS_007,PASS_01_007_02,SEG_108,2026-09-18T09:00:08.800000,2026-09-18T09:00:09.300000,2026-09-18T09:00:09.800000,9.87430958055164,76.24001570106059,POTHOLE,5,1,0.917
E_00962,BUS_007,PASS_01_007_02,SEG_107,2026-09-18T09:00:04.900000,2026-09-18T09:00:08.800000,2026-09-18T09:00:12.700000,9.875377534502581,76.23957040485247,ROUGHNESS,3,1,0.898
E_00963,BUS_007,PASS_01_007_02,SEG_106,2026-09-18T09:00:04.300000,2026-09-18T09:00:08.200000,2026-09-18T09:00:12.100000,9.876819476012647,76.23914475257915,ROUGHNESS,4,1,0.802
E_00964,BUS_007,PASS_01_007_02,SEG_104,2026-09-18T09:00:09.800000,2026-09-18T09:00:10.400000,2026-09-18T09:00:11,9.879161147313404,76.23845197548708,SPEED_BREAKER,1,1,0.767
E_00965,BUS_007,PASS_01_007_02,SEG_101,2026-09-18T09:00:09.700000,2026-09-18T09:00:10.300000,2026-09-18T09:00:10.900000,9.882516996880174,76.23837975459772,SPEED_BREAKER,4,1,0.881
E_00966,BUS_007,PASS_01_007_02,SEG_100,2026-09-18T09:00:05.700000,2026-09-18T09:00:06.300000,2026-09-18T09:00:06.900000,9.88415622460461,76.23838382416277,SPEED_BREAKER,1,1,0.759
E_00967,BUS_007,PASS_01_007_02,SEG_095,2026-09-18T09:00:05.800000,2026-09-18T09:00:06.400000,2026-09-18T09:00:07,9.889559689121251,76.23862870078361,SPEED_BREAKER,4,1,0.903
E_00968,BUS_007,PASS_01_007_02,SEG_089,2026-09-18T09:00:07.900000,2026-09-18T09:00:08.500000,2026-09-18T09:00:09.100000,9.897606589907246,76.23814731348509,SPEED_BREAKER,4,1,0.874
E_00969,BUS_007,PASS_01_007_02,SEG_087,2026-09-18T09:00:05.500000,2026-09-18T09:00:06,2026-09-18T09:00:06.500000,9.900007480089362,76.23791009051126,SPEED_BREAKER,4,1,0.923
E_00970,BUS_007,PASS_01_007_02,SEG_081,2026-09-18T09:00:08.100000,2026-09-18T09:00:09.300000,2026-09-18T09:00:10.500000,9.906395368314662,76.23664931794772,BROKEN_PATCH,1,1,0.782
E_00971,BUS_007,PASS_01_007_02,SEG_078,2026-09-18T09:00:07,2026-09-18T09:00:08.300000,2026-09-18T09:00:09.600000,9.909494425488948,76.23570660563406,BROKEN_PATCH,4,1,0.884
E_00972,BUS_007,PASS_01_007_02,SEG_074,2026-09-18T09:00:05.600000,2026-09-18T09:00:07,2026-09-18T09:00:08.400000,9.913730072370926,76.23544370355738,BROKEN_PATCH,3,1,0.881
E_00973,BUS_007,PASS_01_007_02,SEG_071,2026-09-18T09:00:09.500000,2026-09-18T09:00:10.900000,2026-09-18T09:00:12.300000,9.91613114274235,76.23760402776084,BROKEN_PATCH,1,1,0.716
E_00974,BUS_007,PASS_01_007_02,SEG_068,2026-09-18T09:00:06.900000,2026-09-18T09:00:07.400000,2026-09-18T09:00:07.900000,9.920076914329824,76.23954051311041,POTHOLE,4,1,0.883
E_00975,BUS_007,PASS_01_007_02,SEG_067,2026-09-18T09:00:10.500000,2026-09-18T09:00:11,2026-09-18T09:00:11.500000,9.921210679385954,76.23996743374308,POTHOLE,4,1,0.877
E_00976,BUS_007,PASS_01_007_02,SEG_065,2026-09-18T09:00:05.100000,2026-09-18T09:00:05.600000,2026-09-18T09:00:06.100000,9.92333230275644,76.24158144261848,POTHOLE,1,1,0.763
E_00977,BUS_007,PASS_01_007_02,SEG_064,2026-09-18T09:00:06.900000,2026-09-18T09:00:07.400000,2026-09-18T09:00:07.900000,9.923771218494824,76.24214703860652,POTHOLE,3,1,0.816
E_00978,BUS_007,PASS_01_007_02,SEG_063,2026-09-18T09:00:06.300000,2026-09-18T09:00:09.900000,2026-09-18T09:00:13.500000,9.924288582890084,76.24282391665194,ROUGHNESS,4,1,0.87
E_00979,BUS_007,PASS_01_007_02,SEG_062,2026-09-18T09:00:06.200000,2026-09-18T09:00:06.700000,2026-09-18T09:00:07.200000,9.925039604789832,76.24357370807903,POTHOLE,5,1,0.872
E_00980,BUS_007,PASS_01_007_02,SEG_061,2026-09-18T09:00:07.600000,2026-09-18T09:00:08.100000,2026-09-18T09:00:08.600000,9.92561183165795,76.24404289187825,POTHOLE,4,1,0.911
E_00981,BUS_007,PASS_01_007_02,SEG_060,2026-09-18T09:00:03.400000,2026-09-18T09:00:07.300000,2026-09-18T09:00:11.200000,9.926508834006983,76.2448191914218,ROUGHNESS,3,1,0.874
E_00982,BUS_007,PASS_01_007_02,SEG_059,2026-09-18T09:00:03.700000,2026-09-18T09:00:07.500000,2026-09-18T09:00:11.300000,9.92748856861911,76.24563718378855,ROUGHNESS,1,1,0.789
E_00983,BUS_007,PASS_01_007_02,SEG_058,2026-09-18T09:00:05.900000,2026-09-18T09:00:09.800000,2026-09-18T09:00:13.700000,9.928186215093701,76.24628672279275,ROUGHNESS,4,1,0.904
E_00984,BUS_007,PASS_01_007_02,SEG_057,2026-09-18T09:00:08.500000,2026-09-18T09:00:09,2026-09-18T09:00:09.500000,9.929003714458364,76.24713906761436,POTHOLE,4,1,0.906
E_00985,BUS_007,PASS_01_007_02,SEG_054,2026-09-18T09:00:04.300000,2026-09-18T09:00:07.100000,2026-09-18T09:00:09.900000,9.930697654830514,76.25000676314008,ROUGHNESS,3,1,0.813
E_00986,BUS_007,PASS_01_007_02,SEG_053,2026-09-18T09:00:05.500000,2026-09-18T09:00:09.300000,2026-09-18T09:00:13.100000,9.93105369572745,76.2507711359881,ROUGHNESS,4,1,0.97
E_00987,BUS_007,PASS_01_007_02,SEG_051,2026-09-18T09:00:06.600000,2026-09-18T09:00:07.100000,2026-09-18T09:00:07.600000,9.932251840950409,76.2531102503265,POTHOLE,4,1,0.843
E_00988,BUS_007,PASS_01_007_02,SEG_050,2026-09-18T09:00:03.500000,2026-09-18T09:00:07.400000,2026-09-18T09:00:11.300000,9.933025987107648,76.25420708750258,ROUGHNESS,2,1,0.802
E_00989,BUS_007,PASS_01_007_02,SEG_048,2026-09-18T09:00:04.800000,2026-09-18T09:00:08.300000,2026-09-18T09:00:11.800000,9.933767315409163,76.25620287386596,ROUGHNESS,3,1,0.893
E_00990,BUS_007,PASS_01_007_02,SEG_046,2026-09-18T09:00:07.300000,2026-09-18T09:00:07.800000,2026-09-18T09:00:08.300000,9.934226301784404,76.25846510959504,POTHOLE,3,1,0.841
E_00991,BUS_007,PASS_01_007_02,SEG_044,2026-09-18T09:00:04.800000,2026-09-18T09:00:05.300000,2026-09-18T09:00:05.800000,9.934661843629385,76.26014011846183,POTHOLE,1,1,0.75
E_00992,BUS_007,PASS_01_007_02,SEG_043,2026-09-18T09:00:08.100000,2026-09-18T09:00:08.600000,2026-09-18T09:00:09.100000,9.934983374041378,76.26118114775582,POTHOLE,3,1,0.849
E_00993,BUS_007,PASS_01_007_02,SEG_042,2026-09-18T09:00:03.900000,2026-09-18T09:00:04.400000,2026-09-18T09:00:04.900000,9.935400121135775,76.2623763493187,POTHOLE,1,1,0.746
E_00994,BUS_007,PASS_01_007_02,SEG_040,2026-09-18T09:00:06.700000,2026-09-18T09:00:07.200000,2026-09-18T09:00:07.700000,9.93592634404352,76.26485474759343,POTHOLE,3,1,0.819
E_00995,BUS_007,PASS_01_007_02,SEG_039,2026-09-18T09:00:05.200000,2026-09-18T09:00:05.700000,2026-09-18T09:00:06.200000,9.936048645618635,76.26618548861114,POTHOLE,3,1,0.896
E_00996,BUS_007,PASS_01_007_02,SEG_038,2026-09-18T09:00:04.800000,2026-09-18T09:00:05.300000,2026-09-18T09:00:05.800000,9.936191569095037,76.26719631917447,POTHOLE,5,1,0.901
E_00997,BUS_007,PASS_01_007_02,SEG_037,2026-09-18T09:00:03.700000,2026-09-18T09:00:04.200000,2026-09-18T09:00:04.700000,9.936845312587915,76.2680646224708,POTHOLE,5,1,0.965
E_00998,BUS_007,PASS_01_007_02,SEG_036,2026-09-18T09:00:06.100000,2026-09-18T09:00:06.600000,2026-09-18T09:00:07.100000,9.937442530582503,76.26864503948335,POTHOLE,4,1,0.969
E_00999,BUS_007,PASS_01_007_02,SEG_035,2026-09-18T09:00:04.200000,2026-09-18T09:00:04.700000,2026-09-18T09:00:05.200000,9.93847030747033,76.26963715768895,SPEED_BREAKER,4,1,0.843
E_01000,BUS_007,PASS_01_007_02,SEG_033,2026-09-18T09:00:04.400000,2026-09-18T09:00:04.900000,2026-09-18T09:00:05.400000,9.940265678811967,76.27107602185826,SPEED_BREAKER,3,1,0.834
E_01001,BUS_007,PASS_01_007_02,SEG_029,2026-09-18T09:00:07.500000,2026-09-18T09:00:08,2026-09-18T09:00:08.500000,9.94327183054725,76.27416390162064,SPEED_BREAKER,3,1,0.833
E_01002,BUS_007,PASS_01_007_02,SEG_024,2026-09-18T09:00:04.800000,2026-09-18T09:00:05.300000,2026-09-18T09:00:05.800000,9.945936335884026,76.27935563758089,SPEED_BREAKER,5,1,0.952
E_01003,BUS_008,PASS_01_008_01,SEG_157,2026-09-18T06:40:10.700000,2026-09-18T06:40:11.300000,2026-09-18T06:40:11.900000,9.8567745102795,76.20082836075355,SPEED_BREAKER,5,1,0.951
E_01004,BUS_008,PASS_01_008_01,SEG_154,2026-09-18T06:40:04.600000,2026-09-18T06:40:05.100000,2026-09-18T06:40:05.600000,9.85363663984603,76.20327015905178,SPEED_BREAKER,1,1,0.742
E_01005,BUS_008,PASS_01_008_01,SEG_152,2026-09-18T06:40:04.500000,2026-09-18T06:40:05,2026-09-18T06:40:05.500000,9.85226925401548,76.2048228061585,SPEED_BREAKER,1,1,0.769
E_01006,BUS_008,PASS_01_008_01,SEG_150,2026-09-18T06:40:04.900000,2026-09-18T06:40:05.400000,2026-09-18T06:40:05.900000,9.850425798586942,76.20647854169796,SPEED_BREAKER,2,1,0.788
E_01007,BUS_008,PASS_01_008_01,SEG_149,2026-09-18T06:40:08.300000,2026-09-18T06:40:08.800000,2026-09-18T06:40:09.300000,9.849888831288022,76.20712725601494,SPEED_BREAKER,5,1,0.97
E_01008,BUS_008,PASS_01_008_01,SEG_148,2026-09-18T06:40:03.700000,2026-09-18T06:40:04.200000,2026-09-18T06:40:04.700000,9.849479346169058,76.20829346955007,SPEED_BREAKER,4,1,0.961
E_01009,BUS_008,PASS_01_008_01,SEG_147,2026-09-18T06:40:05.200000,2026-09-18T06:40:05.700000,2026-09-18T06:40:06.200000,9.849562580764628,76.20960858831826,SPEED_BREAKER,1,1,0.742
E_01010,BUS_008,PASS_01_008_01,SEG_146,2026-09-18T06:40:05.500000,2026-09-18T06:40:06,2026-09-18T06:40:06.500000,9.849695381608148,76.21096285951435,SPEED_BREAKER,4,1,0.923
E_01011,BUS_008,PASS_01_008_01,SEG_145,2026-09-18T06:40:07,2026-09-18T06:40:08.300000,2026-09-18T06:40:09.600000,9.84976138563443,76.2122217554559,BROKEN_PATCH,1,1,0.773
E_01012,BUS_008,PASS_01_008_01,SEG_144,2026-09-18T06:40:04.400000,2026-09-18T06:40:05.100000,2026-09-18T06:40:05.800000,9.849848203614684,76.21332844620285,BROKEN_PATCH,5,1,0.97
E_01013,BUS_008,PASS_01_008_01,SEG_141,2026-09-18T06:40:05.100000,2026-09-18T06:40:06,2026-09-18T06:40:06.900000,9.850301136072552,76.21596910632131,BROKEN_PATCH,3,1,0.916
E_01014,BUS_008,PASS_01_008_01,SEG_139,2026-09-18T06:40:03.300000,2026-09-18T06:40:04.100000,2026-09-18T06:40:04.900000,9.850981011540066,76.21820876797437,BROKEN_PATCH,3,1,0.842
E_01015,BUS_008,PASS_01_008_01,SEG_136,2026-09-18T06:40:03.800000,2026-09-18T06:40:04.700000,2026-09-18T06:40:05.600000,9.851973318379036,76.22140909947564,BROKEN_PATCH,3,1,0.83
E_01016,BUS_008,PASS_01_008_01,SEG_133,2026-09-18T06:40:05.600000,2026-09-18T06:40:06.500000,2026-09-18T06:40:07.400000,9.85315429138438,76.22410113244929,BROKEN_PATCH,4,1,0.883
E_01017,BUS_008,PASS_01_008_01,SEG_132,2026-09-18T06:40:05.500000,2026-09-18T06:40:06.500000,2026-09-18T06:40:07.500000,9.853432798494508,76.22504971556324,BROKEN_PATCH,5,1,0.967
E_01018,BUS_008,PASS_01_008_01,SEG_128,2026-09-18T06:40:06.400000,2026-09-18T06:40:07.600000,2026-09-18T06:40:08.800000,9.855207295528128,76.2291229058116,BROKEN_PATCH,2,1,0.839
E_01019,BUS_008,PASS_01_008_01,SEG_125,2026-09-18T06:40:06.300000,2026-09-18T06:40:10.200000,2026-09-18T06:40:14.100000,9.857432022939204,76.2313803755896,ROUGHNESS,1,1,0.801
E_01020,BUS_008,PASS_01_008_01,SEG_124,2026-09-18T06:40:05.400000,2026-09-18T06:40:09.300000,2026-09-18T06:40:13.200000,9.858359054217965,76.23207482244327,ROUGHNESS,3,1,0.915
E_01021,BUS_008,PASS_01_008_01,SEG_123,2026-09-18T06:40:06.300000,2026-09-18T06:40:10.200000,2026-09-18T06:40:14.100000,9.859344748006038,76.23281558241621,ROUGHNESS,5,1,0.928
E_01022,BUS_008,PASS_01_008_01,SEG_122,2026-09-18T06:40:05.700000,2026-09-18T06:40:07.100000,2026-09-18T06:40:08.500000,9.860471017487518,76.2336538549656,BROKEN_PATCH,2,1,0.725
E_01023,BUS_008,PASS_01_008_01,SEG_121,2026-09-18T06:40:06.200000,2026-09-18T06:40:10.100000,2026-09-18T06:40:14,9.861176434329932,76.23429275224738,ROUGHNESS,4,1,0.923
E_01024,BUS_008,PASS_01_008_01,SEG_119,2026-09-18T06:40:05.700000,2026-09-18T06:40:09.600000,2026-09-18T06:40:13.500000,9.86304446902226,76.23563013236733,ROUGHNESS,1,1,0.68
E_01025,BUS_008,PASS_01_008_01,SEG_118,2026-09-18T06:40:05.800000,2026-09-18T06:40:06.300000,2026-09-18T06:40:06.800000,9.863826491555482,76.23653984225123,POTHOLE,4,1,0.883
E_01026,BUS_008,PASS_01_008_01,SEG_116,2026-09-18T06:40:12,2026-09-18T06:40:12,2026-09-18T06:40:12,9.86550967889131,76.23790701198692,POTHOLE,1,1,0.767
E_01027,BUS_008,PASS_01_008_01,SEG_116,2026-09-18T06:40:04.100000,2026-09-18T06:40:08,2026-09-18T06:40:11.900000,9.865699501669399,76.2382174426329,ROUGHNESS,2,1,0.76
E_01028,BUS_008,PASS_01_008_01,SEG_115,2026-09-18T06:40:06.300000,2026-09-18T06:40:10.200000,2026-09-18T06:40:14.100000,9.86694183084101,76.23885379201195,ROUGHNESS,2,1,0.728
E_01029,BUS_008,PASS_01_008_01,SEG_114,2026-09-18T06:40:02.800000,2026-09-18T06:40:06.700000,2026-09-18T06:40:10.600000,9.868081664851822,76.23967355313292,ROUGHNESS,3,1,0.852
E_01030,BUS_008,PASS_01_008_01,SEG_112,2026-09-18T06:40:06,2026-09-18T06:40:09.300000,2026-09-18T06:40:12.600000,9.86973913617921,76.2406827387514,ROUGHNESS,2,1,0.806
E_01031,BUS_008,PASS_01_008_01,SEG_111,2026-09-18T06:40:08.700000,2026-09-18T06:40:09.200000,2026-09-18T06:40:09.700000,9.871010422211821,76.24100662357311,POTHOLE,4,1,0.86
E_01032,BUS_008,PASS_01_008_01,SEG_110,2026-09-18T06:40:06.300000,2026-09-18T06:40:06.800000,2026-09-18T06:40:07.300000,9.87236082691638,76.24059076169863,POTHOLE,5,1,0.965
E_01033,BUS_008,PASS_01_008_01,SEG_109,2026-09-18T06:40:06.700000,2026-09-18T06:40:07.200000,2026-09-18T06:40:07.700000,9.873559544449682,76.24016097299203,POTHOLE,4,1,0.929
E_01034,BUS_008,PASS_01_008_01,SEG_108,2026-09-18T06:40:09.200000,2026-09-18T06:40:09.700000,2026-09-18T06:40:10.200000,9.874233098692272,76.24000101174278,POTHOLE,1,1,0.727
E_01035,BUS_008,PASS_01_008_01,SEG_107,2026-09-18T06:40:02.900000,2026-09-18T06:40:06.800000,2026-09-18T06:40:10.700000,9.87555773111549,76.23956162024255,ROUGHNESS,4,1,0.868
E_01036,BUS_008,PASS_01_008_01,SEG_106,2026-09-18T06:40:05.500000,2026-09-18T06:40:09.400000,2026-09-18T06:40:13.300000,9.876733598220008,76.23917992596496,ROUGHNESS,3,1,0.855
E_01037,BUS_008,PASS_01_008_01,SEG_105,2026-09-18T06:40:10,2026-09-18T06:40:10.600000,2026-09-18T06:40:11.200000,9.877874659124542,76.23867310275725,SPEED_BREAKER,4,1,0.952
E_01038,BUS_008,PASS_01_008_01,SEG_104,2026-09-18T06:40:07.600000,2026-09-18T06:40:08.200000,2026-09-18T06:40:08.800000,9.87919458630979,76.23842856775993,SPEED_BREAKER,4,1,0.886
E_01039,BUS_008,PASS_01_008_01,SEG_101,2026-09-18T06:40:03.600000,2026-09-18T06:40:06.700000,2026-09-18T06:40:09.800000,9.882594769117551,76.23841950959941,ROUGHNESS,4,1,0.884
E_01040,BUS_008,PASS_01_008_01,SEG_100,2026-09-18T06:40:06.500000,2026-09-18T06:40:07.100000,2026-09-18T06:40:07.700000,9.883902753997228,76.23856599843403,SPEED_BREAKER,5,1,0.97
E_01041,BUS_008,PASS_01_008_01,SEG_098,2026-09-18T06:40:09.200000,2026-09-18T06:40:09.800000,2026-09-18T06:40:10.400000,9.886273596909833,76.23847688414452,SPEED_BREAKER,4,1,0.878
E_01042,BUS_008,PASS_01_008_01,SEG_095,2026-09-18T06:40:07.400000,2026-09-18T06:40:08,2026-09-18T06:40:08.600000,9.88950755500632,76.23864551136384,SPEED_BREAKER,1,1,0.766
E_01043,BUS_008,PASS_01_008_01,SEG_094,2026-09-18T06:40:09.100000,2026-09-18T06:40:09.700000,2026-09-18T06:40:10.300000,9.8908924738009,76.23862717880894,SPEED_BREAKER,3,1,0.892
E_01044,BUS_008,PASS_01_008_01,SEG_089,2026-09-18T06:40:07.800000,2026-09-18T06:40:08.400000,2026-09-18T06:40:09,9.897627053344179,76.23835155371239,SPEED_BREAKER,5,1,0.97
E_01045,BUS_008,PASS_01_008_01,SEG_087,2026-09-18T06:40:05.800000,2026-09-18T06:40:06.300000,2026-09-18T06:40:06.800000,9.899892428288432,76.23783706268893,SPEED_BREAKER,1,1,0.768
E_01046,BUS_008,PASS_01_008_01,SEG_081,2026-09-18T06:40:04.300000,2026-09-18T06:40:05.400000,2026-09-18T06:40:06.500000,9.906521535065705,76.2366645541451,BROKEN_PATCH,4,1,0.965
E_01047,BUS_008,PASS_01_008_01,SEG_078,2026-09-18T06:40:05,2026-09-18T06:40:06.100000,2026-09-18T06:40:07.200000,9.909446996317591,76.23575758971346,BROKEN_PATCH,2,1,0.777
E_01048,BUS_008,PASS_01_008_01,SEG_076,2026-09-18T06:40:06.100000,2026-09-18T06:40:07.100000,2026-09-18T06:40:08.100000,9.911059288879855,76.2354977516191,BROKEN_PATCH,3,1,0.863
E_01049,BUS_008,PASS_01_008_01,SEG_074,2026-09-18T06:40:07.400000,2026-09-18T06:40:08.600000,2026-09-18T06:40:09.800000,9.913518216306693,76.23528143422111,BROKEN_PATCH,3,1,0.844
E_01050,BUS_008,PASS_01_008_01,SEG_070,2026-09-18T06:40:09,2026-09-18T06:40:09.500000,2026-09-18T06:40:10,9.917234453951183,76.238396540128,POTHOLE,4,1,0.97
E_01051,BUS_008,PASS_01_008_01,SEG_068,2026-09-18T06:40:05.900000,2026-09-18T06:40:06.400000,2026-09-18T06:40:06.900000,9.92025093750998,76.23954961878098,POTHOLE,5,1,0.97
E_01052,BUS_008,PASS_01_008_01,SEG_067,2026-09-18T06:40:07.300000,2026-09-18T06:40:07.800000,2026-09-18T06:40:08.300000,9.921281959069347,76.24019669958055,POTHOLE,5,1,0.96
E_01053,BUS_008,PASS_01_008_01,SEG_064,2026-09-18T06:40:03.900000,2026-09-18T06:40:04.400000,2026-09-18T06:40:04.900000,9.923813978862132,76.24232546848047,POTHOLE,4,1,0.906
E_01054,BUS_008,PASS_01_008_01,SEG_063,2026-09-18T06:40:07.500000,2026-09-18T06:40:08,2026-09-18T06:40:08.500000,9.924257302216118,76.24283620056435,POTHOLE,5,1,0.848
E_01055,BUS_008,PASS_01_008_01,SEG_062,2026-09-18T06:40:03.800000,2026-09-18T06:40:04.300000,2026-09-18T06:40:04.800000,9.92498425604976,76.24343870032712,POTHOLE,3,1,0.847
E_01056,BUS_008,PASS_01_008_01,SEG_061,2026-09-18T06:40:05.400000,2026-09-18T06:40:05.900000,2026-09-18T06:40:06.400000,9.925747937450241,76.24411395606138,POTHOLE,4,1,0.878
E_01057,BUS_008,PASS_01_008_01,SEG_060,2026-09-18T06:40:03.500000,2026-09-18T06:40:06.900000,2026-09-18T06:40:10.300000,9.92643788607511,76.2447942501775,ROUGHNESS,1,1,0.776
E_01058,BUS_008,PASS_01_008_01,SEG_059,2026-09-18T06:40:02.100000,2026-09-18T06:40:05.200000,2026-09-18T06:40:08.300000,9.92747014861177,76.2457212700519,ROUGHNESS,2,1,0.82
E_01059,BUS_008,PASS_01_008_01,SEG_058,2026-09-18T06:40:06.400000,2026-09-18T06:40:10.200000,2026-09-18T06:40:14,9.92814722036727,76.24616395168613,ROUGHNESS,1,1,0.697
E_01060,BUS_008,PASS_01_008_01,SEG_057,2026-09-18T06:40:04.200000,2026-09-18T06:40:04.700000,2026-09-18T06:40:05.200000,9.929158823881123,76.24735595492722,POTHOLE,1,1,0.761
E_01061,BUS_008,PASS_01_008_01,SEG_054,2026-09-18T06:40:05.100000,2026-09-18T06:40:05.600000,2026-09-18T06:40:06.100000,9.930743220523437,76.24982099620463,POTHOLE,2,1,0.772
E_01062,BUS_008,PASS_01_008_01,SEG_053,2026-09-18T06:40:07.400000,2026-09-18T06:40:07.900000,2026-09-18T06:40:08.400000,9.930985278341272,76.25074275268085,POTHOLE,2,1,0.767
E_01063,BUS_008,PASS_01_008_01,SEG_051,2026-09-18T06:40:04.600000,2026-09-18T06:40:05.100000,2026-09-18T06:40:05.600000,9.932217448693407,76.25312809444382,POTHOLE,2,1,0.795
E_01064,BUS_008,PASS_01_008_01,SEG_050,2026-09-18T06:40:05.400000,2026-09-18T06:40:09.300000,2026-09-18T06:40:13.200000,9.9328721848773,76.25418636901468,ROUGHNESS,1,1,0.774
E_01065,BUS_008,PASS_01_008_01,SEG_049,2026-09-18T06:40:02.400000,2026-09-18T06:40:04.600000,2026-09-18T06:40:06.800000,9.933421963587284,76.25526492409331,ROUGHNESS,3,1,0.829
E_01066,BUS_008,PASS_01_008_01,SEG_048,2026-09-18T06:40:04.500000,2026-09-18T06:40:07.200000,2026-09-18T06:40:09.900000,9.933737121972719,76.25616057282467,ROUGHNESS,3,1,0.832
E_01067,BUS_008,PASS_01_008_01,SEG_044,2026-09-18T06:40:03.600000,2026-09-18T06:40:04.100000,2026-09-18T06:40:04.600000,9.934720321536721,76.260045682619,POTHOLE,5,1,0.944
E_01068,BUS_008,PASS_01_008_01,SEG_043,2026-09-18T06:40:05,2026-09-18T06:40:05.500000,2026-09-18T06:40:06,9.93491004440289,76.26126595827012,POTHOLE,4,1,0.885
E_01069,BUS_008,PASS_01_008_01,SEG_042,2026-09-18T06:40:02.700000,2026-09-18T06:40:03.200000,2026-09-18T06:40:03.700000,9.935325204960707,76.26229488044208,POTHOLE,5,1,0.97
E_01070,BUS_008,PASS_01_008_01,SEG_041,2026-09-18T06:40:06,2026-09-18T06:40:06.500000,2026-09-18T06:40:07,9.935568880476914,76.2632997809564,POTHOLE,5,1,0.97
E_01071,BUS_008,PASS_01_008_01,SEG_040,2026-09-18T06:40:03.900000,2026-09-18T06:40:04.400000,2026-09-18T06:40:04.900000,9.935821516421127,76.26488553275307,POTHOLE,2,1,0.773
E_01072,BUS_008,PASS_01_008_01,SEG_039,2026-09-18T06:40:03.400000,2026-09-18T06:40:03.900000,2026-09-18T06:40:04.400000,9.936122532224276,76.2662354214039,POTHOLE,1,1,0.74
E_01073,BUS_008,PASS_01_008_01,SEG_038,2026-09-18T06:40:03.800000,2026-09-18T06:40:04.300000,2026-09-18T06:40:04.800000,9.936245446387861,76.26716457143002,POTHOLE,3,1,0.873
E_01074,BUS_008,PASS_01_008_01,SEG_037,2026-09-18T06:40:02.300000,2026-09-18T06:40:02.800000,2026-09-18T06:40:03.300000,9.936951431640365,76.26810678765017,POTHOLE,5,1,0.895
E_01075,BUS_008,PASS_01_008_01,SEG_036,2026-09-18T06:40:02.800000,2026-09-18T06:40:03.300000,2026-09-18T06:40:03.800000,9.937701108285653,76.26881977805864,POTHOLE,3,1,0.86
E_01076,BUS_008,PASS_01_008_01,SEG_035,2026-09-18T06:40:03.700000,2026-09-18T06:40:04.200000,2026-09-18T06:40:04.700000,9.938467553636546,76.26957751073931,SPEED_BREAKER,1,1,0.692
E_01077,BUS_008,PASS_01_008_01,SEG_033,2026-09-18T06:40:03,2026-09-18T06:40:03.500000,2026-09-18T06:40:04,9.940231623627561,76.2710694870313,SPEED_BREAKER,2,1,0.789
E_01078,BUS_008,PASS_01_008_01,SEG_029,2026-09-18T06:40:05.600000,2026-09-18T06:40:06.100000,2026-09-18T06:40:06.600000,9.943246342613623,76.2740742017278,SPEED_BREAKER,2,1,0.772
E_01079,BUS_008,PASS_01_008_01,SEG_026,2026-09-18T06:40:02.500000,2026-09-18T06:40:03,2026-09-18T06:40:03.500000,9.945041604772316,76.27779311271458,SPEED_BREAKER,4,1,0.881
E_01080,BUS_008,PASS_01_008_01,SEG_025,2026-09-18T06:40:02.100000,2026-09-18T06:40:02.600000,2026-09-18T06:40:03.100000,9.945517576916297,76.27867245996049,SPEED_BREAKER,3,1,0.901
E_01081,BUS_008,PASS_01_008_01,SEG_024,2026-09-18T06:40:03.400000,2026-09-18T06:40:03.900000,2026-09-18T06:40:04.400000,9.9458681972202,76.27929039172285,SPEED_BREAKER,3,1,0.852
E_01082,BUS_008,PASS_01_008_02,SEG_024,2026-09-18T09:10:06.100000,2026-09-18T09:10:06.600000,2026-09-18T09:10:07.100000,9.945920876313535,76.27907211176836,SPEED_BREAKER,2,1,0.823
E_01083,BUS_008,PASS_01_008_02,SEG_025,2026-09-18T09:10:03.600000,2026-09-18T09:10:04.100000,2026-09-18T09:10:04.600000,9.945380060083501,76.27843158997335,SPEED_BREAKER,4,1,0.912
E_01084,BUS_008,PASS_01_008_02,SEG_026,2026-09-18T09:10:02.300000,2026-09-18T09:10:02.800000,2026-09-18T09:10:03.300000,9.945152242292364,76.27789878808018,SPEED_BREAKER,3,1,0.9
E_01085,BUS_008,PASS_01_008_02,SEG_028,2026-09-18T09:10:05.100000,2026-09-18T09:10:05.600000,2026-09-18T09:10:06.100000,9.944134541260173,76.2755164670641,SPEED_BREAKER,3,1,0.862
E_01086,BUS_008,PASS_01_008_02,SEG_035,2026-09-18T09:10:04.100000,2026-09-18T09:10:04.600000,2026-09-18T09:10:05.100000,9.938425727742352,76.26958134364419,SPEED_BREAKER,5,1,0.906
E_01087,BUS_008,PASS_01_008_02,SEG_037,2026-09-18T09:10:05.300000,2026-09-18T09:10:05.800000,2026-09-18T09:10:06.300000,9.936693494418902,76.2679344178646,POTHOLE,5,1,0.886
E_01088,BUS_008,PASS_01_008_02,SEG_038,2026-09-18T09:10:06.300000,2026-09-18T09:10:06.800000,2026-09-18T09:10:07.300000,9.936096884034463,76.26717757280525,POTHOLE,5,1,0.97
E_01089,BUS_008,PASS_01_008_02,SEG_039,2026-09-18T09:10:05.200000,2026-09-18T09:10:05.700000,2026-09-18T09:10:06.200000,9.936093074452078,76.26617421444135,POTHOLE,4,1,0.887
E_01090,BUS_008,PASS_01_008_02,SEG_040,2026-09-18T09:10:06.700000,2026-09-18T09:10:07.200000,2026-09-18T09:10:07.700000,9.935854804959133,76.26488669229916,POTHOLE,4,1,0.89
E_01091,BUS_008,PASS_01_008_02,SEG_041,2026-09-18T09:10:05.600000,2026-09-18T09:10:06.100000,2026-09-18T09:10:06.600000,9.93559042170152,76.26362771423143,POTHOLE,2,1,0.769
E_01092,BUS_008,PASS_01_008_02,SEG_042,2026-09-18T09:10:04.300000,2026-09-18T09:10:04.800000,2026-09-18T09:10:05.300000,9.935277592068996,76.26245677781776,POTHOLE,3,1,0.845
E_01093,BUS_008,PASS_01_008_02,SEG_043,2026-09-18T09:10:06.600000,2026-09-18T09:10:07.100000,2026-09-18T09:10:07.600000,9.935076898521675,76.26143495741988,POTHOLE,1,1,0.722
E_01094,BUS_008,PASS_01_008_02,SEG_044,2026-09-18T09:10:03.500000,2026-09-18T09:10:04,2026-09-18T09:10:04.500000,9.934756236646404,76.26021144354084,POTHOLE,2,1,0.775
E_01095,BUS_008,PASS_01_008_02,SEG_046,2026-09-18T09:10:07.500000,2026-09-18T09:10:08,2026-09-18T09:10:08.500000,9.934232561890346,76.2583914300975,POTHOLE,2,1,0.812
E_01096,BUS_008,PASS_01_008_02,SEG_048,2026-09-18T09:10:05.500000,2026-09-18T09:10:09.200000,2026-09-18T09:10:12.900000,9.933735729701617,76.2560905451424,ROUGHNESS,2,1,0.784
E_01097,BUS_008,PASS_01_008_02,SEG_050,2026-09-18T09:10:09,2026-09-18T09:10:09.500000,2026-09-18T09:10:10,9.93306403183396,76.25411237072593,POTHOLE,1,1,0.737
E_01098,BUS_008,PASS_01_008_02,SEG_053,2026-09-18T09:10:03.600000,2026-09-18T09:10:07.500000,2026-09-18T09:10:11.400000,9.930982903717293,76.25085873625015,ROUGHNESS,1,1,0.751
E_01099,BUS_008,PASS_01_008_02,SEG_054,2026-09-18T09:10:05.200000,2026-09-18T09:10:08.100000,2026-09-18T09:10:11,9.930642609170809,76.2498321986916,ROUGHNESS,1,1,0.723
E_01100,BUS_008,PASS_01_008_02,SEG_057,2026-09-18T09:10:07.600000,2026-09-18T09:10:08.100000,2026-09-18T09:10:08.600000,9.929041987417092,76.24727390678102,POTHOLE,3,1,0.889
E_01101,BUS_008,PASS_01_008_02,SEG_058,2026-09-18T09:10:07,2026-09-18T09:10:07.500000,2026-09-18T09:10:08,9.92843414967662,76.24647747747544,POTHOLE,4,1,0.898
E_01102,BUS_008,PASS_01_008_02,SEG_059,2026-09-18T09:10:06.900000,2026-09-18T09:10:10.700000,2026-09-18T09:10:14.500000,9.927308980760122,76.24534452346727,ROUGHNESS,3,1,0.82
E_01103,BUS_008,PASS_01_008_02,SEG_060,2026-09-18T09:10:06.100000,2026-09-18T09:10:10,2026-09-18T09:10:13.900000,9.926350771236805,76.2446892068588,ROUGHNESS,4,1,0.868
E_01104,BUS_008,PASS_01_008_02,SEG_062,2026-09-18T09:10:05,2026-09-18T09:10:05.500000,2026-09-18T09:10:06,9.925114372715194,76.24357309402166,POTHOLE,3,1,0.837
E_01105,BUS_008,PASS_01_008_02,SEG_063,2026-09-18T09:10:05.100000,2026-09-18T09:10:08.700000,2026-09-18T09:10:12.300000,9.924335959029644,76.24294988093902,ROUGHNESS,2,1,0.788
E_01106,BUS_008,PASS_01_008_02,SEG_064,2026-09-18T09:10:07,2026-09-18T09:10:07.500000,2026-09-18T09:10:08,9.923546160571172,76.24205735772104,POTHOLE,2,1,0.795
E_01107,BUS_008,PASS_01_008_02,SEG_065,2026-09-18T09:10:08.800000,2026-09-18T09:10:09.300000,2026-09-18T09:10:09.800000,9.923020824177234,76.24143547331921,POTHOLE,5,1,0.908
E_01108,BUS_008,PASS_01_008_02,SEG_065,2026-09-18T09:10:05.200000,2026-09-18T09:10:06.300000,2026-09-18T09:10:07.400000,9.923261006042644,76.24147095496302,BROKEN_PATCH,3,1,0.89
E_01109,BUS_008,PASS_01_008_02,SEG_068,2026-09-18T09:10:08.700000,2026-09-18T09:10:09.200000,2026-09-18T09:10:09.700000,9.920033608291813,76.23945737789337,POTHOLE,3,1,0.845
E_01110,BUS_008,PASS_01_008_02,SEG_071,2026-09-18T09:10:08.500000,2026-09-18T09:10:09.900000,2026-09-18T09:10:11.300000,9.916319487662985,76.23754776095669,BROKEN_PATCH,3,1,0.874
E_01111,BUS_008,PASS_01_008_02,SEG_076,2026-09-18T09:10:06.100000,2026-09-18T09:10:07.300000,2026-09-18T09:10:08.500000,9.911268069630614,76.23514023464169,BROKEN_PATCH,4,1,0.872
E_01112,BUS_008,PASS_01_008_02,SEG_078,2026-09-18T09:10:08.100000,2026-09-18T09:10:09.500000,2026-09-18T09:10:10.900000,9.909462755578545,76.23568170547736,BROKEN_PATCH,4,1,0.864
E_01113,BUS_008,PASS_01_008_02,SEG_089,2026-09-18T09:10:06.400000,2026-09-18T09:10:07,2026-09-18T09:10:07.600000,9.897567678948294,76.23828086914045,SPEED_BREAKER,5,1,0.93
E_01114,BUS_008,PASS_01_008_02,SEG_093,2026-09-18T09:10:09.200000,2026-09-18T09:10:09.800000,2026-09-18T09:10:10.400000,9.892189854257017,76.23861889879058,SPEED_BREAKER,3,1,0.831
E_01115,BUS_008,PASS_01_008_02,SEG_094,2026-09-18T09:10:08.400000,2026-09-18T09:10:09,2026-09-18T09:10:09.600000,9.89089793370443,76.23843492890904,SPEED_BREAKER,1,1,0.762
E_01116,BUS_008,PASS_01_008_02,SEG_095,2026-09-18T09:10:08.800000,2026-09-18T09:10:09.400000,2026-09-18T09:10:10,9.889365064910159,76.238561139754,SPEED_BREAKER,1,1,0.786
E_01117,BUS_008,PASS_01_008_02,SEG_098,2026-09-18T09:10:06,2026-09-18T09:10:06.600000,2026-09-18T09:10:07.200000,9.886337406434302,76.23853537689399,SPEED_BREAKER,4,1,0.909
E_01118,BUS_008,PASS_01_008_02,SEG_100,2026-09-18T09:10:06.900000,2026-09-18T09:10:07.500000,2026-09-18T09:10:08.100000,9.883910449032618,76.2384479122335,SPEED_BREAKER,5,1,0.909
E_01119,BUS_008,PASS_01_008_02,SEG_101,2026-09-18T09:10:05.900000,2026-09-18T09:10:06.500000,2026-09-18T09:10:07.100000,9.88276346080546,76.2384463075091,SPEED_BREAKER,2,1,0.777
E_01120,BUS_008,PASS_01_008_02,SEG_105,2026-09-18T09:10:08.500000,2026-09-18T09:10:09.100000,2026-09-18T09:10:09.700000,9.878002812106054,76.23872859279854,SPEED_BREAKER,1,1,0.759
E_01121,BUS_008,PASS_01_008_02,SEG_106,2026-09-18T09:10:04.200000,2026-09-18T09:10:08.100000,2026-09-18T09:10:12,9.876915231952767,76.23913535253416,ROUGHNESS,1,1,0.747
E_01122,BUS_008,PASS_01_008_02,SEG_107,2026-09-18T09:10:06.600000,2026-09-18T09:10:07.100000,2026-09-18T09:10:07.600000,9.875576180104908,76.23952218509639,POTHOLE,5,1,0.912
E_01123,BUS_008,PASS_01_008_02,SEG_108,2026-09-18T09:10:10.200000,2026-09-18T09:10:10.700000,2026-09-18T09:10:11.200000,9.874281157690088,76.24003329461854,POTHOLE,5,1,0.965
E_01124,BUS_008,PASS_01_008_02,SEG_109,2026-09-18T09:10:05.900000,2026-09-18T09:10:06.400000,2026-09-18T09:10:06.900000,9.873608218575088,76.24004527926887,POTHOLE,5,1,0.932
E_01125,BUS_008,PASS_01_008_02,SEG_111,2026-09-18T09:10:09.500000,2026-09-18T09:10:10,2026-09-18T09:10:10.500000,9.870887091825704,76.24094661845851,POTHOLE,3,1,0.857
E_01126,BUS_008,PASS_01_008_02,SEG_112,2026-09-18T09:10:09.200000,2026-09-18T09:10:09.700000,2026-09-18T09:10:10.200000,9.869825560477477,76.24070494905122,POTHOLE,1,1,0.697
E_01127,BUS_008,PASS_01_008_02,SEG_113,2026-09-18T09:10:06.500000,2026-09-18T09:10:07,2026-09-18T09:10:07.500000,9.869144125232951,76.24026075592045,POTHOLE,4,1,0.966
E_01128,BUS_008,PASS_01_008_02,SEG_114,2026-09-18T09:10:04,2026-09-18T09:10:07.900000,2026-09-18T09:10:11.800000,9.867992581033526,76.23955355065308,ROUGHNESS,3,1,0.851
E_01129,BUS_008,PASS_01_008_02,SEG_115,2026-09-18T09:10:07.300000,2026-09-18T09:10:11.200000,2026-09-18T09:10:15.100000,9.866772316256958,76.23887690603831,ROUGHNESS,1,1,0.735
E_01130,BUS_008,PASS_01_008_02,SEG_116,2026-09-18T09:10:07.200000,2026-09-18T09:10:11.100000,2026-09-18T09:10:15,9.865588430783934,76.23804016433297,ROUGHNESS,3,1,0.897
E_01131,BUS_008,PASS_01_008_02,SEG_117,2026-09-18T09:10:09.600000,2026-09-18T09:10:10.100000,2026-09-18T09:10:10.600000,9.86457820867327,76.23713744681663,POTHOLE,1,1,0.746
E_01132,BUS_008,PASS_01_008_02,SEG_118,2026-09-18T09:10:08.500000,2026-09-18T09:10:09,2026-09-18T09:10:09.500000,9.863793446608124,76.2366186177956,POTHOLE,3,1,0.88
E_01133,BUS_008,PASS_01_008_02,SEG_119,2026-09-18T09:10:05.500000,2026-09-18T09:10:09.400000,2026-09-18T09:10:13.300000,9.863101336726233,76.23570111948467,ROUGHNESS,5,1,0.951
E_01134,BUS_008,PASS_01_008_02,SEG_121,2026-09-18T09:10:06.200000,2026-09-18T09:10:06.200000,2026-09-18T09:10:06.200000,9.861417217698408,76.23460710045968,BROKEN_PATCH,2,1,0.799
E_01135,BUS_008,PASS_01_008_02,SEG_121,2026-09-18T09:10:06.300000,2026-09-18T09:10:10.200000,2026-09-18T09:10:14.100000,9.86117726617278,76.2342045312872,ROUGHNESS,5,1,0.945
E_01136,BUS_008,PASS_01_008_02,SEG_122,2026-09-18T09:10:06.300000,2026-09-18T09:10:06.800000,2026-09-18T09:10:07.300000,9.860478825564984,76.2337355632008,POTHOLE,3,1,0.83
E_01137,BUS_008,PASS_01_008_02,SEG_122,2026-09-18T09:10:09.400000,2026-09-18T09:10:10.800000,2026-09-18T09:10:12.200000,9.860256327886958,76.23346109112568,BROKEN_PATCH,3,1,0.84
E_01138,BUS_008,PASS_01_008_02,SEG_123,2026-09-18T09:10:06.400000,2026-09-18T09:10:06.900000,2026-09-18T09:10:07.400000,9.859375472939458,76.23313591771667,POTHOLE,1,1,0.778
E_01139,BUS_008,PASS_01_008_02,SEG_123,2026-09-18T09:10:08.200000,2026-09-18T09:10:09.600000,2026-09-18T09:10:11,9.859247712467306,76.23278997697032,BROKEN_PATCH,3,1,0.883
E_01140,BUS_008,PASS_01_008_02,SEG_125,2026-09-18T09:10:06.700000,2026-09-18T09:10:06.700000,2026-09-18T09:10:06.700000,9.857588415668083,76.2315042476827,POTHOLE,4,1,0.901
E_01141,BUS_008,PASS_01_008_02,SEG_125,2026-09-18T09:10:06.800000,2026-09-18T09:10:10.700000,2026-09-18T09:10:14.600000,9.8573653202073,76.23122912565202,ROUGHNESS,5,1,0.887
E_01142,BUS_008,PASS_01_008_02,SEG_132,2026-09-18T09:10:10,2026-09-18T09:10:11.400000,2026-09-18T09:10:12.800000,9.853338258293995,76.22484484266347,BROKEN_PATCH,4,1,0.899
E_01143,BUS_008,PASS_01_008_02,SEG_133,2026-09-18T09:10:06.500000,2026-09-18T09:10:07.900000,2026-09-18T09:10:09.300000,9.853138616626081,76.22411064858252,BROKEN_PATCH,5,1,0.97
E_01144,BUS_008,PASS_01_008_02,SEG_136,2026-09-18T09:10:06.200000,2026-09-18T09:10:07.600000,2026-09-18T09:10:09,9.85213365169068,76.22127303744575,BROKEN_PATCH,4,1,0.839
E_01145,BUS_008,PASS_01_008_02,SEG_141,2026-09-18T09:10:09.900000,2026-09-18T09:10:11.300000,2026-09-18T09:10:12.700000,9.850283177112233,76.21598982834436,BROKEN_PATCH,5,1,0.953
E_01146,BUS_008,PASS_01_008_02,SEG_143,2026-09-18T09:10:05.600000,2026-09-18T09:10:06.900000,2026-09-18T09:10:08.200000,9.84982406415561,76.21434424201529,BROKEN_PATCH,1,1,0.791
E_01147,BUS_008,PASS_01_008_02,SEG_145,2026-09-18T09:10:09.800000,2026-09-18T09:10:11.200000,2026-09-18T09:10:12.600000,9.849705870405899,76.21212300817794,BROKEN_PATCH,5,1,0.904
E_01148,BUS_008,PASS_01_008_02,SEG_146,2026-09-18T09:10:08.900000,2026-09-18T09:10:09.500000,2026-09-18T09:10:10.100000,9.849662434091904,76.21061645255119,SPEED_BREAKER,4,1,0.935
E_01149,BUS_008,PASS_01_008_02,SEG_147,2026-09-18T09:10:08.500000,2026-09-18T09:10:09.100000,2026-09-18T09:10:09.700000,9.84962959847985,76.20928687172902,SPEED_BREAKER,1,1,0.772
E_01150,BUS_008,PASS_01_008_02,SEG_148,2026-09-18T09:10:07.900000,2026-09-18T09:10:08.500000,2026-09-18T09:10:09.100000,9.84953218202715,76.20823991554963,SPEED_BREAKER,1,1,0.797
E_01151,BUS_008,PASS_01_008_02,SEG_149,2026-09-18T09:10:09.600000,2026-09-18T09:10:10.200000,2026-09-18T09:10:10.800000,9.849811888874534,76.20721801866407,SPEED_BREAKER,5,1,0.917
E_01152,BUS_008,PASS_01_008_02,SEG_152,2026-09-18T09:10:07,2026-09-18T09:10:07.600000,2026-09-18T09:10:08.200000,9.852188795619135,76.20491664777762,SPEED_BREAKER,2,1,0.784
E_01153,BUS_008,PASS_01_008_02,SEG_154,2026-09-18T09:10:06,2026-09-18T09:10:06.600000,2026-09-18T09:10:07.200000,9.853610636152057,76.20337723855374,SPEED_BREAKER,4,1,0.9
E_01154,BUS_008,PASS_01_008_02,SEG_157,2026-09-18T09:10:10.200000,2026-09-18T09:10:10.800000,2026-09-18T09:10:11.400000,9.856803210545616,76.2007256877414,SPEED_BREAKER,2,1,0.752
E_01155,BUS_009,PASS_01_009_01,SEG_023,2026-09-18T06:51:04.200000,2026-09-18T06:51:04.700000,2026-09-18T06:51:05.200000,9.946796296890364,76.28044731710133,SPEED_BREAKER,2,1,0.81
E_01156,BUS_009,PASS_01_009_01,SEG_025,2026-09-18T06:51:03.700000,2026-09-18T06:51:04.200000,2026-09-18T06:51:04.700000,9.945433772981772,76.27840552922044,SPEED_BREAKER,1,1,0.769
E_01157,BUS_009,PASS_01_009_01,SEG_026,2026-09-18T06:51:03.300000,2026-09-18T06:51:03.800000,2026-09-18T06:51:04.300000,9.945121219448481,76.27766205529525,SPEED_BREAKER,2,1,0.775
E_01158,BUS_009,PASS_01_009_01,SEG_028,2026-09-18T06:51:05.400000,2026-09-18T06:51:05.900000,2026-09-18T06:51:06.400000,9.944172732141167,76.27541171724923,SPEED_BREAKER,4,1,0.946
E_01159,BUS_009,PASS_01_009_01,SEG_029,2026-09-18T06:51:05.100000,2026-09-18T06:51:05.600000,2026-09-18T06:51:06.100000,9.943341173026257,76.27427357627946,SPEED_BREAKER,5,1,0.938
E_01160,BUS_009,PASS_01_009_01,SEG_033,2026-09-18T06:51:05.200000,2026-09-18T06:51:05.700000,2026-09-18T06:51:06.200000,9.940029710980511,76.27086481916014,SPEED_BREAKER,4,1,0.852
E_01161,BUS_009,PASS_01_009_01,SEG_036,2026-09-18T06:51:06.100000,2026-09-18T06:51:06.600000,2026-09-18T06:51:07.100000,9.937435586879902,76.26866675624954,POTHOLE,2,1,0.815
E_01162,BUS_009,PASS_01_009_01,SEG_037,2026-09-18T06:51:02.800000,2026-09-18T06:51:03.300000,2026-09-18T06:51:03.800000,9.936934384970549,76.26815701513658,POTHOLE,1,1,0.741
E_01163,BUS_009,PASS_01_009_01,SEG_038,2026-09-18T06:51:04.400000,2026-09-18T06:51:04.900000,2026-09-18T06:51:05.400000,9.936150963510244,76.26725589975699,POTHOLE,5,1,0.918
E_01164,BUS_009,PASS_01_009_01,SEG_041,2026-09-18T06:51:07,2026-09-18T06:51:07.500000,2026-09-18T06:51:08,9.935526681618384,76.2635035044724,POTHOLE,2,1,0.789
E_01165,BUS_009,PASS_01_009_01,SEG_042,2026-09-18T06:51:02.700000,2026-09-18T06:51:03.200000,2026-09-18T06:51:03.700000,9.935278065322064,76.26231777585458,POTHOLE,1,1,0.752
E_01166,BUS_009,PASS_01_009_01,SEG_043,2026-09-18T06:51:05.700000,2026-09-18T06:51:06.200000,2026-09-18T06:51:06.700000,9.935053400786837,76.26130624870532,POTHOLE,1,1,0.754
E_01167,BUS_009,PASS_01_009_01,SEG_046,2026-09-18T06:51:06.100000,2026-09-18T06:51:06.600000,2026-09-18T06:51:07.100000,9.934307660166711,76.25853659675263,POTHOLE,3,1,0.847
E_01168,BUS_009,PASS_01_009_01,SEG_049,2026-09-18T06:51:07.500000,2026-09-18T06:51:07.700000,2026-09-18T06:51:07.900000,9.933454876467337,76.25510924590473,POTHOLE,3,1,0.86
E_01169,BUS_009,PASS_01_009_01,SEG_049,2026-09-18T06:51:02,2026-09-18T06:51:04.700000,2026-09-18T06:51:07.400000,9.93352533814566,76.25542513791575,ROUGHNESS,2,1,0.835
E_01170,BUS_009,PASS_01_009_01,SEG_050,2026-09-18T06:51:04.400000,2026-09-18T06:51:08.300000,2026-09-18T06:51:12.200000,9.9329596151392,76.25424318765847,ROUGHNESS,5,1,0.97
E_01171,BUS_009,PASS_01_009_01,SEG_051,2026-09-18T06:51:07,2026-09-18T06:51:07.500000,2026-09-18T06:51:08,9.932216648954808,76.25302920833113,POTHOLE,2,1,0.825
E_01172,BUS_009,PASS_01_009_01,SEG_053,2026-09-18T06:51:05.300000,2026-09-18T06:51:05.800000,2026-09-18T06:51:06.300000,9.931194549695627,76.25106319749366,POTHOLE,5,1,0.887
E_01173,BUS_009,PASS_01_009_01,SEG_054,2026-09-18T06:51:02.100000,2026-09-18T06:51:04.600000,2026-09-18T06:51:07.100000,9.930760522401997,76.24999716729991,ROUGHNESS,3,1,0.845
E_01174,BUS_009,PASS_01_009_01,SEG_057,2026-09-18T06:51:06,2026-09-18T06:51:06.500000,2026-09-18T06:51:07,9.929067868444973,76.24729187327893,POTHOLE,2,1,0.832
E_01175,BUS_009,PASS_01_009_01,SEG_058,2026-09-18T06:51:03.300000,2026-09-18T06:51:07.200000,2026-09-18T06:51:11.100000,9.928461603437205,76.2465485085135,ROUGHNESS,2,1,0.815
E_01176,BUS_009,PASS_01_009_01,SEG_060,2026-09-18T06:51:05.800000,2026-09-18T06:51:09.200000,2026-09-18T06:51:12.600000,9.926329688293503,76.2446427726288,ROUGHNESS,2,1,0.83
E_01177,BUS_009,PASS_01_009_01,SEG_061,2026-09-18T06:51:04.500000,2026-09-18T06:51:05,2026-09-18T06:51:05.500000,9.925704698352588,76.24411856239078,POTHOLE,4,1,0.859
E_01178,BUS_009,PASS_01_009_01,SEG_063,2026-09-18T06:51:07.800000,2026-09-18T06:51:07.900000,2026-09-18T06:51:07.900000,9.924319585257148,76.24283652587899,POTHOLE,1,1,0.755
E_01179,BUS_009,PASS_01_009_01,SEG_063,2026-09-18T06:51:01.900000,2026-09-18T06:51:04.800000,2026-09-18T06:51:07.700000,9.924624224308417,76.24291411275327,ROUGHNESS,3,1,0.8
E_01180,BUS_009,PASS_01_009_01,SEG_064,2026-09-18T06:51:03.500000,2026-09-18T06:51:04,2026-09-18T06:51:04.500000,9.923787247322222,76.24227101726558,POTHOLE,3,1,0.835
E_01181,BUS_009,PASS_01_009_01,SEG_065,2026-09-18T06:51:03.300000,2026-09-18T06:51:04.200000,2026-09-18T06:51:05.100000,9.923321230545692,76.24158057005269,BROKEN_PATCH,1,1,0.771
E_01182,BUS_009,PASS_01_009_01,SEG_067,2026-09-18T06:51:06.800000,2026-09-18T06:51:07.300000,2026-09-18T06:51:07.800000,9.921200887037612,76.2402559995948,POTHOLE,3,1,0.843
E_01183,BUS_009,PASS_01_009_01,SEG_070,2026-09-18T06:51:08.900000,2026-09-18T06:51:09.400000,2026-09-18T06:51:09.900000,9.917105992619886,76.23823778666637,POTHOLE,5,1,0.97
E_01184,BUS_009,PASS_01_009_01,SEG_071,2026-09-18T06:51:10.100000,2026-09-18T06:51:11.500000,2026-09-18T06:51:12.900000,9.916172661643488,76.23743697899731,BROKEN_PATCH,5,1,0.927
E_01185,BUS_009,PASS_01_009_01,SEG_074,2026-09-18T06:51:08.600000,2026-09-18T06:51:09.900000,2026-09-18T06:51:11.200000,9.913462678253765,76.23528061731027,BROKEN_PATCH,5,1,0.95
E_01186,BUS_009,PASS_01_009_01,SEG_076,2026-09-18T06:51:03.800000,2026-09-18T06:51:04.800000,2026-09-18T06:51:05.800000,9.91134559115385,76.23530976062754,BROKEN_PATCH,1,1,0.68
E_01187,BUS_009,PASS_01_009_01,SEG_078,2026-09-18T06:51:06.200000,2026-09-18T06:51:07.400000,2026-09-18T06:51:08.600000,9.909405850585504,76.23558681449678,BROKEN_PATCH,1,1,0.697
E_01188,BUS_009,PASS_01_009_01,SEG_081,2026-09-18T06:51:05,2026-09-18T06:51:06.200000,2026-09-18T06:51:07.400000,9.906504165327426,76.23664067345437,BROKEN_PATCH,3,1,0.895
E_01189,BUS_009,PASS_01_009_01,SEG_087,2026-09-18T06:51:06.500000,2026-09-18T06:51:07,2026-09-18T06:51:07.500000,9.899883168202082,76.23777297183516,SPEED_BREAKER,1,1,0.808
E_01190,BUS_009,PASS_01_009_01,SEG_089,2026-09-18T06:51:08,2026-09-18T06:51:08.600000,2026-09-18T06:51:09.200000,9.897695658092218,76.23819432803457,SPEED_BREAKER,1,1,0.709
E_01191,BUS_009,PASS_01_009_01,SEG_094,2026-09-18T06:51:10.200000,2026-09-18T06:51:10.800000,2026-09-18T06:51:11.400000,9.890733094920321,76.23854451375234,SPEED_BREAKER,3,1,0.872
E_01192,BUS_009,PASS_01_009_01,SEG_095,2026-09-18T06:51:09.400000,2026-09-18T06:51:10,2026-09-18T06:51:10.600000,9.889310847507057,76.23851990723436,SPEED_BREAKER,1,1,0.715
E_01193,BUS_009,PASS_01_009_01,SEG_098,2026-09-18T06:51:06.600000,2026-09-18T06:51:07.200000,2026-09-18T06:51:07.800000,9.886450519788005,76.23833306516647,SPEED_BREAKER,5,1,0.96
E_01194,BUS_009,PASS_01_009_01,SEG_101,2026-09-18T06:51:05.900000,2026-09-18T06:51:09.200000,2026-09-18T06:51:12.500000,9.882462760386217,76.23839000051946,ROUGHNESS,2,1,0.814
E_01195,BUS_009,PASS_01_009_01,SEG_104,2026-09-18T06:51:10.500000,2026-09-18T06:51:11.100000,2026-09-18T06:51:11.700000,9.879098299926694,76.23836878305323,SPEED_BREAKER,5,1,0.97
E_01196,BUS_009,PASS_01_009_01,SEG_107,2026-09-18T06:51:07.800000,2026-09-18T06:51:08.300000,2026-09-18T06:51:08.800000,9.875509474102893,76.23954055847825,POTHOLE,4,1,0.888
E_01197,BUS_009,PASS_01_009_01,SEG_108,2026-09-18T06:51:06.100000,2026-09-18T06:51:06.600000,2026-09-18T06:51:07.100000,9.874357174465077,76.23993290137068,POTHOLE,4,1,0.949
E_01198,BUS_009,PASS_01_009_01,SEG_109,2026-09-18T06:51:06,2026-09-18T06:51:09.800000,2026-09-18T06:51:13.600000,9.873298042523162,76.24022106584526,ROUGHNESS,5,1,0.97
E_01199,BUS_009,PASS_01_009_01,SEG_110,2026-09-18T06:51:08.800000,2026-09-18T06:51:09.300000,2026-09-18T06:51:09.800000,9.872257459051035,76.24047640844117,POTHOLE,5,1,0.97
E_01200,BUS_009,PASS_01_009_01,SEG_111,2026-09-18T06:51:09.200000,2026-09-18T06:51:09.700000,2026-09-18T06:51:10.200000,9.870810858106175,76.24087852945472,POTHOLE,2,1,0.835
E_01201,BUS_009,PASS_01_009_01,SEG_112,2026-09-18T06:51:05.200000,2026-09-18T06:51:07.900000,2026-09-18T06:51:10.600000,9.869670119813756,76.24070974270347,ROUGHNESS,4,1,0.862
E_01202,BUS_009,PASS_01_009_01,SEG_113,2026-09-18T06:51:08.200000,2026-09-18T06:51:08.700000,2026-09-18T06:51:09.200000,9.86887940179078,76.24014521906868,POTHOLE,4,1,0.909
E_01203,BUS_009,PASS_01_009_01,SEG_114,2026-09-18T06:51:08.200000,2026-09-18T06:51:08.300000,2026-09-18T06:51:08.400000,9.867921524354207,76.23967926077901,POTHOLE,2,1,0.763
E_01204,BUS_009,PASS_01_009_01,SEG_114,2026-09-18T06:51:02.100000,2026-09-18T06:51:05.100000,2026-09-18T06:51:08.100000,9.868040936051152,76.23956052134682,ROUGHNESS,3,1,0.735
E_01205,BUS_009,PASS_01_009_01,SEG_115,2026-09-18T06:51:06.400000,2026-09-18T06:51:10.300000,2026-09-18T06:51:14.200000,9.866796212105536,76.2389968397785,ROUGHNESS,3,1,0.871
E_01206,BUS_009,PASS_01_009_01,SEG_116,2026-09-18T06:51:06.900000,2026-09-18T06:51:07.100000,2026-09-18T06:51:07.200000,9.865725633673456,76.23808413652787,POTHOLE,3,1,0.859
E_01207,BUS_009,PASS_01_009_01,SEG_116,2026-09-18T06:51:07.300000,2026-09-18T06:51:11.200000,2026-09-18T06:51:15.100000,9.865481339919665,76.23797502050245,ROUGHNESS,1,1,0.734
E_01208,BUS_009,PASS_01_009_01,SEG_117,2026-09-18T06:51:08.100000,2026-09-18T06:51:08.600000,2026-09-18T06:51:09.100000,9.864746276202816,76.23721399066471,POTHOLE,1,1,0.708
E_01209,BUS_009,PASS_01_009_01,SEG_118,2026-09-18T06:51:05.900000,2026-09-18T06:51:06.400000,2026-09-18T06:51:06.900000,9.863830627477624,76.23668535618428,POTHOLE,4,1,0.87
E_01210,BUS_009,PASS_01_009_01,SEG_119,2026-09-18T06:51:04.300000,2026-09-18T06:51:08.200000,2026-09-18T06:51:12.100000,9.863156257693841,76.2359928145152,ROUGHNESS,5,1,0.937
E_01211,BUS_009,PASS_01_009_01,SEG_121,2026-09-18T06:51:06,2026-09-18T06:51:06.200000,2026-09-18T06:51:06.300000,9.86139021086784,76.23426053992041,BROKEN_PATCH,1,1,0.792
E_01212,BUS_009,PASS_01_009_01,SEG_121,2026-09-18T06:51:06.400000,2026-09-18T06:51:10.300000,2026-09-18T06:51:14.200000,9.861191947760592,76.23425438038772,ROUGHNESS,2,1,0.783
E_01213,BUS_009,PASS_01_009_01,SEG_122,2026-09-18T06:51:05.500000,2026-09-18T06:51:06.800000,2026-09-18T06:51:08.100000,9.860405381048599,76.23366232766185,BROKEN_PATCH,1,1,0.68
E_01214,BUS_009,PASS_01_009_01,SEG_123,2026-09-18T06:51:11.400000,2026-09-18T06:51:12.100000,2026-09-18T06:51:12.800000,9.85916343274048,76.23270696153136,BROKEN_PATCH,5,1,0.97
E_01215,BUS_009,PASS_01_009_01,SEG_123,2026-09-18T06:51:03.500000,2026-09-18T06:51:07.400000,2026-09-18T06:51:11.300000,9.859452332135278,76.23292157913,ROUGHNESS,4,1,0.872
E_01216,BUS_009,PASS_01_009_01,SEG_124,2026-09-18T06:51:04.800000,2026-09-18T06:51:08.600000,2026-09-18T06:51:12.400000,9.858304208650932,76.23198785745289,ROUGHNESS,3,1,0.818
E_01217,BUS_009,PASS_01_009_01,SEG_125,2026-09-18T06:51:06.400000,2026-09-18T06:51:06.900000,2026-09-18T06:51:07.400000,9.857557296661502,76.2315365115529,POTHOLE,4,1,0.956
E_01218,BUS_009,PASS_01_009_01,SEG_128,2026-09-18T06:51:05.100000,2026-09-18T06:51:06.200000,2026-09-18T06:51:07.300000,9.855315859743842,76.22912122788267,BROKEN_PATCH,4,1,0.925
E_01219,BUS_009,PASS_01_009_01,SEG_132,2026-09-18T06:51:05.500000,2026-09-18T06:51:06.600000,2026-09-18T06:51:07.700000,9.853441156269927,76.22504259431784,BROKEN_PATCH,5,1,0.929
E_01220,BUS_009,PASS_01_009_01,SEG_136,2026-09-18T06:51:05.800000,2026-09-18T06:51:06.800000,2026-09-18T06:51:07.800000,9.852197547142271,76.2212581907735,BROKEN_PATCH,2,1,0.808
E_01221,BUS_009,PASS_01_009_01,SEG_137,2026-09-18T06:51:06.200000,2026-09-18T06:51:07.600000,2026-09-18T06:51:09,9.851704057965218,76.22016814710405,BROKEN_PATCH,1,1,0.698
E_01222,BUS_009,PASS_01_009_01,SEG_139,2026-09-18T06:51:04.400000,2026-09-18T06:51:05.400000,2026-09-18T06:51:06.400000,9.850961005630909,76.21821595911774,BROKEN_PATCH,2,1,0.795
E_01223,BUS_009,PASS_01_009_01,SEG_141,2026-09-18T06:51:04.300000,2026-09-18T06:51:05.400000,2026-09-18T06:51:06.500000,9.850448705305633,76.21617437639235,BROKEN_PATCH,5,1,0.895
E_01224,BUS_009,PASS_01_009_01,SEG_144,2026-09-18T06:51:05,2026-09-18T06:51:05.800000,2026-09-18T06:51:06.600000,9.849717331229854,76.2133857190622,BROKEN_PATCH,3,1,0.858
E_01225,BUS_009,PASS_01_009_01,SEG_145,2026-09-18T06:51:09.400000,2026-09-18T06:51:10.800000,2026-09-18T06:51:12.200000,9.849772636828678,76.21233658429963,BROKEN_PATCH,1,1,0.715
E_01226,BUS_009,PASS_01_009_01,SEG_146,2026-09-18T06:51:10.900000,2026-09-18T06:51:11.500000,2026-09-18T06:51:12.100000,9.849639009086715,76.21059839990156,SPEED_BREAKER,1,1,0.769
E_01227,BUS_009,PASS_01_009_01,SEG_147,2026-09-18T06:51:09.100000,2026-09-18T06:51:09.600000,2026-09-18T06:51:10.100000,9.849604170310595,76.2091688562985,SPEED_BREAKER,1,1,0.73
E_01228,BUS_009,PASS_01_009_01,SEG_148,2026-09-18T06:51:05,2026-09-18T06:51:05.500000,2026-09-18T06:51:06,9.849415188848692,76.20827735818364,SPEED_BREAKER,2,1,0.775
E_01229,BUS_009,PASS_01_009_01,SEG_149,2026-09-18T06:51:05.200000,2026-09-18T06:51:05.700000,2026-09-18T06:51:06.200000,9.849783594124032,76.2074236098238,SPEED_BREAKER,4,1,0.895
E_01230,BUS_009,PASS_01_009_01,SEG_152,2026-09-18T06:51:03.600000,2026-09-18T06:51:04.100000,2026-09-18T06:51:04.600000,9.852258673388308,76.20486836287807,SPEED_BREAKER,2,1,0.783
E_01231,BUS_009,PASS_01_009_01,SEG_154,2026-09-18T06:51:05.500000,2026-09-18T06:51:06,2026-09-18T06:51:06.500000,9.853727480945555,76.20322896520119,SPEED_BREAKER,1,1,0.766
E_01232,BUS_009,PASS_01_009_01,SEG_157,2026-09-18T06:51:08.300000,2026-09-18T06:51:08.900000,2026-09-18T06:51:09.500000,9.856586675181717,76.20085449697223,SPEED_BREAKER,4,1,0.891
E_01233,BUS_009,PASS_01_009_02,SEG_024,2026-09-18T09:21:03.800000,2026-09-18T09:21:04.300000,2026-09-18T09:21:04.800000,9.945987810526187,76.2793669646088,SPEED_BREAKER,2,1,0.73
E_01234,BUS_009,PASS_01_009_02,SEG_026,2026-09-18T09:21:03.600000,2026-09-18T09:21:04.100000,2026-09-18T09:21:04.600000,9.945078053388306,76.27769008554398,SPEED_BREAKER,2,1,0.872
E_01235,BUS_009,PASS_01_009_02,SEG_028,2026-09-18T09:21:07.800000,2026-09-18T09:21:08.300000,2026-09-18T09:21:08.800000,9.944065107464,76.27541932481846,SPEED_BREAKER,3,1,0.857
E_01236,BUS_009,PASS_01_009_02,SEG_033,2026-09-18T09:21:06.400000,2026-09-18T09:21:06.900000,2026-09-18T09:21:07.400000,9.940104845393552,76.27100704172713,SPEED_BREAKER,2,1,0.79
E_01237,BUS_009,PASS_01_009_02,SEG_035,2026-09-18T09:21:05.700000,2026-09-18T09:21:06.200000,2026-09-18T09:21:06.700000,9.938394644610305,76.26955778171342,SPEED_BREAKER,3,1,0.873
E_01238,BUS_009,PASS_01_009_02,SEG_036,2026-09-18T09:21:06.100000,2026-09-18T09:21:06.600000,2026-09-18T09:21:07.100000,9.937495650283063,76.26872103369352,POTHOLE,3,1,0.87
E_01239,BUS_009,PASS_01_009_02,SEG_037,2026-09-18T09:21:04.300000,2026-09-18T09:21:04.800000,2026-09-18T09:21:05.300000,9.936721566746094,76.268137352193,POTHOLE,3,1,0.889
E_01240,BUS_009,PASS_01_009_02,SEG_039,2026-09-18T09:21:08,2026-09-18T09:21:08.500000,2026-09-18T09:21:09,9.936044587347471,76.26598587942739,POTHOLE,1,1,0.76
E_01241,BUS_009,PASS_01_009_02,SEG_040,2026-09-18T09:21:05,2026-09-18T09:21:05.500000,2026-09-18T09:21:06,9.93589346732554,76.2649805325266,POTHOLE,1,1,0.811
E_01242,BUS_009,PASS_01_009_02,SEG_042,2026-09-18T09:21:04.700000,2026-09-18T09:21:05.200000,2026-09-18T09:21:05.700000,9.935321904676334,76.26226600918747,POTHOLE,5,1,0.9
E_01243,BUS_009,PASS_01_009_02,SEG_043,2026-09-18T09:21:06.400000,2026-09-18T09:21:06.900000,2026-09-18T09:21:07.400000,9.935055180684365,76.26126750003138,POTHOLE,1,1,0.744
E_01244,BUS_009,PASS_01_009_02,SEG_046,2026-09-18T09:21:09.900000,2026-09-18T09:21:10.400000,2026-09-18T09:21:10.900000,9.934267509622892,76.25824651531057,POTHOLE,4,1,0.94
E_01245,BUS_009,PASS_01_009_02,SEG_048,2026-09-18T09:21:06.100000,2026-09-18T09:21:06.600000,2026-09-18T09:21:07.100000,9.933676312654336,76.2563997720882,POTHOLE,4,1,0.927
E_01246,BUS_009,PASS_01_009_02,SEG_049,2026-09-18T09:21:05.200000,2026-09-18T09:21:05.700000,2026-09-18T09:21:06.200000,9.933471057753948,76.25542969064291,POTHOLE,2,1,0.844
E_01247,BUS_009,PASS_01_009_02,SEG_050,2026-09-18T09:21:07.600000,2026-09-18T09:21:08.100000,2026-09-18T09:21:08.600000,9.932932888220483,76.2541697121405,POTHOLE,2,1,0.731
E_01248,BUS_009,PASS_01_009_02,SEG_051,2026-09-18T09:21:05.500000,2026-09-18T09:21:06,2026-09-18T09:21:06.500000,9.932291550177183,76.25312593588873,POTHOLE,5,1,0.905
E_01249,BUS_009,PASS_01_009_02,SEG_053,2026-09-18T09:21:05.900000,2026-09-18T09:21:09.800000,2026-09-18T09:21:13.700000,9.93101624932526,76.25066739089239,ROUGHNESS,5,1,0.935
E_01250,BUS_009,PASS_01_009_02,SEG_054,2026-09-18T09:21:05.200000,2026-09-18T09:21:08.100000,2026-09-18T09:21:11,9.930597094190508,76.24972045922785,ROUGHNESS,1,1,0.737
E_01251,BUS_009,PASS_01_009_02,SEG_057,2026-09-18T09:21:07.900000,2026-09-18T09:21:08.400000,2026-09-18T09:21:08.900000,9.929118927189558,76.24718517035065,POTHOLE,1,1,0.775
E_01252,BUS_009,PASS_01_009_02,SEG_058,2026-09-18T09:21:06.900000,2026-09-18T09:21:07,2026-09-18T09:21:07,9.928375604603923,76.24652966126436,POTHOLE,5,1,0.913
E_01253,BUS_009,PASS_01_009_02,SEG_058,2026-09-18T09:21:07.100000,2026-09-18T09:21:11,2026-09-18T09:21:14.900000,9.928222471841686,76.24627586169603,ROUGHNESS,1,1,0.702
E_01254,BUS_009,PASS_01_009_02,SEG_060,2026-09-18T09:21:04.200000,2026-09-18T09:21:08.100000,2026-09-18T09:21:12,9.926533145074432,76.24481303620406,ROUGHNESS,1,1,0.708
E_01255,BUS_009,PASS_01_009_02,SEG_061,2026-09-18T09:21:05.400000,2026-09-18T09:21:05.900000,2026-09-18T09:21:06.400000,9.92588243675669,76.2440878457366,POTHOLE,4,1,0.887
E_01256,BUS_009,PASS_01_009_02,SEG_062,2026-09-18T09:21:06.400000,2026-09-18T09:21:06.900000,2026-09-18T09:21:07.400000,9.925121680685024,76.24348906753835,POTHOLE,3,1,0.853
E_01257,BUS_009,PASS_01_009_02,SEG_063,2026-09-18T09:21:08.300000,2026-09-18T09:21:08.800000,2026-09-18T09:21:09.300000,9.924267250229468,76.24288314718015,POTHOLE,5,1,0.964
E_01258,BUS_009,PASS_01_009_02,SEG_064,2026-09-18T09:21:07.400000,2026-09-18T09:21:07.900000,2026-09-18T09:21:08.400000,9.923708453858179,76.24210113439254,POTHOLE,1,1,0.769
E_01259,BUS_009,PASS_01_009_02,SEG_065,2026-09-18T09:21:08.100000,2026-09-18T09:21:08.600000,2026-09-18T09:21:09.100000,9.923138813216834,76.24144765128165,POTHOLE,1,1,0.7
E_01260,BUS_009,PASS_01_009_02,SEG_065,2026-09-18T09:21:03.900000,2026-09-18T09:21:04.900000,2026-09-18T09:21:05.900000,9.923347361349979,76.24159945361222,BROKEN_PATCH,3,1,0.842
E_01261,BUS_009,PASS_01_009_02,SEG_070,2026-09-18T09:21:09.300000,2026-09-18T09:21:09.800000,2026-09-18T09:21:10.300000,9.917231132895298,76.23829873291945,POTHOLE,1,1,0.688
E_01262,BUS_009,PASS_01_009_02,SEG_078,2026-09-18T09:21:06,2026-09-18T09:21:07.100000,2026-09-18T09:21:08.200000,9.909515628427611,76.23573613623961,BROKEN_PATCH,4,1,0.926
E_01263,BUS_009,PASS_01_009_02,SEG_093,2026-09-18T09:21:10.600000,2026-09-18T09:21:11.200000,2026-09-18T09:21:11.800000,9.891987086837034,76.23874779933166,SPEED_BREAKER,4,1,0.897
E_01264,BUS_009,PASS_01_009_02,SEG_094,2026-09-18T09:21:07.600000,2026-09-18T09:21:08.200000,2026-09-18T09:21:08.800000,9.890959016763873,76.23855487761084,SPEED_BREAKER,4,1,0.953
E_01265,BUS_009,PASS_01_009_02,SEG_095,2026-09-18T09:21:08.500000,2026-09-18T09:21:09.100000,2026-09-18T09:21:09.700000,9.889435814999947,76.23858576340011,SPEED_BREAKER,1,1,0.744
E_01266,BUS_009,PASS_01_009_02,SEG_098,2026-09-18T09:21:10.700000,2026-09-18T09:21:11.300000,2026-09-18T09:21:11.900000,9.886021676177625,76.2383789748918,SPEED_BREAKER,2,1,0.786
E_01267,BUS_009,PASS_01_009_02,SEG_101,2026-09-18T09:21:06.200000,2026-09-18T09:21:10.100000,2026-09-18T09:21:14,9.882498906867662,76.23841562748889,ROUGHNESS,2,1,0.788
E_01268,BUS_009,PASS_01_009_02,SEG_104,2026-09-18T09:21:07.700000,2026-09-18T09:21:08.300000,2026-09-18T09:21:08.900000,9.879334444377381,76.23841631914655,SPEED_BREAKER,2,1,0.849
E_01269,BUS_009,PASS_01_009_02,SEG_105,2026-09-18T09:21:07.700000,2026-09-18T09:21:08.300000,2026-09-18T09:21:08.900000,9.878111367740805,76.23866409442275,SPEED_BREAKER,4,1,0.878
E_01270,BUS_009,PASS_01_009_02,SEG_107,2026-09-18T09:21:04,2026-09-18T09:21:07.900000,2026-09-18T09:21:11.800000,9.875530886047995,76.23954067376783,ROUGHNESS,3,1,0.842
E_01271,BUS_009,PASS_01_009_02,SEG_108,2026-09-18T09:21:10.200000,2026-09-18T09:21:10.700000,2026-09-18T09:21:11.200000,9.874278909267073,76.24002209951009,POTHOLE,3,1,0.813
E_01272,BUS_009,PASS_01_009_02,SEG_109,2026-09-18T09:21:04.300000,2026-09-18T09:21:08.200000,2026-09-18T09:21:12.100000,9.873443987268418,76.2401740901446,ROUGHNESS,1,1,0.756
E_01273,BUS_009,PASS_01_009_02,SEG_110,2026-09-18T09:21:08.500000,2026-09-18T09:21:09,2026-09-18T09:21:09.500000,9.872268363309159,76.24036044844968,POTHOLE,1,1,0.736
E_01274,BUS_009,PASS_01_009_02,SEG_111,2026-09-18T09:21:10,2026-09-18T09:21:10.500000,2026-09-18T09:21:11,9.870723147342588,76.24079488458081,POTHOLE,4,1,0.89
E_01275,BUS_009,PASS_01_009_02,SEG_112,2026-09-18T09:21:07.200000,2026-09-18T09:21:11.100000,2026-09-18T09:21:15,9.869687765762814,76.2407321537265,ROUGHNESS,5,1,0.92
E_01276,BUS_009,PASS_01_009_02,SEG_113,2026-09-18T09:21:10.800000,2026-09-18T09:21:11.300000,2026-09-18T09:21:11.800000,9.868831344954874,76.24004893338767,POTHOLE,1,1,0.753
E_01277,BUS_009,PASS_01_009_02,SEG_114,2026-09-18T09:21:10.500000,2026-09-18T09:21:11,2026-09-18T09:21:11.500000,9.868010551254716,76.23949449741899,POTHOLE,4,1,0.894
E_01278,BUS_009,PASS_01_009_02,SEG_115,2026-09-18T09:21:04.400000,2026-09-18T09:21:08.300000,2026-09-18T09:21:12.200000,9.866869092676716,76.23900128051716,ROUGHNESS,5,1,0.95
E_01279,BUS_009,PASS_01_009_02,SEG_116,2026-09-18T09:21:04.200000,2026-09-18T09:21:08.100000,2026-09-18T09:21:12,9.865750126664512,76.23813198636707,ROUGHNESS,1,1,0.771
E_01280,BUS_009,PASS_01_009_02,SEG_118,2026-09-18T09:21:07.800000,2026-09-18T09:21:08.300000,2026-09-18T09:21:08.800000,9.863781939523445,76.23660748156442,POTHOLE,5,1,0.916
E_01281,BUS_009,PASS_01_009_02,SEG_119,2026-09-18T09:21:03.300000,2026-09-18T09:21:07.200000,2026-09-18T09:21:11.100000,9.862979874482543,76.23597304737821,ROUGHNESS,3,1,0.86
E_01282,BUS_009,PASS_01_009_02,SEG_121,2026-09-18T09:21:09.200000,2026-09-18T09:21:10.600000,2026-09-18T09:21:12,9.86115284291795,76.2342708040513,BROKEN_PATCH,4,1,0.929
E_01283,BUS_009,PASS_01_009_02,SEG_122,2026-09-18T09:21:10.700000,2026-09-18T09:21:11.200000,2026-09-18T09:21:11.700000,9.860084472695007,76.23350119280187,POTHOLE,1,1,0.707
E_01284,BUS_009,PASS_01_009_02,SEG_123,2026-09-18T09:21:06.300000,2026-09-18T09:21:10.200000,2026-09-18T09:21:14.100000,9.859333899838358,76.23267354374748,ROUGHNESS,5,1,0.97
E_01285,BUS_009,PASS_01_009_02,SEG_124,2026-09-18T09:21:03.600000,2026-09-18T09:21:07.500000,2026-09-18T09:21:11.400000,9.858352770279044,76.23214990560562,ROUGHNESS,1,1,0.772
E_01286,BUS_009,PASS_01_009_02,SEG_125,2026-09-18T09:21:03.400000,2026-09-18T09:21:07.300000,2026-09-18T09:21:11.200000,9.857497146237442,76.23150672515581,ROUGHNESS,2,1,0.773
E_01287,BUS_009,PASS_01_009_02,SEG_128,2026-09-18T09:21:06.700000,2026-09-18T09:21:08.100000,2026-09-18T09:21:09.500000,9.855187171758217,76.22917127469177,BROKEN_PATCH,2,1,0.774
E_01288,BUS_009,PASS_01_009_02,SEG_136,2026-09-18T09:21:05.200000,2026-09-18T09:21:06.300000,2026-09-18T09:21:07.400000,9.852068618253304,76.22141854442776,BROKEN_PATCH,2,1,0.773
E_01289,BUS_009,PASS_01_009_02,SEG_137,2026-09-18T09:21:07,2026-09-18T09:21:08.400000,2026-09-18T09:21:09.800000,9.851592401297822,76.22008407055093,BROKEN_PATCH,1,1,0.79
E_01290,BUS_009,PASS_01_009_02,SEG_139,2026-09-18T09:21:03.900000,2026-09-18T09:21:04.900000,2026-09-18T09:21:05.900000,9.850915247489777,76.21821948393149,BROKEN_PATCH,3,1,0.785
E_01291,BUS_009,PASS_01_009_02,SEG_141,2026-09-18T09:21:04.400000,2026-09-18T09:21:05.500000,2026-09-18T09:21:06.600000,9.850346779441804,76.21615417073797,BROKEN_PATCH,5,1,0.865
E_01292,BUS_009,PASS_01_009_02,SEG_143,2026-09-18T09:21:04.200000,2026-09-18T09:21:05,2026-09-18T09:21:05.800000,9.849892843458678,76.21426238589068,BROKEN_PATCH,1,1,0.774
E_01293,BUS_009,PASS_01_009_02,SEG_144,2026-09-18T09:21:04,2026-09-18T09:21:04.900000,2026-09-18T09:21:05.800000,9.849781707049457,76.21346947475568,BROKEN_PATCH,4,1,0.898
E_01294,BUS_009,PASS_01_009_02,SEG_145,2026-09-18T09:21:07.600000,2026-09-18T09:21:09,2026-09-18T09:21:10.400000,9.849789682367202,76.21220641729394,BROKEN_PATCH,5,1,0.934
E_01295,BUS_009,PASS_01_009_02,SEG_147,2026-09-18T09:21:09.100000,2026-09-18T09:21:09.700000,2026-09-18T09:21:10.300000,9.849595734550915,76.20926849691725,SPEED_BREAKER,5,1,0.957
E_01296,BUS_009,PASS_01_009_02,SEG_149,2026-09-18T09:21:07.800000,2026-09-18T09:21:08.300000,2026-09-18T09:21:08.800000,9.849875087303893,76.20729976698992,SPEED_BREAKER,1,1,0.778
E_01297,BUS_009,PASS_01_009_02,SEG_150,2026-09-18T09:21:06,2026-09-18T09:21:06.500000,2026-09-18T09:21:07,9.850529817419952,76.20649659376488,SPEED_BREAKER,2,1,0.752
E_01298,BUS_009,PASS_01_009_02,SEG_154,2026-09-18T09:21:06.100000,2026-09-18T09:21:06.600000,2026-09-18T09:21:07.100000,9.853590564108664,76.20320513551383,SPEED_BREAKER,2,1,0.807
E_01299,BUS_010,PASS_01_010_01,SEG_023,2026-09-18T06:30:05.900000,2026-09-18T06:30:06.400000,2026-09-18T06:30:06.900000,9.946639726363761,76.28034265510153,SPEED_BREAKER,5,1,0.913
E_01300,BUS_010,PASS_01_010_01,SEG_024,2026-09-18T06:30:04.200000,2026-09-18T06:30:04.700000,2026-09-18T06:30:05.200000,9.945945451917863,76.27925788206059,SPEED_BREAKER,4,1,0.876
E_01301,BUS_010,PASS_01_010_01,SEG_025,2026-09-18T06:30:03.400000,2026-09-18T06:30:03.900000,2026-09-18T06:30:04.400000,9.945492217507187,76.27842554422887,SPEED_BREAKER,1,1,0.72
E_01302,BUS_010,PASS_01_010_01,SEG_026,2026-09-18T06:30:02.500000,2026-09-18T06:30:03,2026-09-18T06:30:03.500000,9.945038471799126,76.27784629672566,SPEED_BREAKER,4,1,0.953
E_01303,BUS_010,PASS_01_010_01,SEG_033,2026-09-18T06:30:06,2026-09-18T06:30:06.500000,2026-09-18T06:30:07,9.94003585689932,76.27092491480697,SPEED_BREAKER,4,1,0.836
E_01304,BUS_010,PASS_01_010_01,SEG_035,2026-09-18T06:30:05.900000,2026-09-18T06:30:06.400000,2026-09-18T06:30:06.900000,9.93830808201787,76.26949618421772,SPEED_BREAKER,1,1,0.773
E_01305,BUS_010,PASS_01_010_01,SEG_037,2026-09-18T06:30:05.200000,2026-09-18T06:30:05.700000,2026-09-18T06:30:06.200000,9.936696500673524,76.26798865544848,POTHOLE,2,1,0.821
E_01306,BUS_010,PASS_01_010_01,SEG_038,2026-09-18T06:30:03.700000,2026-09-18T06:30:04.200000,2026-09-18T06:30:04.700000,9.936311932510353,76.2673251103794,POTHOLE,1,1,0.706
E_01307,BUS_010,PASS_01_010_01,SEG_040,2026-09-18T06:30:06,2026-09-18T06:30:06.500000,2026-09-18T06:30:07,9.935770111688768,76.26493053295641,POTHOLE,2,1,0.84
E_01308,BUS_010,PASS_01_010_01,SEG_041,2026-09-18T06:30:04.200000,2026-09-18T06:30:04.700000,2026-09-18T06:30:05.200000,9.935620216419865,76.26372978605559,POTHOLE,5,1,0.897
E_01309,BUS_010,PASS_01_010_01,SEG_043,2026-09-18T06:30:06.300000,2026-09-18T06:30:06.800000,2026-09-18T06:30:07.300000,9.935044279365943,76.26111252869933,POTHOLE,3,1,0.917
E_01310,BUS_010,PASS_01_010_01,SEG_046,2026-09-18T06:30:09.800000,2026-09-18T06:30:10.300000,2026-09-18T06:30:10.800000,9.934395257045217,76.25821471840673,POTHOLE,3,1,0.847
E_01311,BUS_010,PASS_01_010_01,SEG_048,2026-09-18T06:30:06.200000,2026-09-18T06:30:09.600000,2026-09-18T06:30:13,9.93381243820689,76.2560639424191,ROUGHNESS,2,1,0.743
E_01312,BUS_010,PASS_01_010_01,SEG_049,2026-09-18T06:30:04.200000,2026-09-18T06:30:04.700000,2026-09-18T06:30:05.200000,9.933483943947579,76.25518996985465,POTHOLE,1,1,0.757
E_01313,BUS_010,PASS_01_010_01,SEG_050,2026-09-18T06:30:10.500000,2026-09-18T06:30:11,2026-09-18T06:30:11.500000,9.932869911189147,76.25403472762731,POTHOLE,2,1,0.818
E_01314,BUS_010,PASS_01_010_01,SEG_053,2026-09-18T06:30:02.300000,2026-09-18T06:30:05.800000,2026-09-18T06:30:09.300000,9.930990305579913,76.25089404060199,ROUGHNESS,2,1,0.829
E_01315,BUS_010,PASS_01_010_01,SEG_054,2026-09-18T06:30:04.400000,2026-09-18T06:30:04.900000,2026-09-18T06:30:05.400000,9.930685998533644,76.25002266922932,POTHOLE,4,1,0.908
E_01316,BUS_010,PASS_01_010_01,SEG_057,2026-09-18T06:30:05.300000,2026-09-18T06:30:05.800000,2026-09-18T06:30:06.300000,9.929183048739135,76.24726975020083,POTHOLE,4,1,0.92
E_01317,BUS_010,PASS_01_010_01,SEG_058,2026-09-18T06:30:07,2026-09-18T06:30:10.900000,2026-09-18T06:30:14.800000,9.92824357039512,76.24630869554758,ROUGHNESS,4,1,0.911
E_01318,BUS_010,PASS_01_010_01,SEG_059,2026-09-18T06:30:05.500000,2026-09-18T06:30:08.800000,2026-09-18T06:30:12.100000,9.927311031248506,76.24558899844317,ROUGHNESS,3,1,0.858
E_01319,BUS_010,PASS_01_010_01,SEG_060,2026-09-18T06:30:08.300000,2026-09-18T06:30:08.800000,2026-09-18T06:30:09.300000,9.926368604502157,76.24478665185055,POTHOLE,4,1,0.893
E_01320,BUS_010,PASS_01_010_01,SEG_061,2026-09-18T06:30:04.500000,2026-09-18T06:30:05,2026-09-18T06:30:05.500000,9.925660708653993,76.24406106925078,POTHOLE,2,1,0.8
E_01321,BUS_010,PASS_01_010_01,SEG_063,2026-09-18T06:30:07.400000,2026-09-18T06:30:07.900000,2026-09-18T06:30:08.400000,9.924364774266408,76.24295812598184,POTHOLE,4,1,0.863
E_01322,BUS_010,PASS_01_010_01,SEG_064,2026-09-18T06:30:05.200000,2026-09-18T06:30:05.700000,2026-09-18T06:30:06.200000,9.92384341066458,76.24216807403721,POTHOLE,5,1,0.97
E_01323,BUS_010,PASS_01_010_01,SEG_065,2026-09-18T06:30:04.500000,2026-09-18T06:30:05.400000,2026-09-18T06:30:06.300000,9.923204729646871,76.24149463600659,BROKEN_PATCH,4,1,0.895
E_01324,BUS_010,PASS_01_010_01,SEG_070,2026-09-18T06:30:05.400000,2026-09-18T06:30:05.900000,2026-09-18T06:30:06.400000,9.917535947545888,76.23855332047964,POTHOLE,4,1,0.894
E_01325,BUS_010,PASS_01_010_01,SEG_074,2026-09-18T06:30:07.100000,2026-09-18T06:30:08.400000,2026-09-18T06:30:09.700000,9.913499739390227,76.23539198341295,BROKEN_PATCH,1,1,0.774
E_01326,BUS_010,PASS_01_010_01,SEG_087,2026-09-18T06:30:06.700000,2026-09-18T06:30:07.200000,2026-09-18T06:30:07.700000,9.899806466048974,76.23770751021686,SPEED_BREAKER,5,1,0.97
E_01327,BUS_010,PASS_01_010_01,SEG_089,2026-09-18T06:30:10.100000,2026-09-18T06:30:10.700000,2026-09-18T06:30:11.300000,9.897392914254105,76.2383251247591,SPEED_BREAKER,1,1,0.75
E_01328,BUS_010,PASS_01_010_01,SEG_095,2026-09-18T06:30:06.300000,2026-09-18T06:30:06.900000,2026-09-18T06:30:07.500000,9.889737618420805,76.23852184638702,SPEED_BREAKER,5,1,0.953
E_01329,BUS_010,PASS_01_010_01,SEG_098,2026-09-18T06:30:07.200000,2026-09-18T06:30:07.800000,2026-09-18T06:30:08.400000,9.886422801300611,76.2384461764337,SPEED_BREAKER,2,1,0.878
E_01330,BUS_010,PASS_01_010_01,SEG_101,2026-09-18T06:30:04.700000,2026-09-18T06:30:08.300000,2026-09-18T06:30:11.900000,9.882574150640083,76.23841653508306,ROUGHNESS,1,1,0.797
E_01331,BUS_010,PASS_01_010_01,SEG_105,2026-09-18T06:30:09.100000,2026-09-18T06:30:09.700000,2026-09-18T06:30:10.300000,9.878083044962043,76.23878059881093,SPEED_BREAKER,5,1,0.967
E_01332,BUS_010,PASS_01_010_01,SEG_106,2026-09-18T06:30:03.500000,2026-09-18T06:30:07.400000,2026-09-18T06:30:11.300000,9.876937195506956,76.23904862018236,ROUGHNESS,5,1,0.846
E_01333,BUS_010,PASS_01_010_01,SEG_107,2026-09-18T06:30:06.600000,2026-09-18T06:30:07.100000,2026-09-18T06:30:07.600000,9.875478204103029,76.2396281775226,POTHOLE,5,1,0.959
E_01334,BUS_010,PASS_01_010_01,SEG_108,2026-09-18T06:30:06.100000,2026-09-18T06:30:06.600000,2026-09-18T06:30:07.100000,9.874479927419497,76.23986880122413,POTHOLE,1,1,0.729
E_01335,BUS_010,PASS_01_010_01,SEG_109,2026-09-18T06:30:03.200000,2026-09-18T06:30:07.100000,2026-09-18T06:30:11,9.873473313237575,76.24015937643864,ROUGHNESS,3,1,0.858
E_01336,BUS_010,PASS_01_010_01,SEG_110,2026-09-18T06:30:08.800000,2026-09-18T06:30:09.300000,2026-09-18T06:30:09.800000,9.872176598462692,76.24050668322148,POTHOLE,4,1,0.903
E_01337,BUS_010,PASS_01_010_01,SEG_111,2026-09-18T06:30:09.800000,2026-09-18T06:30:10.300000,2026-09-18T06:30:10.800000,9.87085172396484,76.24085776478671,POTHOLE,5,1,0.97
E_01338,BUS_010,PASS_01_010_01,SEG_112,2026-09-18T06:30:05.100000,2026-09-18T06:30:08.300000,2026-09-18T06:30:11.500000,9.869757109505121,76.24074238212877,ROUGHNESS,1,1,0.78
E_01339,BUS_010,PASS_01_010_01,SEG_113,2026-09-18T06:30:07.300000,2026-09-18T06:30:07.800000,2026-09-18T06:30:08.300000,9.869024422279983,76.2401733696042,POTHOLE,1,1,0.737
E_01340,BUS_010,PASS_01_010_01,SEG_114,2026-09-18T06:30:03.200000,2026-09-18T06:30:06.800000,2026-09-18T06:30:10.400000,9.868081067559785,76.23952968143158,ROUGHNESS,1,1,0.759
E_01341,BUS_010,PASS_01_010_01,SEG_115,2026-09-18T06:30:10.600000,2026-09-18T06:30:11.100000,2026-09-18T06:30:11.600000,9.866781496497719,76.23892794860474,POTHOLE,5,1,0.954
E_01342,BUS_010,PASS_01_010_01,SEG_115,2026-09-18T06:30:02.600000,2026-09-18T06:30:06.500000,2026-09-18T06:30:10.400000,9.867120957235196,76.23903492992878,ROUGHNESS,5,1,0.947
E_01343,BUS_010,PASS_01_010_01,SEG_116,2026-09-18T06:30:04.600000,2026-09-18T06:30:08.500000,2026-09-18T06:30:12.400000,9.865669721267007,76.23802576956713,ROUGHNESS,2,1,0.771
E_01344,BUS_010,PASS_01_010_01,SEG_117,2026-09-18T06:30:05.800000,2026-09-18T06:30:06.300000,2026-09-18T06:30:06.800000,9.864766494537113,76.2371504745203,POTHOLE,5,1,0.902
E_01345,BUS_010,PASS_01_010_01,SEG_119,2026-09-18T06:30:09,2026-09-18T06:30:09.500000,2026-09-18T06:30:10,9.862982702718185,76.23581984549102,POTHOLE,4,1,0.878
E_01346,BUS_010,PASS_01_010_01,SEG_121,2026-09-18T06:30:05.500000,2026-09-18T06:30:06,2026-09-18T06:30:06.500000,9.861417756922734,76.23450491582261,BROKEN_PATCH,5,1,0.947
E_01347,BUS_010,PASS_01_010_01,SEG_121,2026-09-18T06:30:06.600000,2026-09-18T06:30:10.500000,2026-09-18T06:30:14.400000,9.861077217422205,76.23418318858212,ROUGHNESS,4,1,0.923
E_01348,BUS_010,PASS_01_010_01,SEG_122,2026-09-18T06:30:10.400000,2026-09-18T06:30:10.900000,2026-09-18T06:30:11.400000,9.860171411923341,76.23348142207425,POTHOLE,2,1,0.77
E_01349,BUS_010,PASS_01_010_01,SEG_122,2026-09-18T06:30:05.600000,2026-09-18T06:30:07,2026-09-18T06:30:08.400000,9.860205064684378,76.23369344115932,BROKEN_PATCH,4,1,0.894
E_01350,BUS_010,PASS_01_010_01,SEG_123,2026-09-18T06:30:06.300000,2026-09-18T06:30:06.500000,2026-09-18T06:30:06.600000,9.859346958375857,76.23289433917192,POTHOLE,5,1,0.952
E_01351,BUS_010,PASS_01_010_01,SEG_123,2026-09-18T06:30:06.700000,2026-09-18T06:30:10.600000,2026-09-18T06:30:14.500000,9.859154191406256,76.23277867892024,ROUGHNESS,5,1,0.94
E_01352,BUS_010,PASS_01_010_01,SEG_124,2026-09-18T06:30:07.200000,2026-09-18T06:30:11.100000,2026-09-18T06:30:15,9.858197970613034,76.23184426536277,ROUGHNESS,1,1,0.814
E_01353,BUS_010,PASS_01_010_01,SEG_128,2026-09-18T06:30:07.700000,2026-09-18T06:30:08.900000,2026-09-18T06:30:10.100000,9.855282181735454,76.22900734759911,BROKEN_PATCH,4,1,0.954
E_01354,BUS_010,PASS_01_010_01,SEG_132,2026-09-18T06:30:04.300000,2026-09-18T06:30:05.400000,2026-09-18T06:30:06.500000,9.853571246586075,76.22505507902345,BROKEN_PATCH,5,1,0.97
E_01355,BUS_010,PASS_01_010_01,SEG_133,2026-09-18T06:30:05.700000,2026-09-18T06:30:06.700000,2026-09-18T06:30:07.700000,9.853076196383176,76.22427805127036,BROKEN_PATCH,3,1,0.867
E_01356,BUS_010,PASS_01_010_01,SEG_139,2026-09-18T06:30:06.200000,2026-09-18T06:30:07.100000,2026-09-18T06:30:08,9.850783105915157,76.2180408346952,BROKEN_PATCH,5,1,0.956
E_01357,BUS_010,PASS_01_010_01,SEG_141,2026-09-18T06:30:05,2026-09-18T06:30:05,2026-09-18T06:30:05,9.850357582174597,76.21614576933004,BROKEN_PATCH,5,1,0.97
E_01358,BUS_010,PASS_01_010_01,SEG_143,2026-09-18T06:30:04.600000,2026-09-18T06:30:05.400000,2026-09-18T06:30:06.200000,9.84994381265452,76.21425405308037,BROKEN_PATCH,3,1,0.832
E_01359,BUS_010,PASS_01_010_01,SEG_144,2026-09-18T06:30:05.900000,2026-09-18T06:30:06.700000,2026-09-18T06:30:07.500000,9.849783398424258,76.21337464146781,BROKEN_PATCH,3,1,0.804
E_01360,BUS_010,PASS_01_010_01,SEG_145,2026-09-18T06:30:09.600000,2026-09-18T06:30:11,2026-09-18T06:30:12.400000,9.84983411207894,76.21206485551427,BROKEN_PATCH,3,1,0.879
E_01361,BUS_010,PASS_01_010_01,SEG_146,2026-09-18T06:30:10.600000,2026-09-18T06:30:11.200000,2026-09-18T06:30:11.800000,9.84966379214382,76.21043750678035,SPEED_BREAKER,1,1,0.763
E_01362,BUS_010,PASS_01_010_01,SEG_147,2026-09-18T06:30:10.900000,2026-09-18T06:30:11.500000,2026-09-18T06:30:12.100000,9.849669190145093,76.20925464569336,SPEED_BREAKER,4,1,0.896
E_01363,BUS_010,PASS_01_010_01,SEG_148,2026-09-18T06:30:04.300000,2026-09-18T06:30:04.800000,2026-09-18T06:30:05.300000,9.849384400229708,76.2083247925619,SPEED_BREAKER,2,1,0.792
E_01364,BUS_010,PASS_01_010_01,SEG_149,2026-09-18T06:30:06.400000,2026-09-18T06:30:06.900000,2026-09-18T06:30:07.400000,9.849731635701701,76.20743806812916,SPEED_BREAKER,2,1,0.824
E_01365,BUS_010,PASS_01_010_01,SEG_150,2026-09-18T06:30:07,2026-09-18T06:30:07.500000,2026-09-18T06:30:08,9.85063863765624,76.20652178564914,SPEED_BREAKER,1,1,0.727
E_01366,BUS_010,PASS_01_010_01,SEG_152,2026-09-18T06:30:06.300000,2026-09-18T06:30:06.800000,2026-09-18T06:30:07.300000,9.852266449723201,76.20497277861539,SPEED_BREAKER,2,1,0.797
E_01367,BUS_010,PASS_01_010_01,SEG_154,2026-09-18T06:30:06.600000,2026-09-18T06:30:07.100000,2026-09-18T06:30:07.600000,9.853684551658983,76.20315697654881,SPEED_BREAKER,1,1,0.777
E_01368,BUS_010,PASS_01_010_02,SEG_023,2026-09-18T09:00:09.200000,2026-09-18T09:00:09.800000,2026-09-18T09:00:10.400000,9.946512137514699,76.28024665105437,SPEED_BREAKER,2,1,0.83
E_01369,BUS_010,PASS_01_010_02,SEG_024,2026-09-18T09:00:06.700000,2026-09-18T09:00:07.200000,2026-09-18T09:00:07.700000,9.945906346339905,76.27918320770237,SPEED_BREAKER,3,1,0.873
E_01370,BUS_010,PASS_01_010_02,SEG_025,2026-09-18T09:00:04.800000,2026-09-18T09:00:05.300000,2026-09-18T09:00:05.800000,9.945586559372348,76.27852607685834,SPEED_BREAKER,1,1,0.757
E_01371,BUS_010,PASS_01_010_02,SEG_026,2026-09-18T09:00:05.500000,2026-09-18T09:00:06,2026-09-18T09:00:06.500000,9.944947910910063,76.27768245884795,SPEED_BREAKER,1,1,0.779
E_01372,BUS_010,PASS_01_010_02,SEG_028,2026-09-18T09:00:07.100000,2026-09-18T09:00:07.700000,2026-09-18T09:00:08.300000,9.944165679192418,76.27554016694701,SPEED_BREAKER,4,1,0.87
E_01373,BUS_010,PASS_01_010_02,SEG_033,2026-09-18T09:00:05.500000,2026-09-18T09:00:06,2026-09-18T09:00:06.500000,9.940155084082084,76.27106251696136,SPEED_BREAKER,1,1,0.693
E_01374,BUS_010,PASS_01_010_02,SEG_035,2026-09-18T09:00:04.500000,2026-09-18T09:00:05,2026-09-18T09:00:05.500000,9.938542659422126,76.26961933272752,SPEED_BREAKER,2,1,0.807
E_01375,BUS_010,PASS_01_010_02,SEG_036,2026-09-18T09:00:04.800000,2026-09-18T09:00:05.300000,2026-09-18T09:00:05.800000,9.937628271778141,76.26870553348195,POTHOLE,5,1,0.97
E_01376,BUS_010,PASS_01_010_02,SEG_038,2026-09-18T09:00:04.500000,2026-09-18T09:00:05,2026-09-18T09:00:05.500000,9.936300090992418,76.26731069609382,POTHOLE,2,1,0.826
E_01377,BUS_010,PASS_01_010_02,SEG_039,2026-09-18T09:00:06.500000,2026-09-18T09:00:07,2026-09-18T09:00:07.500000,9.936027883394708,76.26595477327633,POTHOLE,2,1,0.845
E_01378,BUS_010,PASS_01_010_02,SEG_040,2026-09-18T09:00:05.400000,2026-09-18T09:00:05.900000,2026-09-18T09:00:06.400000,9.935942710391085,76.26495047451533,POTHOLE,1,1,0.728
E_01379,BUS_010,PASS_01_010_02,SEG_041,2026-09-18T09:00:08.800000,2026-09-18T09:00:09.300000,2026-09-18T09:00:09.800000,9.935501239349943,76.26329502970736,POTHOLE,2,1,0.766
E_01380,BUS_010,PASS_01_010_02,SEG_042,2026-09-18T09:00:03.400000,2026-09-18T09:00:03.900000,2026-09-18T09:00:04.400000,9.935294855184878,76.26232201423724,POTHOLE,4,1,0.889
E_01381,BUS_010,PASS_01_010_02,SEG_043,2026-09-18T09:00:07.600000,2026-09-18T09:00:08.100000,2026-09-18T09:00:08.600000,9.935028867760217,76.26116014473203,POTHOLE,4,1,0.932
E_01382,BUS_010,PASS_01_010_02,SEG_044,2026-09-18T09:00:03.300000,2026-09-18T09:00:03.800000,2026-09-18T09:00:04.300000,9.934696310059287,76.26025668916836,POTHOLE,2,1,0.833
E_01383,BUS_010,PASS_01_010_02,SEG_046,2026-09-18T09:00:07.700000,2026-09-18T09:00:08.200000,2026-09-18T09:00:08.700000,9.934266607740263,76.25835020097837,POTHOLE,5,1,0.961
E_01384,BUS_010,PASS_01_010_02,SEG_048,2026-09-18T09:00:05,2026-09-18T09:00:08.600000,2026-09-18T09:00:12.200000,9.933757838482883,76.2561209632199,ROUGHNESS,2,1,0.76
E_01385,BUS_010,PASS_01_010_02,SEG_049,2026-09-18T09:00:03.700000,2026-09-18T09:00:06.600000,2026-09-18T09:00:09.500000,9.9334711148608,76.25520934089872,ROUGHNESS,3,1,0.851
E_01386,BUS_010,PASS_01_010_02,SEG_050,2026-09-18T09:00:06.600000,2026-09-18T09:00:10.500000,2026-09-18T09:00:14.400000,9.932813486156167,76.25399659748699,ROUGHNESS,3,1,0.858
E_01387,BUS_010,PASS_01_010_02,SEG_051,2026-09-18T09:00:05.600000,2026-09-18T09:00:06.100000,2026-09-18T09:00:06.600000,9.932255647220083,76.25321026186658,POTHOLE,4,1,0.892
E_01388,BUS_010,PASS_01_010_02,SEG_053,2026-09-18T09:00:02.700000,2026-09-18T09:00:06.600000,2026-09-18T09:00:10.500000,9.931183837138597,76.25092598165915,ROUGHNESS,1,1,0.775
E_01389,BUS_010,PASS_01_010_02,SEG_054,2026-09-18T09:00:05.300000,2026-09-18T09:00:08.300000,2026-09-18T09:00:11.300000,9.930676038309054,76.2498439883742,ROUGHNESS,3,1,0.83
E_01390,BUS_010,PASS_01_010_02,SEG_058,2026-09-18T09:00:04.900000,2026-09-18T09:00:08.800000,2026-09-18T09:00:12.700000,9.928354094545195,76.24638885946577,ROUGHNESS,4,1,0.96
E_01391,BUS_010,PASS_01_010_02,SEG_059,2026-09-18T09:00:03.300000,2026-09-18T09:00:07.200000,2026-09-18T09:00:11.100000,9.927411315813215,76.24553841481548,ROUGHNESS,3,1,0.852
E_01392,BUS_010,PASS_01_010_02,SEG_060,2026-09-18T09:00:06.900000,2026-09-18T09:00:10.800000,2026-09-18T09:00:14.700000,9.926544921751226,76.24456852795049,ROUGHNESS,2,1,0.767
E_01393,BUS_010,PASS_01_010_02,SEG_061,2026-09-18T09:00:05.500000,2026-09-18T09:00:06,2026-09-18T09:00:06.500000,9.925754190072354,76.2441694139105,POTHOLE,3,1,0.847
E_01394,BUS_010,PASS_01_010_02,SEG_062,2026-09-18T09:00:05.100000,2026-09-18T09:00:05.600000,2026-09-18T09:00:06.100000,9.92509990739968,76.24364516407972,POTHOLE,4,1,0.875
E_01395,BUS_010,PASS_01_010_02,SEG_063,2026-09-18T09:00:05.600000,2026-09-18T09:00:09.500000,2026-09-18T09:00:13.400000,9.924399235074757,76.24276551935644,ROUGHNESS,2,1,0.849
E_01396,BUS_010,PASS_01_010_02,SEG_064,2026-09-18T09:00:09,2026-09-18T09:00:09.500000,2026-09-18T09:00:10,9.923752001446138,76.2420471050746,POTHOLE,1,1,0.711
E_01397,BUS_010,PASS_01_010_02,SEG_065,2026-09-18T09:00:05.500000,2026-09-18T09:00:06,2026-09-18T09:00:06.500000,9.923285417337581,76.24173027538109,POTHOLE,2,1,0.814
E_01398,BUS_010,PASS_01_010_02,SEG_065,2026-09-18T09:00:08.300000,2026-09-18T09:00:09.600000,2026-09-18T09:00:10.900000,9.92296014384134,76.2415126431283,BROKEN_PATCH,2,1,0.82
E_01399,BUS_010,PASS_01_010_02,SEG_067,2026-09-18T09:00:07.500000,2026-09-18T09:00:08,2026-09-18T09:00:08.500000,9.921256033936293,76.24019403200887,POTHOLE,3,1,0.908
E_01400,BUS_010,PASS_01_010_02,SEG_070,2026-09-18T09:00:10.900000,2026-09-18T09:00:11.400000,2026-09-18T09:00:11.900000,9.917176551584092,76.23835585112528,POTHOLE,5,1,0.97
E_01401,BUS_010,PASS_01_010_02,SEG_071,2026-09-18T09:00:08.400000,2026-09-18T09:00:09.800000,2026-09-18T09:00:11.200000,9.916241026824983,76.23766071069579,BROKEN_PATCH,5,1,0.96
E_01402,BUS_010,PASS_01_010_02,SEG_074,2026-09-18T09:00:09,2026-09-18T09:00:10.400000,2026-09-18T09:00:11.800000,9.913478579707531,76.23523515157615,BROKEN_PATCH,4,1,0.911
E_01403,BUS_010,PASS_01_010_02,SEG_076,2026-09-18T09:00:05.600000,2026-09-18T09:00:07,2026-09-18T09:00:08.400000,9.911307200037065,76.23540214589444,BROKEN_PATCH,5,1,0.97
E_01404,BUS_010,PASS_01_010_02,SEG_081,2026-09-18T09:00:08,2026-09-18T09:00:09.400000,2026-09-18T09:00:10.800000,9.906352193191529,76.23672834663992,BROKEN_PATCH,2,1,0.73
E_01405,BUS_010,PASS_01_010_02,SEG_089,2026-09-18T09:00:07.400000,2026-09-18T09:00:08,2026-09-18T09:00:08.600000,9.89760050999003,76.2382101280465,SPEED_BREAKER,3,1,0.881
E_01406,BUS_010,PASS_01_010_02,SEG_093,2026-09-18T09:00:07.300000,2026-09-18T09:00:07.900000,2026-09-18T09:00:08.500000,9.892317857703778,76.23873710578607,SPEED_BREAKER,5,1,0.851
E_01407,BUS_010,PASS_01_010_02,SEG_094,2026-09-18T09:00:06.800000,2026-09-18T09:00:07.400000,2026-09-18T09:00:08,9.891059152822484,76.23863169071437,SPEED_BREAKER,5,1,0.945
E_01408,BUS_010,PASS_01_010_02,SEG_095,2026-09-18T09:00:09.600000,2026-09-18T09:00:10.200000,2026-09-18T09:00:10.800000,9.889386884517961,76.23861015596238,SPEED_BREAKER,2,1,0.751
E_01409,BUS_010,PASS_01_010_02,SEG_098,2026-09-18T09:00:07.200000,2026-09-18T09:00:07.800000,2026-09-18T09:00:08.400000,9.886379819620549,76.2383710306986,SPEED_BREAKER,3,1,0.849
E_01410,BUS_010,PASS_01_010_02,SEG_101,2026-09-18T09:00:05.100000,2026-09-18T09:00:09,2026-09-18T09:00:12.900000,9.882604827669898,76.23839258254135,ROUGHNESS,3,1,0.844
E_01411,BUS_010,PASS_01_010_02,SEG_104,2026-09-18T09:00:10.400000,2026-09-18T09:00:11,2026-09-18T09:00:11.600000,9.879125499292353,76.23847488952411,SPEED_BREAKER,5,1,0.938
E_01412,BUS_010,PASS_01_010_02,SEG_105,2026-09-18T09:00:06,2026-09-18T09:00:06.600000,2026-09-18T09:00:07.200000,9.87816339371621,76.23865856441256,SPEED_BREAKER,4,1,0.883
E_01413,BUS_010,PASS_01_010_02,SEG_106,2026-09-18T09:00:07.700000,2026-09-18T09:00:11.600000,2026-09-18T09:00:15.500000,9.876606443593491,76.2392692078017,ROUGHNESS,2,1,0.761
E_01414,BUS_010,PASS_01_010_02,SEG_107,2026-09-18T09:00:11.700000,2026-09-18T09:00:11.900000,2026-09-18T09:00:12,9.875254551318223,76.2396417656523,POTHOLE,5,1,0.953
E_01415,BUS_010,PASS_01_010_02,SEG_107,2026-09-18T09:00:03.800000,2026-09-18T09:00:07.700000,2026-09-18T09:00:11.600000,9.875522525462012,76.23961095202358,ROUGHNESS,1,1,0.716
E_01416,BUS_010,PASS_01_010_02,SEG_109,2026-09-18T09:00:06.400000,2026-09-18T09:00:10.300000,2026-09-18T09:00:14.200000,9.87331396521428,76.24027585356751,ROUGHNESS,4,1,0.851
E_01417,BUS_010,PASS_01_010_02,SEG_111,2026-09-18T09:00:10.500000,2026-09-18T09:00:11,2026-09-18T09:00:11.500000,9.870753323602694,76.24085893767884,POTHOLE,5,1,0.93
E_01418,BUS_010,PASS_01_010_02,SEG_112,2026-09-18T09:00:03.300000,2026-09-18T09:00:07.200000,2026-09-18T09:00:11.100000,9.869966881451917,76.2408991225195,ROUGHNESS,5,1,0.942
E_01419,BUS_010,PASS_01_010_02,SEG_113,2026-09-18T09:00:07.100000,2026-09-18T09:00:07.600000,2026-09-18T09:00:08.100000,9.869005213546139,76.24023168054717,POTHOLE,1,1,0.754
E_01420,BUS_010,PASS_01_010_02,SEG_114,2026-09-18T09:00:04.300000,2026-09-18T09:00:08.200000,2026-09-18T09:00:12.100000,9.868044494351825,76.23964456437638,ROUGHNESS,3,1,0.857
E_01421,BUS_010,PASS_01_010_02,SEG_115,2026-09-18T09:00:04.300000,2026-09-18T09:00:08.200000,2026-09-18T09:00:12.100000,9.867010962715705,76.23903778849217,ROUGHNESS,4,1,0.946
E_01422,BUS_010,PASS_01_010_02,SEG_116,2026-09-18T09:00:04.300000,2026-09-18T09:00:08.200000,2026-09-18T09:00:12.100000,9.8656906955404,76.23816135231392,ROUGHNESS,3,1,0.851
E_01423,BUS_010,PASS_01_010_02,SEG_117,2026-09-18T09:00:06.400000,2026-09-18T09:00:06.900000,2026-09-18T09:00:07.400000,9.864736569436646,76.23725324163932,POTHOLE,5,1,0.97
E_01424,BUS_010,PASS_01_010_02,SEG_119,2026-09-18T09:00:09.200000,2026-09-18T09:00:09.700000,2026-09-18T09:00:10.200000,9.863073048002455,76.23588381051623,POTHOLE,5,1,0.953
E_01425,BUS_010,PASS_01_010_02,SEG_121,2026-09-18T09:00:02.900000,2026-09-18T09:00:06.800000,2026-09-18T09:00:10.700000,9.861307715428268,76.23440630428618,ROUGHNESS,4,1,0.944
E_01426,BUS_010,PASS_01_010_02,SEG_122,2026-09-18T09:00:08.100000,2026-09-18T09:00:08.600000,2026-09-18T09:00:09.100000,9.860271770166765,76.23363761387132,POTHOLE,3,1,0.877
E_01427,BUS_010,PASS_01_010_02,SEG_122,2026-09-18T09:00:05.200000,2026-09-18T09:00:06.600000,2026-09-18T09:00:08,9.860474993768237,76.23364738774232,BROKEN_PATCH,5,1,0.913
E_01428,BUS_010,PASS_01_010_02,SEG_123,2026-09-18T09:00:11,2026-09-18T09:00:11.700000,2026-09-18T09:00:12.300000,9.859216347740507,76.23262928700872,BROKEN_PATCH,3,1,0.816
E_01429,BUS_010,PASS_01_010_02,SEG_123,2026-09-18T09:00:03.100000,2026-09-18T09:00:07,2026-09-18T09:00:10.900000,9.859400014775536,76.2326869637583,ROUGHNESS,4,1,0.891
E_01430,BUS_010,PASS_01_010_02,SEG_124,2026-09-18T09:00:06.900000,2026-09-18T09:00:10.800000,2026-09-18T09:00:14.700000,9.858116285049153,76.23204085941151,ROUGHNESS,4,1,0.858
E_01431,BUS_010,PASS_01_010_02,SEG_125,2026-09-18T09:00:07,2026-09-18T09:00:10.900000,2026-09-18T09:00:14.800000,9.85744974723256,76.23127258817294,ROUGHNESS,3,1,0.858
E_01432,BUS_010,PASS_01_010_02,SEG_128,2026-09-18T09:00:05.100000,2026-09-18T09:00:06.500000,2026-09-18T09:00:07.900000,9.85555365935559,76.22931565838581,BROKEN_PATCH,4,1,0.884
E_01433,BUS_010,PASS_01_010_02,SEG_132,2026-09-18T09:00:07.600000,2026-09-18T09:00:09,2026-09-18T09:00:10.400000,9.853494909718098,76.22500914821667,BROKEN_PATCH,2,1,0.765
E_01434,BUS_010,PASS_01_010_02,SEG_133,2026-09-18T09:00:04.900000,2026-09-18T09:00:06.300000,2026-09-18T09:00:07.700000,9.8531668384922,76.22435208617483,BROKEN_PATCH,4,1,0.93
E_01435,BUS_010,PASS_01_010_02,SEG_136,2026-09-18T09:00:07.700000,2026-09-18T09:00:09,2026-09-18T09:00:10.300000,9.852035677645654,76.221217346331,BROKEN_PATCH,2,1,0.853
E_01436,BUS_010,PASS_01_010_02,SEG_137,2026-09-18T09:00:09.700000,2026-09-18T09:00:11.100000,2026-09-18T09:00:12.500000,9.851565816717683,76.21984163897021,BROKEN_PATCH,4,1,0.857
E_01437,BUS_010,PASS_01_010_02,SEG_139,2026-09-18T09:00:06.200000,2026-09-18T09:00:07.400000,2026-09-18T09:00:08.600000,9.850918282397798,76.21813803134518,BROKEN_PATCH,5,1,0.949
E_01438,BUS_010,PASS_01_010_02,SEG_143,2026-09-18T09:00:07,2026-09-18T09:00:08,2026-09-18T09:00:09,9.849843365921053,76.21424894335274,BROKEN_PATCH,3,1,0.849
E_01439,BUS_010,PASS_01_010_02,SEG_146,2026-09-18T09:00:10.800000,2026-09-18T09:00:11.400000,2026-09-18T09:00:12,9.849791276297804,76.21046360868729,SPEED_BREAKER,3,1,0.84
E_01440,BUS_010,PASS_01_010_02,SEG_147,2026-09-18T09:00:07.500000,2026-09-18T09:00:08.100000,2026-09-18T09:00:08.700000,9.849591892624744,76.2093706915759,SPEED_BREAKER,4,1,0.865
E_01441,BUS_010,PASS_01_010_02,SEG_148,2026-09-18T09:00:05.400000,2026-09-18T09:00:05.900000,2026-09-18T09:00:06.400000,9.849487773989141,76.20833743161633,SPEED_BREAKER,3,1,0.895
E_01442,BUS_010,PASS_01_010_02,SEG_150,2026-09-18T09:00:09,2026-09-18T09:00:09.600000,2026-09-18T09:00:10.200000,9.850710583964315,76.20638414096508,SPEED_BREAKER,1,1,0.737
E_01443,BUS_010,PASS_01_010_02,SEG_152,2026-09-18T09:00:06.500000,2026-09-18T09:00:07,2026-09-18T09:00:07.500000,9.852508344882517,76.20482306701578,SPEED_BREAKER,5,1,0.966
E_01444,BUS_010,PASS_01_010_02,SEG_157,2026-09-18T09:00:06.400000,2026-09-18T09:00:07,2026-09-18T09:00:07.600000,9.856601752088798,76.2010317707298,SPEED_BREAKER,5,1,0.935
E_01445,BUS_001,PASS_02_001_01,SEG_023,2026-09-19T06:30:05.900000,2026-09-19T06:30:06.400000,2026-09-19T06:30:06.900000,9.946653455184476,76.28035034500617,SPEED_BREAKER,4,1,0.936
E_01446,BUS_001,PASS_02_001_01,SEG_024,2026-09-19T06:30:05.400000,2026-09-19T06:30:05.900000,2026-09-19T06:30:06.400000,9.945780734007673,76.2791615355172,SPEED_BREAKER,5,1,0.958
E_01447,BUS_001,PASS_02_001_01,SEG_025,2026-09-19T06:30:04.100000,2026-09-19T06:30:04.600000,2026-09-19T06:30:05.100000,9.945469716787278,76.27841352453854,SPEED_BREAKER,4,1,0.853
E_01448,BUS_001,PASS_02_001_01,SEG_033,2026-09-19T06:30:06.100000,2026-09-19T06:30:06.600000,2026-09-19T06:30:07.100000,9.939905780070614,76.2707361495566,SPEED_BREAKER,2,1,0.831
E_01449,BUS_001,PASS_02_001_01,SEG_035,2026-09-19T06:30:04.500000,2026-09-19T06:30:05,2026-09-19T06:30:05.500000,9.938382516696375,76.2695259424952,SPEED_BREAKER,5,1,0.924
E_01450,BUS_001,PASS_02_001_01,SEG_036,2026-09-19T06:30:03.600000,2026-09-19T06:30:04.100000,2026-09-19T06:30:04.600000,9.937623246033542,76.268805971108,POTHOLE,2,1,0.825
E_01451,BUS_001,PASS_02_001_01,SEG_037,2026-09-19T06:30:03.400000,2026-09-19T06:30:03.900000,2026-09-19T06:30:04.400000,9.936718869599874,76.26804108492962,POTHOLE,1,1,0.813
E_01452,BUS_001,PASS_02_001_01,SEG_040,2026-09-19T06:30:03.500000,2026-09-19T06:30:04,2026-09-19T06:30:04.500000,9.935882308812108,76.26496331796984,POTHOLE,4,1,0.943
E_01453,BUS_001,PASS_02_001_01,SEG_041,2026-09-19T06:30:05.500000,2026-09-19T06:30:06,2026-09-19T06:30:06.500000,9.935603782324817,76.26331361655893,POTHOLE,2,1,0.772
E_01454,BUS_001,PASS_02_001_01,SEG_043,2026-09-19T06:30:06.500000,2026-09-19T06:30:07,2026-09-19T06:30:07.500000,9.934946206801442,76.26103998450506,POTHOLE,2,1,0.809
E_01455,BUS_001,PASS_02_001_01,SEG_044,2026-09-19T06:30:02.400000,2026-09-19T06:30:02.900000,2026-09-19T06:30:03.400000,9.934822429942432,76.26030435715536,POTHOLE,1,1,0.743
E_01456,BUS_001,PASS_02_001_01,SEG_048,2026-09-19T06:30:04.200000,2026-09-19T06:30:06.900000,2026-09-19T06:30:09.600000,9.933803746953577,76.25616531226744,ROUGHNESS,3,1,0.789
E_01457,BUS_001,PASS_02_001_01,SEG_049,2026-09-19T06:30:04.200000,2026-09-19T06:30:06.300000,2026-09-19T06:30:08.400000,9.933437616856573,76.25511504808466,ROUGHNESS,2,1,0.779
E_01458,BUS_001,PASS_02_001_01,SEG_050,2026-09-19T06:30:06.600000,2026-09-19T06:30:10.400000,2026-09-19T06:30:14.200000,9.932860708830358,76.25396421766331,ROUGHNESS,3,1,0.853
E_01459,BUS_001,PASS_02_001_01,SEG_051,2026-09-19T06:30:06.100000,2026-09-19T06:30:06.600000,2026-09-19T06:30:07.100000,9.932308552157737,76.25299326521733,POTHOLE,3,1,0.826
E_01460,BUS_001,PASS_02_001_01,SEG_053,2026-09-19T06:30:04,2026-09-19T06:30:06.800000,2026-09-19T06:30:09.600000,9.931078845133559,76.25082037892749,ROUGHNESS,3,1,0.84
E_01461,BUS_001,PASS_02_001_01,SEG_054,2026-09-19T06:30:03.300000,2026-09-19T06:30:03.300000,2026-09-19T06:30:03.300000,9.930754596488388,76.2498602844781,POTHOLE,4,1,0.884
E_01462,BUS_001,PASS_02_001_01,SEG_054,2026-09-19T06:30:03.400000,2026-09-19T06:30:05.400000,2026-09-19T06:30:07.400000,9.930717101397997,76.24984524044051,ROUGHNESS,5,1,0.942
E_01463,BUS_001,PASS_02_001_01,SEG_058,2026-09-19T06:30:05.700000,2026-09-19T06:30:09,2026-09-19T06:30:12.300000,9.92838218606469,76.24628956921156,ROUGHNESS,4,1,0.921
E_01464,BUS_001,PASS_02_001_01,SEG_060,2026-09-19T06:30:07.700000,2026-09-19T06:30:08.200000,2026-09-19T06:30:08.700000,9.926502037648511,76.2447488433066,POTHOLE,1,1,0.764
E_01465,BUS_001,PASS_02_001_01,SEG_061,2026-09-19T06:30:03.500000,2026-09-19T06:30:04,2026-09-19T06:30:04.500000,9.925695617011636,76.24409599009509,POTHOLE,4,1,0.939
E_01466,BUS_001,PASS_02_001_01,SEG_065,2026-09-19T06:30:04.100000,2026-09-19T06:30:04.600000,2026-09-19T06:30:05.100000,9.923189201392564,76.24159091181943,POTHOLE,2,1,0.761
E_01467,BUS_001,PASS_02_001_01,SEG_065,2026-09-19T06:30:05.800000,2026-09-19T06:30:06.600000,2026-09-19T06:30:07.400000,9.923067636772688,76.24138011985352,BROKEN_PATCH,1,1,0.722
E_01468,BUS_001,PASS_02_001_01,SEG_067,2026-09-19T06:30:06.200000,2026-09-19T06:30:06.700000,2026-09-19T06:30:07.200000,9.92129593519467,76.24014636414316,POTHOLE,2,1,0.856
E_01469,BUS_001,PASS_02_001_01,SEG_068,2026-09-19T06:30:06.800000,2026-09-19T06:30:07.300000,2026-09-19T06:30:07.800000,9.920078728852802,76.23943547153205,POTHOLE,4,1,0.875
E_01470,BUS_001,PASS_02_001_01,SEG_071,2026-09-19T06:30:06.900000,2026-09-19T06:30:08.300000,2026-09-19T06:30:09.700000,9.916356299517693,76.2376816679199,BROKEN_PATCH,3,1,0.797
E_01471,BUS_001,PASS_02_001_01,SEG_074,2026-09-19T06:30:06.400000,2026-09-19T06:30:07.600000,2026-09-19T06:30:08.800000,9.91349831580358,76.23533206107558,BROKEN_PATCH,3,1,0.911
E_01472,BUS_001,PASS_02_001_01,SEG_076,2026-09-19T06:30:03.700000,2026-09-19T06:30:04.700000,2026-09-19T06:30:05.700000,9.911246574372969,76.2352658741303,BROKEN_PATCH,3,1,0.829
E_01473,BUS_001,PASS_02_001_01,SEG_081,2026-09-19T06:30:07.600000,2026-09-19T06:30:08.800000,2026-09-19T06:30:10,9.906288236308399,76.23673034924413,BROKEN_PATCH,4,1,0.906
E_01474,BUS_001,PASS_02_001_01,SEG_089,2026-09-19T06:30:11,2026-09-19T06:30:11.600000,2026-09-19T06:30:12.200000,9.897425317063444,76.23826010003441,SPEED_BREAKER,3,1,0.935
E_01475,BUS_001,PASS_02_001_01,SEG_093,2026-09-19T06:30:08.900000,2026-09-19T06:30:09.500000,2026-09-19T06:30:10.100000,9.892112356267148,76.23849465141038,SPEED_BREAKER,5,1,0.97
E_01476,BUS_001,PASS_02_001_01,SEG_094,2026-09-19T06:30:08.200000,2026-09-19T06:30:08.800000,2026-09-19T06:30:09.400000,9.890833204546544,76.23869390777251,SPEED_BREAKER,2,1,0.829
E_01477,BUS_001,PASS_02_001_01,SEG_095,2026-09-19T06:30:07.200000,2026-09-19T06:30:07.800000,2026-09-19T06:30:08.400000,9.889608876827626,76.23853977420939,SPEED_BREAKER,1,1,0.736
E_01478,BUS_001,PASS_02_001_01,SEG_098,2026-09-19T06:30:10.500000,2026-09-19T06:30:11.100000,2026-09-19T06:30:11.700000,9.886188903878098,76.23843933064451,SPEED_BREAKER,2,1,0.777
E_01479,BUS_001,PASS_02_001_01,SEG_100,2026-09-19T06:30:07.500000,2026-09-19T06:30:08.100000,2026-09-19T06:30:08.700000,9.883893115718227,76.23843595016683,SPEED_BREAKER,3,1,0.911
E_01480,BUS_001,PASS_02_001_01,SEG_101,2026-09-19T06:30:08.100000,2026-09-19T06:30:08.200000,2026-09-19T06:30:08.200000,9.88258971817715,76.23850371137496,SPEED_BREAKER,1,1,0.714
E_01481,BUS_001,PASS_02_001_01,SEG_101,2026-09-19T06:30:02.400000,2026-09-19T06:30:05.200000,2026-09-19T06:30:08,9.882572440492808,76.23852428843205,ROUGHNESS,5,1,0.909
E_01482,BUS_001,PASS_02_001_01,SEG_104,2026-09-19T06:30:06.500000,2026-09-19T06:30:07,2026-09-19T06:30:07.500000,9.87932488782894,76.23840682743617,SPEED_BREAKER,5,1,0.9
E_01483,BUS_001,PASS_02_001_01,SEG_105,2026-09-19T06:30:10,2026-09-19T06:30:10.600000,2026-09-19T06:30:11.200000,9.8780123242865,76.23878744186572,SPEED_BREAKER,3,1,0.907
E_01484,BUS_001,PASS_02_001_01,SEG_106,2026-09-19T06:30:06,2026-09-19T06:30:09.900000,2026-09-19T06:30:13.800000,9.876617019805083,76.23914745818945,ROUGHNESS,5,1,0.952
E_01485,BUS_001,PASS_02_001_01,SEG_107,2026-09-19T06:30:05.400000,2026-09-19T06:30:09.300000,2026-09-19T06:30:13.200000,9.87535314898398,76.23969153417528,ROUGHNESS,1,1,0.725
E_01486,BUS_001,PASS_02_001_01,SEG_108,2026-09-19T06:30:03.700000,2026-09-19T06:30:04.200000,2026-09-19T06:30:04.700000,9.874289917624184,76.23977610830843,POTHOLE,4,1,0.944
E_01487,BUS_001,PASS_02_001_01,SEG_109,2026-09-19T06:30:03.300000,2026-09-19T06:30:06.600000,2026-09-19T06:30:09.900000,9.873328441877028,76.24035446231328,ROUGHNESS,4,1,0.935
E_01488,BUS_001,PASS_02_001_01,SEG_110,2026-09-19T06:30:06.600000,2026-09-19T06:30:07.100000,2026-09-19T06:30:07.600000,9.87233531753971,76.24053272102917,POTHOLE,5,1,0.912
E_01489,BUS_001,PASS_02_001_01,SEG_111,2026-09-19T06:30:09.800000,2026-09-19T06:30:10.300000,2026-09-19T06:30:10.800000,9.870862157741003,76.2408476657602,POTHOLE,1,1,0.721
E_01490,BUS_001,PASS_02_001_01,SEG_112,2026-09-19T06:30:03.500000,2026-09-19T06:30:03.700000,2026-09-19T06:30:03.800000,9.869969553046472,76.24086075764313,POTHOLE,5,1,0.949
E_01491,BUS_001,PASS_02_001_01,SEG_112,2026-09-19T06:30:03.900000,2026-09-19T06:30:06.200000,2026-09-19T06:30:08.500000,9.869721526331343,76.24071314052611,ROUGHNESS,2,1,0.765
E_01492,BUS_001,PASS_02_001_01,SEG_113,2026-09-19T06:30:09.700000,2026-09-19T06:30:10.200000,2026-09-19T06:30:10.700000,9.86890580713989,76.24009413915213,POTHOLE,5,1,0.97
E_01493,BUS_001,PASS_02_001_01,SEG_114,2026-09-19T06:30:05.100000,2026-09-19T06:30:07.600000,2026-09-19T06:30:10.100000,9.867919468891534,76.23936932421118,ROUGHNESS,3,1,0.914
E_01494,BUS_001,PASS_02_001_01,SEG_115,2026-09-19T06:30:05.600000,2026-09-19T06:30:09.500000,2026-09-19T06:30:13.400000,9.86698506498877,76.23913103898298,ROUGHNESS,3,1,0.89
E_01495,BUS_001,PASS_02_001_01,SEG_116,2026-09-19T06:30:06.900000,2026-09-19T06:30:10.800000,2026-09-19T06:30:14.700000,9.865537479472108,76.23796793064263,ROUGHNESS,3,1,0.845
E_01496,BUS_001,PASS_02_001_01,SEG_117,2026-09-19T06:30:07.400000,2026-09-19T06:30:07.900000,2026-09-19T06:30:08.400000,9.864709954182953,76.23720826337504,POTHOLE,1,1,0.751
E_01497,BUS_001,PASS_02_001_01,SEG_118,2026-09-19T06:30:03.600000,2026-09-19T06:30:04.100000,2026-09-19T06:30:04.600000,9.863889681780234,76.23683892516833,POTHOLE,4,1,0.875
E_01498,BUS_001,PASS_02_001_01,SEG_119,2026-09-19T06:30:07.600000,2026-09-19T06:30:11.500000,2026-09-19T06:30:15.400000,9.862876443417324,76.23582679996694,ROUGHNESS,5,1,0.97
E_01499,BUS_001,PASS_02_001_01,SEG_121,2026-09-19T06:30:08,2026-09-19T06:30:09.300000,2026-09-19T06:30:10.600000,9.861070112715536,76.23414534266378,BROKEN_PATCH,5,1,0.942
E_01500,BUS_001,PASS_02_001_01,SEG_122,2026-09-19T06:30:08.700000,2026-09-19T06:30:09.200000,2026-09-19T06:30:09.700000,9.860136630840715,76.23366397188293,POTHOLE,4,1,0.868
E_01501,BUS_001,PASS_02_001_01,SEG_122,2026-09-19T06:30:06,2026-09-19T06:30:07.100000,2026-09-19T06:30:08.200000,9.86026224208356,76.23349466208796,BROKEN_PATCH,4,1,0.915
E_01502,BUS_001,PASS_02_001_01,SEG_123,2026-09-19T06:30:05.600000,2026-09-19T06:30:07,2026-09-19T06:30:08.400000,9.859434374618253,76.23279644692323,BROKEN_PATCH,5,1,0.944
E_01503,BUS_001,PASS_02_001_01,SEG_124,2026-09-19T06:30:05.800000,2026-09-19T06:30:09.200000,2026-09-19T06:30:12.600000,9.858250664655756,76.23203759765204,ROUGHNESS,3,1,0.824
E_01504,BUS_001,PASS_02_001_01,SEG_125,2026-09-19T06:30:07,2026-09-19T06:30:07.500000,2026-09-19T06:30:08,9.85748834305602,76.23128800569735,POTHOLE,2,1,0.812
E_01505,BUS_001,PASS_02_001_01,SEG_132,2026-09-19T06:30:05.500000,2026-09-19T06:30:06.500000,2026-09-19T06:30:07.500000,9.853460446053894,76.22495192188765,BROKEN_PATCH,4,1,0.913
E_01506,BUS_001,PASS_02_001_01,SEG_133,2026-09-19T06:30:03.800000,2026-09-19T06:30:04.700000,2026-09-19T06:30:05.600000,9.853184068911848,76.22423954239568,BROKEN_PATCH,4,1,0.921
E_01507,BUS_001,PASS_02_001_01,SEG_139,2026-09-19T06:30:04,2026-09-19T06:30:05,2026-09-19T06:30:06,9.850987430039366,76.21830738894016,BROKEN_PATCH,5,1,0.97
E_01508,BUS_001,PASS_02_001_01,SEG_141,2026-09-19T06:30:05.500000,2026-09-19T06:30:06.600000,2026-09-19T06:30:07.700000,9.850320866793187,76.21621185629272,BROKEN_PATCH,5,1,0.97
E_01509,BUS_001,PASS_02_001_01,SEG_143,2026-09-19T06:30:05.300000,2026-09-19T06:30:06.100000,2026-09-19T06:30:06.900000,9.84971087952551,76.21422878168978,BROKEN_PATCH,1,1,0.697
E_01510,BUS_001,PASS_02_001_01,SEG_147,2026-09-19T06:30:10.200000,2026-09-19T06:30:10.800000,2026-09-19T06:30:11.400000,9.849601351561404,76.20911446406971,SPEED_BREAKER,2,1,0.808
E_01511,BUS_001,PASS_02_001_01,SEG_148,2026-09-19T06:30:07,2026-09-19T06:30:07.500000,2026-09-19T06:30:08,9.849480996293162,76.208089537827,SPEED_BREAKER,5,1,0.913
E_01512,BUS_001,PASS_02_001_01,SEG_149,2026-09-19T06:30:07.500000,2026-09-19T06:30:08,2026-09-19T06:30:08.500000,9.849867777918428,76.20738702635555,SPEED_BREAKER,2,1,0.776
E_01513,BUS_001,PASS_02_001_01,SEG_150,2026-09-19T06:30:06.700000,2026-09-19T06:30:07.200000,2026-09-19T06:30:07.700000,9.850557535496003,76.20650300176987,SPEED_BREAKER,1,1,0.842
E_01514,BUS_001,PASS_02_001_01,SEG_152,2026-09-19T06:30:04.800000,2026-09-19T06:30:05.300000,2026-09-19T06:30:05.800000,9.852274793332127,76.20490718500594,SPEED_BREAKER,2,1,0.752
E_01515,BUS_001,PASS_02_001_02,SEG_023,2026-09-19T09:00:07.500000,2026-09-19T09:00:08,2026-09-19T09:00:08.500000,9.94667461338979,76.2803286911408,SPEED_BREAKER,1,1,0.694
E_01516,BUS_001,PASS_02_001_02,SEG_024,2026-09-19T09:00:06.800000,2026-09-19T09:00:07.300000,2026-09-19T09:00:07.800000,9.945881783030547,76.2790612749327,SPEED_BREAKER,2,1,0.746
E_01517,BUS_001,PASS_02_001_02,SEG_025,2026-09-19T09:00:04.400000,2026-09-19T09:00:04.900000,2026-09-19T09:00:05.400000,9.945516906685416,76.27832566964321,SPEED_BREAKER,5,1,0.926
E_01518,BUS_001,PASS_02_001_02,SEG_028,2026-09-19T09:00:06.200000,2026-09-19T09:00:06.700000,2026-09-19T09:00:07.200000,9.944174581969012,76.27547584297987,SPEED_BREAKER,3,1,0.881
E_01519,BUS_001,PASS_02_001_02,SEG_033,2026-09-19T09:00:07.900000,2026-09-19T09:00:08.400000,2026-09-19T09:00:08.900000,9.939977193429376,76.27083882233865,SPEED_BREAKER,2,1,0.786
E_01520,BUS_001,PASS_02_001_02,SEG_035,2026-09-19T09:00:05.600000,2026-09-19T09:00:06.100000,2026-09-19T09:00:06.600000,9.93845425732122,76.26947853012807,SPEED_BREAKER,4,1,0.904
E_01521,BUS_001,PASS_02_001_02,SEG_036,2026-09-19T09:00:03.900000,2026-09-19T09:00:04.400000,2026-09-19T09:00:04.900000,9.93761713265222,76.2689609114135,POTHOLE,4,1,0.967
E_01522,BUS_001,PASS_02_001_02,SEG_037,2026-09-19T09:00:05.400000,2026-09-19T09:00:05.900000,2026-09-19T09:00:06.400000,9.936729673364871,76.26800793211906,POTHOLE,1,1,0.734
E_01523,BUS_001,PASS_02_001_02,SEG_038,2026-09-19T09:00:04.900000,2026-09-19T09:00:05.400000,2026-09-19T09:00:05.900000,9.936333016589744,76.26721961531078,POTHOLE,1,1,0.757
E_01524,BUS_001,PASS_02_001_02,SEG_039,2026-09-19T09:00:07.200000,2026-09-19T09:00:07.700000,2026-09-19T09:00:08.200000,9.935995411171836,76.26605195017282,POTHOLE,1,1,0.77
E_01525,BUS_001,PASS_02_001_02,SEG_040,2026-09-19T09:00:05.700000,2026-09-19T09:00:06.200000,2026-09-19T09:00:06.700000,9.93593216027339,76.26485657816139,POTHOLE,5,1,0.97
E_01526,BUS_001,PASS_02_001_02,SEG_041,2026-09-19T09:00:08.600000,2026-09-19T09:00:09.100000,2026-09-19T09:00:09.600000,9.93561038362448,76.26333350671896,POTHOLE,3,1,0.828
E_01527,BUS_001,PASS_02_001_02,SEG_042,2026-09-19T09:00:03.400000,2026-09-19T09:00:03.900000,2026-09-19T09:00:04.400000,9.935218489475579,76.26241408598224,POTHOLE,1,1,0.74
E_01528,BUS_001,PASS_02_001_02,SEG_043,2026-09-19T09:00:08.600000,2026-09-19T09:00:09.100000,2026-09-19T09:00:09.600000,9.934937683531992,76.26104812942809,POTHOLE,1,1,0.709
E_01529,BUS_001,PASS_02_001_02,SEG_046,2026-09-19T09:00:08.100000,2026-09-19T09:00:08.600000,2026-09-19T09:00:09.100000,9.93437934599931,76.258325148431,POTHOLE,1,1,0.792
E_01530,BUS_001,PASS_02_001_02,SEG_049,2026-09-19T09:00:03.900000,2026-09-19T09:00:07,2026-09-19T09:00:10.100000,9.93355022721349,76.25532119546631,ROUGHNESS,2,1,0.739
E_01531,BUS_001,PASS_02_001_02,SEG_050,2026-09-19T09:00:07.600000,2026-09-19T09:00:08.100000,2026-09-19T09:00:08.600000,9.932895458797288,76.25431537054486,POTHOLE,5,1,0.958
E_01532,BUS_001,PASS_02_001_02,SEG_051,2026-09-19T09:00:08,2026-09-19T09:00:08.500000,2026-09-19T09:00:09,9.932230710110687,76.25295102496904,POTHOLE,4,1,0.97
E_01533,BUS_001,PASS_02_001_02,SEG_053,2026-09-19T09:00:04.400000,2026-09-19T09:00:08.300000,2026-09-19T09:00:12.200000,9.93106623844105,76.25083709806171,ROUGHNESS,3,1,0.848
E_01534,BUS_001,PASS_02_001_02,SEG_054,2026-09-19T09:00:03.900000,2026-09-19T09:00:07,2026-09-19T09:00:10.100000,9.93065413294479,76.2498193027378,ROUGHNESS,5,1,0.922
E_01535,BUS_001,PASS_02_001_02,SEG_057,2026-09-19T09:00:05.900000,2026-09-19T09:00:06.400000,2026-09-19T09:00:06.900000,9.9292405346031,76.24727934062011,POTHOLE,3,1,0.872
E_01536,BUS_001,PASS_02_001_02,SEG_058,2026-09-19T09:00:03.400000,2026-09-19T09:00:07.300000,2026-09-19T09:00:11.200000,9.928413550795044,76.24652521135916,ROUGHNESS,4,1,0.872
E_01537,BUS_001,PASS_02_001_02,SEG_059,2026-09-19T09:00:05.700000,2026-09-19T09:00:09.600000,2026-09-19T09:00:13.500000,9.927389472477254,76.24557705266484,ROUGHNESS,2,1,0.787
E_01538,BUS_001,PASS_02_001_02,SEG_060,2026-09-19T09:00:02.400000,2026-09-19T09:00:06.300000,2026-09-19T09:00:10.200000,9.926628623098996,76.2449054135034,ROUGHNESS,3,1,0.921
E_01539,BUS_001,PASS_02_001_02,SEG_062,2026-09-19T09:00:06.100000,2026-09-19T09:00:06.600000,2026-09-19T09:00:07.100000,9.925006576765844,76.24355994554296,POTHOLE,3,1,0.887
E_01540,BUS_001,PASS_02_001_02,SEG_063,2026-09-19T09:00:08.200000,2026-09-19T09:00:11.300000,2026-09-19T09:00:14.400000,9.924275819343721,76.24279492527766,ROUGHNESS,5,1,0.97
E_01541,BUS_001,PASS_02_001_02,SEG_064,2026-09-19T09:00:08.500000,2026-09-19T09:00:09,2026-09-19T09:00:09.500000,9.923590097790708,76.24204283284708,POTHOLE,5,1,0.968
E_01542,BUS_001,PASS_02_001_02,SEG_065,2026-09-19T09:00:08.100000,2026-09-19T09:00:09.300000,2026-09-19T09:00:10.500000,9.92318130718387,76.24142594087678,BROKEN_PATCH,4,1,0.886
E_01543,BUS_001,PASS_02_001_02,SEG_067,2026-09-19T09:00:10.200000,2026-09-19T09:00:10.700000,2026-09-19T09:00:11.200000,9.921177372629183,76.24005127927673,POTHOLE,1,1,0.833
E_01544,BUS_001,PASS_02_001_02,SEG_068,2026-09-19T09:00:06.800000,2026-09-19T09:00:07.300000,2026-09-19T09:00:07.800000,9.920076293920827,76.23966019394362,POTHOLE,5,1,0.923
E_01545,BUS_001,PASS_02_001_02,SEG_070,2026-09-19T09:00:07.100000,2026-09-19T09:00:07.600000,2026-09-19T09:00:08.100000,9.9174792505929,76.2384798535723,POTHOLE,4,1,0.893
E_01546,BUS_001,PASS_02_001_02,SEG_071,2026-09-19T09:00:05.700000,2026-09-19T09:00:07.100000,2026-09-19T09:00:08.500000,9.916502261555783,76.23781886291269,BROKEN_PATCH,5,1,0.97
E_01547,BUS_001,PASS_02_001_02,SEG_074,2026-09-19T09:00:05.500000,2026-09-19T09:00:06.900000,2026-09-19T09:00:08.300000,9.913685531858683,76.23533819225341,BROKEN_PATCH,4,1,0.896
E_01548,BUS_001,PASS_02_001_02,SEG_076,2026-09-19T09:00:06.800000,2026-09-19T09:00:07.900000,2026-09-19T09:00:09,9.911166608142596,76.23521980011965,BROKEN_PATCH,2,1,0.729
E_01549,BUS_001,PASS_02_001_02,SEG_078,2026-09-19T09:00:05.200000,2026-09-19T09:00:06.500000,2026-09-19T09:00:07.800000,9.909551468002396,76.23556758378432,BROKEN_PATCH,5,1,0.961
E_01550,BUS_001,PASS_02_001_02,SEG_087,2026-09-19T09:00:06,2026-09-19T09:00:06.500000,2026-09-19T09:00:07,9.900012027836082,76.23777706919928,SPEED_BREAKER,1,1,0.756
E_01551,BUS_001,PASS_02_001_02,SEG_089,2026-09-19T09:00:08.800000,2026-09-19T09:00:09.400000,2026-09-19T09:00:10,9.89760131513539,76.23812820356913,SPEED_BREAKER,1,1,0.763
E_01552,BUS_001,PASS_02_001_02,SEG_093,2026-09-19T09:00:09.300000,2026-09-19T09:00:09.900000,2026-09-19T09:00:10.500000,9.89199179282536,76.23862115123421,SPEED_BREAKER,3,1,0.798
E_01553,BUS_001,PASS_02_001_02,SEG_094,2026-09-19T09:00:10,2026-09-19T09:00:10.600000,2026-09-19T09:00:11.200000,9.890647092308098,76.2386065506729,SPEED_BREAKER,5,1,0.951
E_01554,BUS_001,PASS_02_001_02,SEG_095,2026-09-19T09:00:10.600000,2026-09-19T09:00:11.200000,2026-09-19T09:00:11.800000,9.889237143690087,76.23862376900709,SPEED_BREAKER,2,1,0.889
E_01555,BUS_001,PASS_02_001_02,SEG_098,2026-09-19T09:00:08,2026-09-19T09:00:08.600000,2026-09-19T09:00:09.200000,9.886257360773737,76.23840551824516,SPEED_BREAKER,1,1,0.752
E_01556,BUS_001,PASS_02_001_02,SEG_100,2026-09-19T09:00:09.500000,2026-09-19T09:00:10.100000,2026-09-19T09:00:10.700000,9.883743657220236,76.23846930084757,SPEED_BREAKER,4,1,0.917
E_01557,BUS_001,PASS_02_001_02,SEG_101,2026-09-19T09:00:06.300000,2026-09-19T09:00:06.900000,2026-09-19T09:00:07.500000,9.882693048859052,76.23845321496933,SPEED_BREAKER,1,1,0.766
E_01558,BUS_001,PASS_02_001_02,SEG_104,2026-09-19T09:00:06.400000,2026-09-19T09:00:07,2026-09-19T09:00:07.600000,9.879399116637988,76.23841701109569,SPEED_BREAKER,4,1,0.843
E_01559,BUS_001,PASS_02_001_02,SEG_105,2026-09-19T09:00:09.200000,2026-09-19T09:00:09.800000,2026-09-19T09:00:10.400000,9.878065819867125,76.23861749067039,SPEED_BREAKER,3,1,0.816
E_01560,BUS_001,PASS_02_001_02,SEG_106,2026-09-19T09:00:03.700000,2026-09-19T09:00:07.600000,2026-09-19T09:00:11.500000,9.87678623223949,76.2391920538318,ROUGHNESS,1,1,0.799
E_01561,BUS_001,PASS_02_001_02,SEG_107,2026-09-19T09:00:11.800000,2026-09-19T09:00:12,2026-09-19T09:00:12.100000,9.875215086978114,76.23971211679701,POTHOLE,3,1,0.871
E_01562,BUS_001,PASS_02_001_02,SEG_107,2026-09-19T09:00:03.900000,2026-09-19T09:00:07.800000,2026-09-19T09:00:11.700000,9.87556861904871,76.23971460941199,ROUGHNESS,4,1,0.845
E_01563,BUS_001,PASS_02_001_02,SEG_108,2026-09-19T09:00:06,2026-09-19T09:00:06.500000,2026-09-19T09:00:07,9.87447484631296,76.23999556051236,POTHOLE,1,1,0.774
E_01564,BUS_001,PASS_02_001_02,SEG_110,2026-09-19T09:00:09.700000,2026-09-19T09:00:10.200000,2026-09-19T09:00:10.700000,9.872207592697457,76.24070192835995,POTHOLE,3,1,0.844
E_01565,BUS_001,PASS_02_001_02,SEG_111,2026-09-19T09:00:11.100000,2026-09-19T09:00:11.600000,2026-09-19T09:00:12.100000,9.870742097255402,76.24081734274088,POTHOLE,1,1,0.77
E_01566,BUS_001,PASS_02_001_02,SEG_112,2026-09-19T09:00:07.200000,2026-09-19T09:00:11.100000,2026-09-19T09:00:15,9.869761849329793,76.24072557255182,ROUGHNESS,5,1,0.964
E_01567,BUS_001,PASS_02_001_02,SEG_113,2026-09-19T09:00:08.900000,2026-09-19T09:00:09.400000,2026-09-19T09:00:09.900000,9.86889091476145,76.24012448401437,POTHOLE,3,1,0.863
E_01568,BUS_001,PASS_02_001_02,SEG_114,2026-09-19T09:00:03.200000,2026-09-19T09:00:07.100000,2026-09-19T09:00:11,9.868135507759282,76.23956898067887,ROUGHNESS,2,1,0.809
E_01569,BUS_001,PASS_02_001_02,SEG_115,2026-09-19T09:00:07.900000,2026-09-19T09:00:08.400000,2026-09-19T09:00:08.900000,9.867080154275962,76.2390610972302,POTHOLE,1,1,0.765
E_01570,BUS_001,PASS_02_001_02,SEG_116,2026-09-19T09:00:05.900000,2026-09-19T09:00:09.800000,2026-09-19T09:00:13.700000,9.86565036654572,76.23785291028395,ROUGHNESS,1,1,0.78
E_01571,BUS_001,PASS_02_001_02,SEG_117,2026-09-19T09:00:08,2026-09-19T09:00:08.500000,2026-09-19T09:00:09,9.864693264967604,76.23723675256007,POTHOLE,2,1,0.771
E_01572,BUS_001,PASS_02_001_02,SEG_119,2026-09-19T09:00:06,2026-09-19T09:00:09.900000,2026-09-19T09:00:13.800000,9.863147202266308,76.23588394182467,ROUGHNESS,4,1,0.863
E_01573,BUS_001,PASS_02_001_02,SEG_121,2026-09-19T09:00:04.100000,2026-09-19T09:00:08,2026-09-19T09:00:11.900000,9.861247841493977,76.23443083311554,ROUGHNESS,4,1,0.921
E_01574,BUS_001,PASS_02_001_02,SEG_122,2026-09-19T09:00:06.300000,2026-09-19T09:00:06.800000,2026-09-19T09:00:07.300000,9.860222213209756,76.23357633884807,POTHOLE,2,1,0.836
E_01575,BUS_001,PASS_02_001_02,SEG_122,2026-09-19T09:00:08.700000,2026-09-19T09:00:10.100000,2026-09-19T09:00:11.500000,9.860288066059274,76.2336417422395,BROKEN_PATCH,2,1,0.732
E_01576,BUS_001,PASS_02_001_02,SEG_123,2026-09-19T09:00:05.800000,2026-09-19T09:00:06.300000,2026-09-19T09:00:06.800000,9.859432826765833,76.23294612967682,POTHOLE,2,1,0.738
E_01577,BUS_001,PASS_02_001_02,SEG_123,2026-09-19T09:00:08.600000,2026-09-19T09:00:10,2026-09-19T09:00:11.400000,9.85923916341305,76.23276959169709,BROKEN_PATCH,2,1,0.869
E_01578,BUS_001,PASS_02_001_02,SEG_124,2026-09-19T09:00:03.700000,2026-09-19T09:00:07.600000,2026-09-19T09:00:11.500000,9.858514448919138,76.23205205587333,ROUGHNESS,5,1,0.962
E_01579,BUS_001,PASS_02_001_02,SEG_125,2026-09-19T09:00:06.300000,2026-09-19T09:00:10.200000,2026-09-19T09:00:14.100000,9.857455729199614,76.23137283012407,ROUGHNESS,2,1,0.811
E_01580,BUS_001,PASS_02_001_02,SEG_128,2026-09-19T09:00:07.800000,2026-09-19T09:00:09.200000,2026-09-19T09:00:10.600000,9.855274249022203,76.22916382503611,BROKEN_PATCH,1,1,0.792
E_01581,BUS_001,PASS_02_001_02,SEG_132,2026-09-19T09:00:07.900000,2026-09-19T09:00:09.300000,2026-09-19T09:00:10.700000,9.853439990777991,76.2249367387772,BROKEN_PATCH,1,1,0.708
E_01582,BUS_001,PASS_02_001_02,SEG_133,2026-09-19T09:00:08.500000,2026-09-19T09:00:09.900000,2026-09-19T09:00:11.300000,9.853131908559835,76.22420606106776,BROKEN_PATCH,4,1,0.905
E_01583,BUS_001,PASS_02_001_02,SEG_136,2026-09-19T09:00:08.700000,2026-09-19T09:00:10.100000,2026-09-19T09:00:11.500000,9.851974066246425,76.22113540871298,BROKEN_PATCH,4,1,0.874
E_01584,BUS_001,PASS_02_001_02,SEG_137,2026-09-19T09:00:09.800000,2026-09-19T09:00:11.200000,2026-09-19T09:00:12.600000,9.85159664743493,76.21991307950964,BROKEN_PATCH,1,1,0.708
E_01585,BUS_001,PASS_02_001_02,SEG_139,2026-09-19T09:00:10,2026-09-19T09:00:11.400000,2026-09-19T09:00:12.800000,9.850883562259114,76.21799008714041,BROKEN_PATCH,5,1,0.919
E_01586,BUS_001,PASS_02_001_02,SEG_141,2026-09-19T09:00:08.400000,2026-09-19T09:00:09.800000,2026-09-19T09:00:11.200000,9.85032072509255,76.21601490632986,BROKEN_PATCH,2,1,0.773
E_01587,BUS_001,PASS_02_001_02,SEG_143,2026-09-19T09:00:08.200000,2026-09-19T09:00:09.400000,2026-09-19T09:00:10.600000,9.849811786531593,76.2142318273627,BROKEN_PATCH,3,1,0.877
E_01588,BUS_001,PASS_02_001_02,SEG_144,2026-09-19T09:00:09.400000,2026-09-19T09:00:10.700000,2026-09-19T09:00:12,9.849763539957094,76.21350420098405,BROKEN_PATCH,5,1,0.945
E_01589,BUS_001,PASS_02_001_02,SEG_145,2026-09-19T09:00:08,2026-09-19T09:00:09.400000,2026-09-19T09:00:10.800000,9.849732364840637,76.21217880679775,BROKEN_PATCH,4,1,0.893
E_01590,BUS_001,PASS_02_001_02,SEG_147,2026-09-19T09:00:05.900000,2026-09-19T09:00:06.500000,2026-09-19T09:00:07.100000,9.849419061320763,76.20943846047795,SPEED_BREAKER,3,1,0.83
E_01591,BUS_001,PASS_02_001_02,SEG_148,2026-09-19T09:00:07.900000,2026-09-19T09:00:08.400000,2026-09-19T09:00:08.900000,9.849452571179372,76.20823168050808,SPEED_BREAKER,2,1,0.804
E_01592,BUS_001,PASS_02_001_02,SEG_149,2026-09-19T09:00:11,2026-09-19T09:00:11.600000,2026-09-19T09:00:12.200000,9.849993873206708,76.20715046108721,SPEED_BREAKER,2,1,0.825
E_01593,BUS_001,PASS_02_001_02,SEG_150,2026-09-19T09:00:06.800000,2026-09-19T09:00:07.400000,2026-09-19T09:00:08,9.850525101732984,76.2064359375857,SPEED_BREAKER,5,1,0.939
E_01594,BUS_001,PASS_02_001_02,SEG_154,2026-09-19T09:00:08.300000,2026-09-19T09:00:08.900000,2026-09-19T09:00:09.500000,9.8537912894344,76.2031120545491,SPEED_BREAKER,4,1,0.917
E_01595,BUS_002,PASS_02_002_01,SEG_023,2026-09-19T06:40:05.800000,2026-09-19T06:40:06.300000,2026-09-19T06:40:06.800000,9.94664830594245,76.28028008707969,SPEED_BREAKER,4,1,0.912
E_01596,BUS_002,PASS_02_002_01,SEG_024,2026-09-19T06:40:03.300000,2026-09-19T06:40:03.800000,2026-09-19T06:40:04.300000,9.945980882831298,76.27929394528653,SPEED_BREAKER,3,1,0.808
E_01597,BUS_002,PASS_02_002_01,SEG_025,2026-09-19T06:40:02.900000,2026-09-19T06:40:03.400000,2026-09-19T06:40:03.900000,9.9453755413248,76.27859289565991,SPEED_BREAKER,5,1,0.957
E_01598,BUS_002,PASS_02_002_01,SEG_026,2026-09-19T06:40:02.900000,2026-09-19T06:40:03.400000,2026-09-19T06:40:03.900000,9.945077378592208,76.27756908634069,SPEED_BREAKER,2,1,0.827
E_01599,BUS_002,PASS_02_002_01,SEG_028,2026-09-19T06:40:06.700000,2026-09-19T06:40:07.200000,2026-09-19T06:40:07.700000,9.944076801272661,76.27540630623575,SPEED_BREAKER,1,1,0.727
E_01600,BUS_002,PASS_02_002_01,SEG_029,2026-09-19T06:40:04.700000,2026-09-19T06:40:05.200000,2026-09-19T06:40:05.700000,9.943615383739523,76.27418762481427,SPEED_BREAKER,4,1,0.857
E_01601,BUS_002,PASS_02_002_01,SEG_033,2026-09-19T06:40:03.800000,2026-09-19T06:40:04.300000,2026-09-19T06:40:04.800000,9.940240263119877,76.27094797343166,SPEED_BREAKER,2,1,0.74
E_01602,BUS_002,PASS_02_002_01,SEG_035,2026-09-19T06:40:04.400000,2026-09-19T06:40:04.900000,2026-09-19T06:40:05.400000,9.938532217574696,76.26960231278257,SPEED_BREAKER,2,1,0.743
E_01603,BUS_002,PASS_02_002_01,SEG_036,2026-09-19T06:40:05.700000,2026-09-19T06:40:06.200000,2026-09-19T06:40:06.700000,9.937486004678494,76.26860003605617,POTHOLE,2,1,0.788
E_01604,BUS_002,PASS_02_002_01,SEG_037,2026-09-19T06:40:04.400000,2026-09-19T06:40:04.900000,2026-09-19T06:40:05.400000,9.936717420288339,76.26803333545445,POTHOLE,3,1,0.927
E_01605,BUS_002,PASS_02_002_01,SEG_039,2026-09-19T06:40:06.100000,2026-09-19T06:40:06.600000,2026-09-19T06:40:07.100000,9.935982533591876,76.26613011164739,POTHOLE,3,1,0.814
E_01606,BUS_002,PASS_02_002_01,SEG_041,2026-09-19T06:40:04.600000,2026-09-19T06:40:05.100000,2026-09-19T06:40:05.600000,9.935669264759525,76.26377620516406,POTHOLE,1,1,0.715
E_01607,BUS_002,PASS_02_002_01,SEG_042,2026-09-19T06:40:02.900000,2026-09-19T06:40:03.400000,2026-09-19T06:40:03.900000,9.935441161796843,76.26235620053983,POTHOLE,4,1,0.826
E_01608,BUS_002,PASS_02_002_01,SEG_044,2026-09-19T06:40:02.900000,2026-09-19T06:40:03.400000,2026-09-19T06:40:03.900000,9.934736854078087,76.26029446922954,POTHOLE,5,1,0.97
E_01609,BUS_002,PASS_02_002_01,SEG_048,2026-09-19T06:40:03.600000,2026-09-19T06:40:06.700000,2026-09-19T06:40:09.800000,9.933706794298846,76.25628631319498,ROUGHNESS,1,1,0.758
E_01610,BUS_002,PASS_02_002_01,SEG_049,2026-09-19T06:40:02.700000,2026-09-19T06:40:05.200000,2026-09-19T06:40:07.700000,9.933532748228075,76.25525123643983,ROUGHNESS,2,1,0.76
E_01611,BUS_002,PASS_02_002_01,SEG_050,2026-09-19T06:40:06,2026-09-19T06:40:06.500000,2026-09-19T06:40:07,9.933058684181761,76.25426313191063,POTHOLE,5,1,0.935
E_01612,BUS_002,PASS_02_002_01,SEG_050,2026-09-19T06:40:07.700000,2026-09-19T06:40:11.600000,2026-09-19T06:40:15.500000,9.93283792852498,76.2540523051582,ROUGHNESS,1,1,0.683
E_01613,BUS_002,PASS_02_002_01,SEG_051,2026-09-19T06:40:04.900000,2026-09-19T06:40:05.400000,2026-09-19T06:40:05.900000,9.932287417796532,76.25313272137569,POTHOLE,4,1,0.881
E_01614,BUS_002,PASS_02_002_01,SEG_053,2026-09-19T06:40:05.500000,2026-09-19T06:40:06,2026-09-19T06:40:06.500000,9.931070441719253,76.2509168408746,POTHOLE,4,1,0.9
E_01615,BUS_002,PASS_02_002_01,SEG_054,2026-09-19T06:40:04.500000,2026-09-19T06:40:05,2026-09-19T06:40:05.500000,9.930799271601865,76.24996832954824,POTHOLE,2,1,0.776
E_01616,BUS_002,PASS_02_002_01,SEG_057,2026-09-19T06:40:05.200000,2026-09-19T06:40:05.700000,2026-09-19T06:40:06.200000,9.929256230942766,76.24729640012823,POTHOLE,3,1,0.791
E_01617,BUS_002,PASS_02_002_01,SEG_058,2026-09-19T06:40:09.900000,2026-09-19T06:40:10.400000,2026-09-19T06:40:10.900000,9.928179741116326,76.24627391730849,POTHOLE,2,1,0.812
E_01618,BUS_002,PASS_02_002_01,SEG_059,2026-09-19T06:40:02.400000,2026-09-19T06:40:05.200000,2026-09-19T06:40:08,9.9275299427925,76.24565430793918,ROUGHNESS,4,1,0.884
E_01619,BUS_002,PASS_02_002_01,SEG_060,2026-09-19T06:40:05.600000,2026-09-19T06:40:08.700000,2026-09-19T06:40:11.800000,9.926285400205412,76.24468788895535,ROUGHNESS,4,1,0.895
E_01620,BUS_002,PASS_02_002_01,SEG_061,2026-09-19T06:40:03.400000,2026-09-19T06:40:03.900000,2026-09-19T06:40:04.400000,9.925672382235245,76.24414352401975,POTHOLE,4,1,0.895
E_01621,BUS_002,PASS_02_002_01,SEG_063,2026-09-19T06:40:04.500000,2026-09-19T06:40:07,2026-09-19T06:40:09.500000,9.924372853755278,76.2427225972631,ROUGHNESS,3,1,0.867
E_01622,BUS_002,PASS_02_002_01,SEG_065,2026-09-19T06:40:05.600000,2026-09-19T06:40:06.100000,2026-09-19T06:40:06.600000,9.923096163712612,76.24136867619862,POTHOLE,4,1,0.934
E_01623,BUS_002,PASS_02_002_01,SEG_065,2026-09-19T06:40:02.800000,2026-09-19T06:40:03.600000,2026-09-19T06:40:04.400000,9.923254396158914,76.2414467014402,BROKEN_PATCH,2,1,0.781
E_01624,BUS_002,PASS_02_002_01,SEG_070,2026-09-19T06:40:04.900000,2026-09-19T06:40:05.400000,2026-09-19T06:40:05.900000,9.917451794057754,76.2384340191578,POTHOLE,3,1,0.817
E_01625,BUS_002,PASS_02_002_01,SEG_071,2026-09-19T06:40:05,2026-09-19T06:40:06.300000,2026-09-19T06:40:07.600000,9.916449999719463,76.2377531968083,BROKEN_PATCH,3,1,0.888
E_01626,BUS_002,PASS_02_002_01,SEG_074,2026-09-19T06:40:06.400000,2026-09-19T06:40:07.300000,2026-09-19T06:40:08.200000,9.913482034156612,76.2353313730641,BROKEN_PATCH,3,1,0.774
E_01627,BUS_002,PASS_02_002_01,SEG_076,2026-09-19T06:40:02.800000,2026-09-19T06:40:03.500000,2026-09-19T06:40:04.200000,9.911264935472564,76.2353317712358,BROKEN_PATCH,2,1,0.793
E_01628,BUS_002,PASS_02_002_01,SEG_078,2026-09-19T06:40:04.700000,2026-09-19T06:40:05.500000,2026-09-19T06:40:06.300000,9.90945720720297,76.23573930670275,BROKEN_PATCH,4,1,0.881
E_01629,BUS_002,PASS_02_002_01,SEG_081,2026-09-19T06:40:04.800000,2026-09-19T06:40:05.600000,2026-09-19T06:40:06.400000,9.906229494542226,76.23682746919698,BROKEN_PATCH,5,1,0.911
E_01630,BUS_002,PASS_02_002_01,SEG_087,2026-09-19T06:40:05.300000,2026-09-19T06:40:05.800000,2026-09-19T06:40:06.300000,9.899837624232967,76.23770739388634,SPEED_BREAKER,2,1,0.813
E_01631,BUS_002,PASS_02_002_01,SEG_089,2026-09-19T06:40:07.700000,2026-09-19T06:40:08.300000,2026-09-19T06:40:08.900000,9.897668792953679,76.2381619882013,SPEED_BREAKER,4,1,0.935
E_01632,BUS_002,PASS_02_002_01,SEG_093,2026-09-19T06:40:09.400000,2026-09-19T06:40:10,2026-09-19T06:40:10.600000,9.892110506466913,76.23866868214539,SPEED_BREAKER,1,1,0.783
E_01633,BUS_002,PASS_02_002_01,SEG_094,2026-09-19T06:40:06.700000,2026-09-19T06:40:07.300000,2026-09-19T06:40:07.900000,9.891060488899464,76.23866167643062,SPEED_BREAKER,4,1,0.907
E_01634,BUS_002,PASS_02_002_01,SEG_095,2026-09-19T06:40:06.300000,2026-09-19T06:40:06.900000,2026-09-19T06:40:07.500000,9.889633032857166,76.23856377527703,SPEED_BREAKER,2,1,0.818
E_01635,BUS_002,PASS_02_002_01,SEG_098,2026-09-19T06:40:10.600000,2026-09-19T06:40:11.200000,2026-09-19T06:40:11.800000,9.886105824287162,76.23842609784357,SPEED_BREAKER,4,1,0.864
E_01636,BUS_002,PASS_02_002_01,SEG_100,2026-09-19T06:40:09.400000,2026-09-19T06:40:10,2026-09-19T06:40:10.600000,9.883681192750625,76.23844174083224,SPEED_BREAKER,1,1,0.75
E_01637,BUS_002,PASS_02_002_01,SEG_101,2026-09-19T06:40:07,2026-09-19T06:40:10.900000,2026-09-19T06:40:14.800000,9.882418841793154,76.2384086253411,ROUGHNESS,1,1,0.788
E_01638,BUS_002,PASS_02_002_01,SEG_105,2026-09-19T06:40:09.500000,2026-09-19T06:40:10.100000,2026-09-19T06:40:10.700000,9.878111261008211,76.2385714259133,SPEED_BREAKER,5,1,0.968
E_01639,BUS_002,PASS_02_002_01,SEG_106,2026-09-19T06:40:05.100000,2026-09-19T06:40:09,2026-09-19T06:40:12.900000,9.876778078623033,76.23918725012993,ROUGHNESS,5,1,0.957
E_01640,BUS_002,PASS_02_002_01,SEG_107,2026-09-19T06:40:06.400000,2026-09-19T06:40:06.900000,2026-09-19T06:40:07.400000,9.875601732625,76.23953012539177,POTHOLE,3,1,0.898
E_01641,BUS_002,PASS_02_002_01,SEG_107,2026-09-19T06:40:07.700000,2026-09-19T06:40:11.600000,2026-09-19T06:40:15.500000,9.875249138732428,76.23970642503072,ROUGHNESS,2,1,0.744
E_01642,BUS_002,PASS_02_002_01,SEG_108,2026-09-19T06:40:10.200000,2026-09-19T06:40:10.700000,2026-09-19T06:40:11.200000,9.874285881370653,76.23994734039786,POTHOLE,5,1,0.964
E_01643,BUS_002,PASS_02_002_01,SEG_109,2026-09-19T06:40:05.900000,2026-09-19T06:40:09.800000,2026-09-19T06:40:13.700000,9.873342696464622,76.24028996364433,ROUGHNESS,3,1,0.871
E_01644,BUS_002,PASS_02_002_01,SEG_110,2026-09-19T06:40:05.900000,2026-09-19T06:40:06.400000,2026-09-19T06:40:06.900000,9.872484477795146,76.24051745338669,POTHOLE,2,1,0.809
E_01645,BUS_002,PASS_02_002_01,SEG_111,2026-09-19T06:40:06.100000,2026-09-19T06:40:06.600000,2026-09-19T06:40:07.100000,9.871098471439893,76.24069089876126,POTHOLE,5,1,0.9
E_01646,BUS_002,PASS_02_002_01,SEG_112,2026-09-19T06:40:04.600000,2026-09-19T06:40:07.900000,2026-09-19T06:40:11.200000,9.869793409225736,76.2407511930332,ROUGHNESS,5,1,0.906
E_01647,BUS_002,PASS_02_002_01,SEG_113,2026-09-19T06:40:09.300000,2026-09-19T06:40:09.800000,2026-09-19T06:40:10.300000,9.868960694164837,76.24016091044669,POTHOLE,4,1,0.889
E_01648,BUS_002,PASS_02_002_01,SEG_115,2026-09-19T06:40:07,2026-09-19T06:40:10.900000,2026-09-19T06:40:14.800000,9.866825577348829,76.23892751608746,ROUGHNESS,3,1,0.894
E_01649,BUS_002,PASS_02_002_01,SEG_116,2026-09-19T06:40:06.200000,2026-09-19T06:40:10.100000,2026-09-19T06:40:14,9.865604889229713,76.23793386186588,ROUGHNESS,3,1,0.878
E_01650,BUS_002,PASS_02_002_01,SEG_117,2026-09-19T06:40:08.200000,2026-09-19T06:40:08.700000,2026-09-19T06:40:09.200000,9.864632866794318,76.23724879166318,POTHOLE,4,1,0.892
E_01651,BUS_002,PASS_02_002_01,SEG_118,2026-09-19T06:40:08.500000,2026-09-19T06:40:09,2026-09-19T06:40:09.500000,9.863696537931945,76.23653985641849,POTHOLE,2,1,0.814
E_01652,BUS_002,PASS_02_002_01,SEG_119,2026-09-19T06:40:04.400000,2026-09-19T06:40:08.300000,2026-09-19T06:40:12.200000,9.863042328016046,76.23580865124501,ROUGHNESS,5,1,0.917
E_01653,BUS_002,PASS_02_002_01,SEG_121,2026-09-19T06:40:09.100000,2026-09-19T06:40:10.500000,2026-09-19T06:40:11.900000,9.861279403552794,76.23431456953548,BROKEN_PATCH,5,1,0.907
E_01654,BUS_002,PASS_02_002_01,SEG_123,2026-09-19T06:40:07.500000,2026-09-19T06:40:08.900000,2026-09-19T06:40:10.300000,9.859402906204883,76.23286833268054,BROKEN_PATCH,5,1,0.964
E_01655,BUS_002,PASS_02_002_01,SEG_124,2026-09-19T06:40:06,2026-09-19T06:40:09.900000,2026-09-19T06:40:13.800000,9.8584121057527,76.23198636284863,ROUGHNESS,1,1,0.708
E_01656,BUS_002,PASS_02_002_01,SEG_125,2026-09-19T06:40:05.800000,2026-09-19T06:40:09.400000,2026-09-19T06:40:13,9.857432602703282,76.2313791390895,ROUGHNESS,4,1,0.97
E_01657,BUS_002,PASS_02_002_01,SEG_128,2026-09-19T06:40:06.700000,2026-09-19T06:40:07.900000,2026-09-19T06:40:09.100000,9.855342973581035,76.22913178399702,BROKEN_PATCH,3,1,0.88
E_01658,BUS_002,PASS_02_002_01,SEG_132,2026-09-19T06:40:07.800000,2026-09-19T06:40:08.900000,2026-09-19T06:40:10,9.85343152603602,76.22482628248373,BROKEN_PATCH,4,1,0.908
E_01659,BUS_002,PASS_02_002_01,SEG_133,2026-09-19T06:40:05.700000,2026-09-19T06:40:06.700000,2026-09-19T06:40:07.700000,9.853072921982957,76.22421235675371,BROKEN_PATCH,5,1,0.941
E_01660,BUS_002,PASS_02_002_01,SEG_136,2026-09-19T06:40:06.300000,2026-09-19T06:40:07.300000,2026-09-19T06:40:08.300000,9.852090508387485,76.2211708330755,BROKEN_PATCH,1,1,0.689
E_01661,BUS_002,PASS_02_002_01,SEG_139,2026-09-19T06:40:07,2026-09-19T06:40:07.900000,2026-09-19T06:40:08.800000,9.850838050543539,76.21803728722921,BROKEN_PATCH,4,1,0.898
E_01662,BUS_002,PASS_02_002_01,SEG_141,2026-09-19T06:40:05.200000,2026-09-19T06:40:06.300000,2026-09-19T06:40:07.400000,9.850311282728237,76.21610486296694,BROKEN_PATCH,4,1,0.918
E_01663,BUS_002,PASS_02_002_01,SEG_143,2026-09-19T06:40:04.200000,2026-09-19T06:40:05,2026-09-19T06:40:05.800000,9.849846511705744,76.21435540481805,BROKEN_PATCH,4,1,0.893
E_01664,BUS_002,PASS_02_002_01,SEG_144,2026-09-19T06:40:06,2026-09-19T06:40:06.800000,2026-09-19T06:40:07.600000,9.849784996367434,76.21341062083087,BROKEN_PATCH,3,1,0.819
E_01665,BUS_002,PASS_02_002_01,SEG_145,2026-09-19T06:40:06.100000,2026-09-19T06:40:07.500000,2026-09-19T06:40:08.900000,9.849755224757299,76.21236162916091,BROKEN_PATCH,5,1,0.97
E_01666,BUS_002,PASS_02_002_01,SEG_146,2026-09-19T06:40:08.900000,2026-09-19T06:40:09.500000,2026-09-19T06:40:10.100000,9.849722075106598,76.21070715369426,SPEED_BREAKER,3,1,0.801
E_01667,BUS_002,PASS_02_002_01,SEG_147,2026-09-19T06:40:09.200000,2026-09-19T06:40:09.800000,2026-09-19T06:40:10.400000,9.849564408128696,76.20925366726709,SPEED_BREAKER,3,1,0.825
E_01668,BUS_002,PASS_02_002_01,SEG_148,2026-09-19T06:40:04.300000,2026-09-19T06:40:04.800000,2026-09-19T06:40:05.300000,9.849545107654743,76.20832679846625,SPEED_BREAKER,2,1,0.82
E_01669,BUS_002,PASS_02_002_01,SEG_149,2026-09-19T06:40:08.700000,2026-09-19T06:40:09.200000,2026-09-19T06:40:09.700000,9.84983910763311,76.2073052845647,SPEED_BREAKER,1,1,0.812
E_01670,BUS_002,PASS_02_002_01,SEG_150,2026-09-19T06:40:07.100000,2026-09-19T06:40:07.600000,2026-09-19T06:40:08.100000,9.850463872978851,76.20650875551094,SPEED_BREAKER,5,1,0.97
E_01671,BUS_002,PASS_02_002_01,SEG_152,2026-09-19T06:40:05.200000,2026-09-19T06:40:05.700000,2026-09-19T06:40:06.200000,9.852318215270742,76.20468685178167,SPEED_BREAKER,5,1,0.902
E_01672,BUS_002,PASS_02_002_01,SEG_154,2026-09-19T06:40:05.800000,2026-09-19T06:40:06.300000,2026-09-19T06:40:06.800000,9.853618184666898,76.20315948547534,SPEED_BREAKER,3,1,0.87
E_01673,BUS_002,PASS_02_002_02,SEG_150,2026-09-19T09:10:05.900000,2026-09-19T09:10:06.500000,2026-09-19T09:10:07.100000,9.850542338775753,76.20649125027232,SPEED_BREAKER,4,1,0.851
E_01674,BUS_002,PASS_02_002_02,SEG_149,2026-09-19T09:10:09.300000,2026-09-19T09:10:09.900000,2026-09-19T09:10:10.500000,9.849820403084179,76.20704694268053,SPEED_BREAKER,3,1,0.828
E_01675,BUS_002,PASS_02_002_02,SEG_148,2026-09-19T09:10:08.300000,2026-09-19T09:10:08.800000,2026-09-19T09:10:09.300000,9.849507483134834,76.20810649038825,SPEED_BREAKER,4,1,0.921
E_01676,BUS_002,PASS_02_002_02,SEG_147,2026-09-19T09:10:07.600000,2026-09-19T09:10:08.200000,2026-09-19T09:10:08.800000,9.849537322853683,76.20950781496686,SPEED_BREAKER,1,1,0.76
E_01677,BUS_002,PASS_02_002_02,SEG_146,2026-09-19T09:10:08.800000,2026-09-19T09:10:09.400000,2026-09-19T09:10:10,9.849665832960646,76.21081130028003,SPEED_BREAKER,4,1,0.962
E_01678,BUS_002,PASS_02_002_02,SEG_145,2026-09-19T09:10:06.400000,2026-09-19T09:10:07.800000,2026-09-19T09:10:09.200000,9.849787227555126,76.21236075747265,BROKEN_PATCH,5,1,0.944
E_01679,BUS_002,PASS_02_002_02,SEG_143,2026-09-19T09:10:05,2026-09-19T09:10:06,2026-09-19T09:10:07,9.849859491327098,76.21434812974407,BROKEN_PATCH,4,1,0.862
E_01680,BUS_002,PASS_02_002_02,SEG_141,2026-09-19T09:10:09.500000,2026-09-19T09:10:10.900000,2026-09-19T09:10:12.300000,9.850251128217634,76.21587456191762,BROKEN_PATCH,5,1,0.949
E_01681,BUS_002,PASS_02_002_02,SEG_139,2026-09-19T09:10:08.500000,2026-09-19T09:10:09.700000,2026-09-19T09:10:10.900000,9.850860177309949,76.21797082722532,BROKEN_PATCH,1,1,0.761
E_01682,BUS_002,PASS_02_002_02,SEG_137,2026-09-19T09:10:09.400000,2026-09-19T09:10:10.800000,2026-09-19T09:10:12.200000,9.851536690835673,76.21992537578397,BROKEN_PATCH,4,1,0.908
E_01683,BUS_002,PASS_02_002_02,SEG_136,2026-09-19T09:10:08.500000,2026-09-19T09:10:09.800000,2026-09-19T09:10:11.100000,9.851952575679686,76.22118948564494,BROKEN_PATCH,1,1,0.734
E_01684,BUS_002,PASS_02_002_02,SEG_133,2026-09-19T09:10:08.700000,2026-09-19T09:10:09.900000,2026-09-19T09:10:11.100000,9.852965887792374,76.2241830352407,BROKEN_PATCH,1,1,0.68
E_01685,BUS_002,PASS_02_002_02,SEG_132,2026-09-19T09:10:04.600000,2026-09-19T09:10:05.900000,2026-09-19T09:10:07.200000,9.853504172530629,76.22518088010044,BROKEN_PATCH,2,1,0.756
E_01686,BUS_002,PASS_02_002_02,SEG_125,2026-09-19T09:10:11,2026-09-19T09:10:11.500000,2026-09-19T09:10:12,9.857407962045293,76.23132131463151,POTHOLE,5,1,0.966
E_01687,BUS_002,PASS_02_002_02,SEG_124,2026-09-19T09:10:06.700000,2026-09-19T09:10:10.600000,2026-09-19T09:10:14.500000,9.858202047591591,76.2320178530735,ROUGHNESS,3,1,0.801
E_01688,BUS_002,PASS_02_002_02,SEG_123,2026-09-19T09:10:06.300000,2026-09-19T09:10:06.400000,2026-09-19T09:10:06.400000,9.859521546863393,76.2328449004857,BROKEN_PATCH,5,1,0.89
E_01689,BUS_002,PASS_02_002_02,SEG_123,2026-09-19T09:10:06.500000,2026-09-19T09:10:10.400000,2026-09-19T09:10:14.300000,9.859264297022982,76.23282432050065,ROUGHNESS,1,1,0.76
E_01690,BUS_002,PASS_02_002_02,SEG_122,2026-09-19T09:10:08.600000,2026-09-19T09:10:09.100000,2026-09-19T09:10:09.600000,9.860316828545063,76.23364549396044,POTHOLE,1,1,0.724
E_01691,BUS_002,PASS_02_002_02,SEG_122,2026-09-19T09:10:05.100000,2026-09-19T09:10:06.500000,2026-09-19T09:10:07.900000,9.860402632680653,76.23360017666786,BROKEN_PATCH,1,1,0.779
E_01692,BUS_002,PASS_02_002_02,SEG_121,2026-09-19T09:10:07.100000,2026-09-19T09:10:08.500000,2026-09-19T09:10:09.900000,9.861244470738614,76.23435676736119,BROKEN_PATCH,5,1,0.97
E_01693,BUS_002,PASS_02_002_02,SEG_119,2026-09-19T09:10:08.100000,2026-09-19T09:10:08.600000,2026-09-19T09:10:09.100000,9.86302814387257,76.23589945067475,POTHOLE,4,1,0.889
E_01694,BUS_002,PASS_02_002_02,SEG_118,2026-09-19T09:10:04.500000,2026-09-19T09:10:05,2026-09-19T09:10:05.500000,9.864178589117044,76.23671440231853,POTHOLE,2,1,0.782
E_01695,BUS_002,PASS_02_002_02,SEG_117,2026-09-19T09:10:05.900000,2026-09-19T09:10:06.400000,2026-09-19T09:10:06.900000,9.864784066179446,76.23734019251361,POTHOLE,4,1,0.899
E_01696,BUS_002,PASS_02_002_02,SEG_116,2026-09-19T09:10:04.600000,2026-09-19T09:10:08.500000,2026-09-19T09:10:12.400000,9.865732516737651,76.23813442500277,ROUGHNESS,2,1,0.849
E_01697,BUS_002,PASS_02_002_02,SEG_115,2026-09-19T09:10:04.400000,2026-09-19T09:10:08.300000,2026-09-19T09:10:12.200000,9.86691463118055,76.23895168745696,ROUGHNESS,1,1,0.762
E_01698,BUS_002,PASS_02_002_02,SEG_114,2026-09-19T09:10:03.300000,2026-09-19T09:10:06.700000,2026-09-19T09:10:10.100000,9.86821475786533,76.23963437605035,ROUGHNESS,1,1,0.787
E_01699,BUS_002,PASS_02_002_02,SEG_113,2026-09-19T09:10:10.300000,2026-09-19T09:10:10.800000,2026-09-19T09:10:11.300000,9.868670043645555,76.24015436251426,POTHOLE,1,1,0.718
E_01700,BUS_002,PASS_02_002_02,SEG_112,2026-09-19T09:10:04.700000,2026-09-19T09:10:07.700000,2026-09-19T09:10:10.700000,9.86987080382937,76.24077172486798,ROUGHNESS,2,1,0.814
E_01701,BUS_002,PASS_02_002_02,SEG_111,2026-09-19T09:10:06.600000,2026-09-19T09:10:07.100000,2026-09-19T09:10:07.600000,9.870982499702002,76.24079382431806,POTHOLE,3,1,0.846
E_01702,BUS_002,PASS_02_002_02,SEG_110,2026-09-19T09:10:10.500000,2026-09-19T09:10:11,2026-09-19T09:10:11.500000,9.872301748938906,76.24058852966195,POTHOLE,2,1,0.8
E_01703,BUS_002,PASS_02_002_02,SEG_109,2026-09-19T09:10:05.100000,2026-09-19T09:10:09,2026-09-19T09:10:12.900000,9.87338017563514,76.24020509291049,ROUGHNESS,1,1,0.688
E_01704,BUS_002,PASS_02_002_02,SEG_108,2026-09-19T09:10:06.800000,2026-09-19T09:10:07.300000,2026-09-19T09:10:07.800000,9.8744147415145,76.24000317000989,POTHOLE,5,1,0.957
E_01705,BUS_002,PASS_02_002_02,SEG_107,2026-09-19T09:10:08.800000,2026-09-19T09:10:09.300000,2026-09-19T09:10:09.800000,9.875377360499655,76.23963818678035,POTHOLE,4,1,0.95
E_01706,BUS_002,PASS_02_002_02,SEG_106,2026-09-19T09:10:07.600000,2026-09-19T09:10:11.500000,2026-09-19T09:10:15.400000,9.876570731408322,76.23922604148443,ROUGHNESS,5,1,0.97
E_01707,BUS_002,PASS_02_002_02,SEG_101,2026-09-19T09:10:02.500000,2026-09-19T09:10:05.900000,2026-09-19T09:10:09.300000,9.882617329003708,76.23843607706058,ROUGHNESS,2,1,0.833
E_01708,BUS_002,PASS_02_002_02,SEG_100,2026-09-19T09:10:10,2026-09-19T09:10:10.600000,2026-09-19T09:10:11.200000,9.883700360871797,76.23840339311516,SPEED_BREAKER,1,1,0.771
E_01709,BUS_002,PASS_02_002_02,SEG_094,2026-09-19T09:10:09.200000,2026-09-19T09:10:09.800000,2026-09-19T09:10:10.400000,9.890939681944406,76.23873841587326,SPEED_BREAKER,3,1,0.892
E_01710,BUS_002,PASS_02_002_02,SEG_089,2026-09-19T09:10:06.100000,2026-09-19T09:10:06.700000,2026-09-19T09:10:07.300000,9.897760131732563,76.23812365105803,SPEED_BREAKER,3,1,0.814
E_01711,BUS_002,PASS_02_002_02,SEG_087,2026-09-19T09:10:08.600000,2026-09-19T09:10:09.100000,2026-09-19T09:10:09.600000,9.89980733894649,76.2380248647687,SPEED_BREAKER,4,1,0.866
E_01712,BUS_002,PASS_02_002_02,SEG_081,2026-09-19T09:10:08.200000,2026-09-19T09:10:09.600000,2026-09-19T09:10:11,9.906382782623995,76.23678094798449,BROKEN_PATCH,4,1,0.93
E_01713,BUS_002,PASS_02_002_02,SEG_078,2026-09-19T09:10:05.600000,2026-09-19T09:10:07,2026-09-19T09:10:08.400000,9.90961510667405,76.23567504235791,BROKEN_PATCH,5,1,0.929
E_01714,BUS_002,PASS_02_002_02,SEG_076,2026-09-19T09:10:04.400000,2026-09-19T09:10:05.600000,2026-09-19T09:10:06.800000,9.911264756927306,76.23527009579568,BROKEN_PATCH,1,1,0.752
E_01715,BUS_002,PASS_02_002_02,SEG_074,2026-09-19T09:10:08.100000,2026-09-19T09:10:09.500000,2026-09-19T09:10:10.900000,9.913505361556815,76.23537433911501,BROKEN_PATCH,1,1,0.68
E_01716,BUS_002,PASS_02_002_02,SEG_071,2026-09-19T09:10:06.700000,2026-09-19T09:10:08.100000,2026-09-19T09:10:09.500000,9.91629961202017,76.23785551866787,BROKEN_PATCH,3,1,0.835
E_01717,BUS_002,PASS_02_002_02,SEG_070,2026-09-19T09:10:09,2026-09-19T09:10:09.500000,2026-09-19T09:10:10,9.917353971813304,76.23849523723733,POTHOLE,2,1,0.817
E_01718,BUS_002,PASS_02_002_02,SEG_068,2026-09-19T09:10:07.700000,2026-09-19T09:10:08.200000,2026-09-19T09:10:08.700000,9.9200044437118,76.23946452285705,POTHOLE,3,1,0.81
E_01719,BUS_002,PASS_02_002_02,SEG_067,2026-09-19T09:10:07.400000,2026-09-19T09:10:07.900000,2026-09-19T09:10:08.400000,9.921350313489114,76.2401858624013,POTHOLE,3,1,0.874
E_01720,BUS_002,PASS_02_002_02,SEG_064,2026-09-19T09:10:07.400000,2026-09-19T09:10:07.900000,2026-09-19T09:10:08.400000,9.923668229585141,76.24201502630316,POTHOLE,1,1,0.819
E_01721,BUS_002,PASS_02_002_02,SEG_063,2026-09-19T09:10:03,2026-09-19T09:10:06.300000,2026-09-19T09:10:09.600000,9.92442683053371,76.24295459726883,ROUGHNESS,2,1,0.842
E_01722,BUS_002,PASS_02_002_02,SEG_061,2026-09-19T09:10:04.900000,2026-09-19T09:10:05.400000,2026-09-19T09:10:05.900000,9.925834096966785,76.24391896176536,POTHOLE,4,1,0.925
E_01723,BUS_002,PASS_02_002_02,SEG_060,2026-09-19T09:10:03.500000,2026-09-19T09:10:07.400000,2026-09-19T09:10:11.300000,9.92650429440776,76.24492730376846,ROUGHNESS,5,1,0.919
E_01724,BUS_002,PASS_02_002_02,SEG_058,2026-09-19T09:10:03,2026-09-19T09:10:06.900000,2026-09-19T09:10:10.800000,9.92842167451035,76.24650005667738,ROUGHNESS,2,1,0.829
E_01725,BUS_002,PASS_02_002_02,SEG_057,2026-09-19T09:10:04.900000,2026-09-19T09:10:05.400000,2026-09-19T09:10:05.900000,9.929135947588462,76.24732724718079,POTHOLE,5,1,0.898
E_01726,BUS_002,PASS_02_002_02,SEG_054,2026-09-19T09:10:07.200000,2026-09-19T09:10:07.700000,2026-09-19T09:10:08.200000,9.930568696492593,76.24983892206262,POTHOLE,1,1,0.733
E_01727,BUS_002,PASS_02_002_02,SEG_053,2026-09-19T09:10:06.700000,2026-09-19T09:10:07.200000,2026-09-19T09:10:07.700000,9.931177623685143,76.25098003349217,POTHOLE,1,1,0.867
E_01728,BUS_002,PASS_02_002_02,SEG_050,2026-09-19T09:10:09,2026-09-19T09:10:09.500000,2026-09-19T09:10:10,9.93304698605261,76.25401279233112,POTHOLE,3,1,0.829
E_01729,BUS_002,PASS_02_002_02,SEG_049,2026-09-19T09:10:04.500000,2026-09-19T09:10:07.800000,2026-09-19T09:10:11.100000,9.933545389442875,76.25526737909998,ROUGHNESS,2,1,0.808
E_01730,BUS_002,PASS_02_002_02,SEG_048,2026-09-19T09:10:03.400000,2026-09-19T09:10:07.300000,2026-09-19T09:10:11.200000,9.933974189860685,76.25615812313109,ROUGHNESS,5,1,0.938
E_01731,BUS_002,PASS_02_002_02,SEG_046,2026-09-19T09:10:08.600000,2026-09-19T09:10:09.100000,2026-09-19T09:10:09.600000,9.934219210030577,76.25854299427476,POTHOLE,3,1,0.838
E_01732,BUS_002,PASS_02_002_02,SEG_044,2026-09-19T09:10:04,2026-09-19T09:10:04.500000,2026-09-19T09:10:05,9.934648712507066,76.26019230803779,POTHOLE,2,1,0.769
E_01733,BUS_002,PASS_02_002_02,SEG_042,2026-09-19T09:10:04.100000,2026-09-19T09:10:04.600000,2026-09-19T09:10:05.100000,9.935382617381165,76.26234244778651,POTHOLE,5,1,0.938
E_01734,BUS_002,PASS_02_002_02,SEG_040,2026-09-19T09:10:05.400000,2026-09-19T09:10:05.900000,2026-09-19T09:10:06.400000,9.935861423654186,76.26498653633783,POTHOLE,5,1,0.937
E_01735,BUS_002,PASS_02_002_02,SEG_039,2026-09-19T09:10:07,2026-09-19T09:10:07.500000,2026-09-19T09:10:08,9.936045769356049,76.26611310228544,POTHOLE,1,1,0.749
E_01736,BUS_002,PASS_02_002_02,SEG_038,2026-09-19T09:10:05.500000,2026-09-19T09:10:06,2026-09-19T09:10:06.500000,9.936302733463647,76.26732949488203,POTHOLE,3,1,0.848
E_01737,BUS_002,PASS_02_002_02,SEG_037,2026-09-19T09:10:07,2026-09-19T09:10:07.500000,2026-09-19T09:10:08,9.936577830192263,76.26801379008862,POTHOLE,4,1,0.916
E_01738,BUS_002,PASS_02_002_02,SEG_036,2026-09-19T09:10:07.300000,2026-09-19T09:10:07.800000,2026-09-19T09:10:08.300000,9.93767335995099,76.26861738502059,POTHOLE,5,1,0.913
E_01739,BUS_002,PASS_02_002_02,SEG_033,2026-09-19T09:10:08,2026-09-19T09:10:08.500000,2026-09-19T09:10:09,9.94000061393495,76.27092702044176,SPEED_BREAKER,2,1,0.827
E_01740,BUS_002,PASS_02_002_02,SEG_029,2026-09-19T09:10:06.600000,2026-09-19T09:10:07.100000,2026-09-19T09:10:07.600000,9.943319103396728,76.274287636437,SPEED_BREAKER,3,1,0.858
E_01741,BUS_002,PASS_02_002_02,SEG_028,2026-09-19T09:10:07.600000,2026-09-19T09:10:08.100000,2026-09-19T09:10:08.600000,9.944113712895456,76.27539008190824,SPEED_BREAKER,1,1,0.783
E_01742,BUS_002,PASS_02_002_02,SEG_025,2026-09-19T09:10:03.100000,2026-09-19T09:10:03.600000,2026-09-19T09:10:04.100000,9.945289568130798,76.2786052710261,SPEED_BREAKER,1,1,0.742
E_01743,BUS_002,PASS_02_002_02,SEG_024,2026-09-19T09:10:03.500000,2026-09-19T09:10:04,2026-09-19T09:10:04.500000,9.945970550951117,76.27946579042236,SPEED_BREAKER,2,1,0.823
E_01744,BUS_002,PASS_02_002_02,SEG_023,2026-09-19T09:10:08,2026-09-19T09:10:08.500000,2026-09-19T09:10:09,9.946427120369203,76.28026220548665,SPEED_BREAKER,1,1,0.759
E_01745,BUS_003,PASS_02_003_01,SEG_152,2026-09-19T06:51:05.400000,2026-09-19T06:51:05.900000,2026-09-19T06:51:06.400000,9.852350321107979,76.20474775903634,SPEED_BREAKER,3,1,0.871
E_01746,BUS_003,PASS_02_003_01,SEG_150,2026-09-19T06:51:07.600000,2026-09-19T06:51:08.100000,2026-09-19T06:51:08.600000,9.850590739346842,76.20649347741107,SPEED_BREAKER,4,1,0.828
E_01747,BUS_003,PASS_02_003_01,SEG_149,2026-09-19T06:51:08,2026-09-19T06:51:08.500000,2026-09-19T06:51:09,9.849762890868485,76.20728392040769,SPEED_BREAKER,2,1,0.799
E_01748,BUS_003,PASS_02_003_01,SEG_148,2026-09-19T06:51:07.100000,2026-09-19T06:51:07.600000,2026-09-19T06:51:08.100000,9.849450776121659,76.20816758761286,SPEED_BREAKER,5,1,0.886
E_01749,BUS_003,PASS_02_003_01,SEG_144,2026-09-19T06:51:04.900000,2026-09-19T06:51:05.800000,2026-09-19T06:51:06.700000,9.849741764709155,76.21360295105507,BROKEN_PATCH,4,1,0.911
E_01750,BUS_003,PASS_02_003_01,SEG_143,2026-09-19T06:51:03.900000,2026-09-19T06:51:04.800000,2026-09-19T06:51:05.700000,9.849820849567655,76.21432159119618,BROKEN_PATCH,2,1,0.761
E_01751,BUS_003,PASS_02_003_01,SEG_141,2026-09-19T06:51:08.100000,2026-09-19T06:51:09.400000,2026-09-19T06:51:10.700000,9.85029333415454,76.21592204371085,BROKEN_PATCH,4,1,0.884
E_01752,BUS_003,PASS_02_003_01,SEG_139,2026-09-19T06:51:04.300000,2026-09-19T06:51:05.400000,2026-09-19T06:51:06.500000,9.850943692669189,76.21825680692585,BROKEN_PATCH,2,1,0.806
E_01753,BUS_003,PASS_02_003_01,SEG_137,2026-09-19T06:51:08.400000,2026-09-19T06:51:09.800000,2026-09-19T06:51:11.200000,9.85167235507927,76.21997394609902,BROKEN_PATCH,5,1,0.97
E_01754,BUS_003,PASS_02_003_01,SEG_132,2026-09-19T06:51:08,2026-09-19T06:51:09.200000,2026-09-19T06:51:10.400000,9.853349462190568,76.22492077393574,BROKEN_PATCH,1,1,0.748
E_01755,BUS_003,PASS_02_003_01,SEG_128,2026-09-19T06:51:07.900000,2026-09-19T06:51:09,2026-09-19T06:51:10.100000,9.855240106317352,76.22900259817055,BROKEN_PATCH,1,1,0.711
E_01756,BUS_003,PASS_02_003_01,SEG_125,2026-09-19T06:51:03,2026-09-19T06:51:06.300000,2026-09-19T06:51:09.600000,9.857551654214234,76.23150348548764,ROUGHNESS,3,1,0.895
E_01757,BUS_003,PASS_02_003_01,SEG_124,2026-09-19T06:51:05.800000,2026-09-19T06:51:09.700000,2026-09-19T06:51:13.600000,9.858440619007427,76.23208431795453,ROUGHNESS,5,1,0.956
E_01758,BUS_003,PASS_02_003_01,SEG_123,2026-09-19T06:51:06,2026-09-19T06:51:06.500000,2026-09-19T06:51:07,9.859498931776416,76.23298877130578,POTHOLE,4,1,0.897
E_01759,BUS_003,PASS_02_003_01,SEG_123,2026-09-19T06:51:07.500000,2026-09-19T06:51:11.400000,2026-09-19T06:51:15.300000,9.859200387791955,76.23273904364217,ROUGHNESS,1,1,0.717
E_01760,BUS_003,PASS_02_003_01,SEG_122,2026-09-19T06:51:06.100000,2026-09-19T06:51:07.400000,2026-09-19T06:51:08.700000,9.860414415933807,76.23361969056015,BROKEN_PATCH,3,1,0.906
E_01761,BUS_003,PASS_02_003_01,SEG_121,2026-09-19T06:51:07,2026-09-19T06:51:08.400000,2026-09-19T06:51:09.800000,9.861306363759626,76.23423750955959,BROKEN_PATCH,5,1,0.925
E_01762,BUS_003,PASS_02_003_01,SEG_119,2026-09-19T06:51:02.400000,2026-09-19T06:51:06.300000,2026-09-19T06:51:10.200000,9.863177468808933,76.23593991737259,ROUGHNESS,2,1,0.815
E_01763,BUS_003,PASS_02_003_01,SEG_118,2026-09-19T06:51:04.100000,2026-09-19T06:51:04.600000,2026-09-19T06:51:05.100000,9.863927033006005,76.23651659597144,POTHOLE,5,1,0.91
E_01764,BUS_003,PASS_02_003_01,SEG_115,2026-09-19T06:51:07.200000,2026-09-19T06:51:07.400000,2026-09-19T06:51:07.500000,9.867087499174058,76.2390587730214,POTHOLE,3,1,0.842
E_01765,BUS_003,PASS_02_003_01,SEG_115,2026-09-19T06:51:07.600000,2026-09-19T06:51:11.500000,2026-09-19T06:51:15.400000,9.866776836097307,76.23878968791675,ROUGHNESS,4,1,0.969
E_01766,BUS_003,PASS_02_003_01,SEG_114,2026-09-19T06:51:05.600000,2026-09-19T06:51:06.100000,2026-09-19T06:51:06.600000,9.867994654055657,76.23952725617043,POTHOLE,3,1,0.815
E_01767,BUS_003,PASS_02_003_01,SEG_112,2026-09-19T06:51:07.300000,2026-09-19T06:51:07.800000,2026-09-19T06:51:08.300000,9.869744735363435,76.24071377715542,POTHOLE,1,1,0.754
E_01768,BUS_003,PASS_02_003_01,SEG_109,2026-09-19T06:51:03.300000,2026-09-19T06:51:07.200000,2026-09-19T06:51:11.100000,9.873601506879377,76.24022457561102,ROUGHNESS,2,1,0.779
E_01769,BUS_003,PASS_02_003_01,SEG_108,2026-09-19T06:51:08.600000,2026-09-19T06:51:09.100000,2026-09-19T06:51:09.600000,9.874132571965934,76.23994616772399,POTHOLE,1,1,0.71
E_01770,BUS_003,PASS_02_003_01,SEG_107,2026-09-19T06:51:04.400000,2026-09-19T06:51:08.300000,2026-09-19T06:51:12.200000,9.875367935930017,76.23963216374976,ROUGHNESS,4,1,0.885
E_01771,BUS_003,PASS_02_003_01,SEG_105,2026-09-19T06:51:07.300000,2026-09-19T06:51:07.900000,2026-09-19T06:51:08.500000,9.87809084235907,76.2386286638033,SPEED_BREAKER,3,1,0.845
E_01772,BUS_003,PASS_02_003_01,SEG_104,2026-09-19T06:51:09.800000,2026-09-19T06:51:10.400000,2026-09-19T06:51:11,9.879125894312805,76.23841708929328,SPEED_BREAKER,2,1,0.801
E_01773,BUS_003,PASS_02_003_01,SEG_101,2026-09-19T06:51:05.400000,2026-09-19T06:51:08.900000,2026-09-19T06:51:12.400000,9.882567343337817,76.23869619538915,ROUGHNESS,2,1,0.813
E_01774,BUS_003,PASS_02_003_01,SEG_100,2026-09-19T06:51:08.800000,2026-09-19T06:51:09.400000,2026-09-19T06:51:10,9.883763399659406,76.23848476405442,SPEED_BREAKER,3,1,0.84
E_01775,BUS_003,PASS_02_003_01,SEG_098,2026-09-19T06:51:10.900000,2026-09-19T06:51:11.500000,2026-09-19T06:51:12.100000,9.886080870076594,76.23842664868734,SPEED_BREAKER,1,1,0.729
E_01776,BUS_003,PASS_02_003_01,SEG_089,2026-09-19T06:51:10.200000,2026-09-19T06:51:10.800000,2026-09-19T06:51:11.400000,9.897517195819043,76.23823041512318,SPEED_BREAKER,1,1,0.705
E_01777,BUS_003,PASS_02_003_01,SEG_087,2026-09-19T06:51:03.200000,2026-09-19T06:51:03.700000,2026-09-19T06:51:04.200000,9.900011121913902,76.23782318718239,SPEED_BREAKER,2,1,0.804
E_01778,BUS_003,PASS_02_003_01,SEG_081,2026-09-19T06:51:03,2026-09-19T06:51:03.800000,2026-09-19T06:51:04.600000,9.90658699146957,76.23658971158426,BROKEN_PATCH,1,1,0.723
E_01779,BUS_003,PASS_02_003_01,SEG_078,2026-09-19T06:51:03.200000,2026-09-19T06:51:04,2026-09-19T06:51:04.800000,9.909519099611616,76.23555401097398,BROKEN_PATCH,1,1,0.732
E_01780,BUS_003,PASS_02_003_01,SEG_076,2026-09-19T06:51:03.100000,2026-09-19T06:51:03.800000,2026-09-19T06:51:04.500000,9.911441179476114,76.23520794410338,BROKEN_PATCH,2,1,0.823
E_01781,BUS_003,PASS_02_003_01,SEG_071,2026-09-19T06:51:08.600000,2026-09-19T06:51:10,2026-09-19T06:51:11.400000,9.91624514809859,76.23764768886561,BROKEN_PATCH,2,1,0.724
E_01782,BUS_003,PASS_02_003_01,SEG_068,2026-09-19T06:51:08.600000,2026-09-19T06:51:09.100000,2026-09-19T06:51:09.600000,9.92002806850497,76.23947526733464,POTHOLE,2,1,0.832
E_01783,BUS_003,PASS_02_003_01,SEG_067,2026-09-19T06:51:05.800000,2026-09-19T06:51:06.300000,2026-09-19T06:51:06.800000,9.921425349587867,76.24018999236614,POTHOLE,1,1,0.768
E_01784,BUS_003,PASS_02_003_01,SEG_065,2026-09-19T06:51:06.500000,2026-09-19T06:51:06.800000,2026-09-19T06:51:07,9.923303679436103,76.24151693451752,POTHOLE,5,1,0.951
E_01785,BUS_003,PASS_02_003_01,SEG_065,2026-09-19T06:51:07.100000,2026-09-19T06:51:08.100000,2026-09-19T06:51:09.100000,9.923077469677555,76.24138126796659,BROKEN_PATCH,4,1,0.937
E_01786,BUS_003,PASS_02_003_01,SEG_064,2026-09-19T06:51:04.400000,2026-09-19T06:51:04.900000,2026-09-19T06:51:05.400000,9.923817628808477,76.24229022983842,POTHOLE,5,1,0.888
E_01787,BUS_003,PASS_02_003_01,SEG_063,2026-09-19T06:51:02.100000,2026-09-19T06:51:05.400000,2026-09-19T06:51:08.700000,9.924526634688714,76.2430288097459,ROUGHNESS,5,1,0.953
E_01788,BUS_003,PASS_02_003_01,SEG_062,2026-09-19T06:51:05.100000,2026-09-19T06:51:05.600000,2026-09-19T06:51:06.100000,9.925064912861787,76.24353078555734,POTHOLE,1,1,0.729
E_01789,BUS_003,PASS_02_003_01,SEG_060,2026-09-19T06:51:07.800000,2026-09-19T06:51:08.300000,2026-09-19T06:51:08.800000,9.926532400462968,76.24482910377135,POTHOLE,3,1,0.883
E_01790,BUS_003,PASS_02_003_01,SEG_059,2026-09-19T06:51:04.500000,2026-09-19T06:51:08.300000,2026-09-19T06:51:12.100000,9.927385681886934,76.24551950223095,ROUGHNESS,5,1,0.942
E_01791,BUS_003,PASS_02_003_01,SEG_058,2026-09-19T06:51:09.300000,2026-09-19T06:51:09.800000,2026-09-19T06:51:10.300000,9.928226915090722,76.24640822739416,POTHOLE,1,1,0.68
E_01792,BUS_003,PASS_02_003_01,SEG_057,2026-09-19T06:51:06.800000,2026-09-19T06:51:07.300000,2026-09-19T06:51:07.800000,9.92911717362777,76.24729455137376,POTHOLE,1,1,0.763
E_01793,BUS_003,PASS_02_003_01,SEG_054,2026-09-19T06:51:04.800000,2026-09-19T06:51:07.700000,2026-09-19T06:51:10.600000,9.930716333294614,76.24993746629687,ROUGHNESS,5,1,0.955
E_01794,BUS_003,PASS_02_003_01,SEG_053,2026-09-19T06:51:05.900000,2026-09-19T06:51:09.800000,2026-09-19T06:51:13.700000,9.931047761653554,76.25075733734984,ROUGHNESS,2,1,0.826
E_01795,BUS_003,PASS_02_003_01,SEG_051,2026-09-19T06:51:06.900000,2026-09-19T06:51:07.400000,2026-09-19T06:51:07.900000,9.932328844639839,76.25331420676528,POTHOLE,4,1,0.922
E_01796,BUS_003,PASS_02_003_01,SEG_050,2026-09-19T06:51:07.300000,2026-09-19T06:51:11.200000,2026-09-19T06:51:15.100000,9.932825768468879,76.25393467957348,ROUGHNESS,1,1,0.729
E_01797,BUS_003,PASS_02_003_01,SEG_049,2026-09-19T06:51:04.700000,2026-09-19T06:51:05.200000,2026-09-19T06:51:05.700000,9.933503930472332,76.25546811604175,POTHOLE,3,1,0.828
E_01798,BUS_003,PASS_02_003_01,SEG_048,2026-09-19T06:51:03.300000,2026-09-19T06:51:07.100000,2026-09-19T06:51:10.900000,9.933887211473698,76.25634262911792,ROUGHNESS,1,1,0.695
E_01799,BUS_003,PASS_02_003_01,SEG_046,2026-09-19T06:51:11.100000,2026-09-19T06:51:11.600000,2026-09-19T06:51:12.100000,9.934215940689562,76.25809739519516,POTHOLE,1,1,0.728
E_01800,BUS_003,PASS_02_003_01,SEG_044,2026-09-19T06:51:04.500000,2026-09-19T06:51:05,2026-09-19T06:51:05.500000,9.934647963187123,76.2601146838402,POTHOLE,1,1,0.795
E_01801,BUS_003,PASS_02_003_01,SEG_043,2026-09-19T06:51:06.600000,2026-09-19T06:51:07.100000,2026-09-19T06:51:07.600000,9.935058201751762,76.26137846120037,POTHOLE,5,1,0.921
E_01802,BUS_003,PASS_02_003_01,SEG_042,2026-09-19T06:51:03.600000,2026-09-19T06:51:04.100000,2026-09-19T06:51:04.600000,9.935312006335941,76.262378376289,POTHOLE,2,1,0.766
E_01803,BUS_003,PASS_02_003_01,SEG_040,2026-09-19T06:51:04,2026-09-19T06:51:04.500000,2026-09-19T06:51:05,9.935719884850354,76.26510381971941,POTHOLE,2,1,0.771
E_01804,BUS_003,PASS_02_003_01,SEG_039,2026-09-19T06:51:05.200000,2026-09-19T06:51:05.700000,2026-09-19T06:51:06.200000,9.93618636982796,76.2661376259054,POTHOLE,4,1,0.949
E_01805,BUS_003,PASS_02_003_01,SEG_037,2026-09-19T06:51:04,2026-09-19T06:51:04.500000,2026-09-19T06:51:05,9.936817438094966,76.26796675149042,POTHOLE,1,1,0.741
E_01806,BUS_003,PASS_02_003_01,SEG_036,2026-09-19T06:51:05.100000,2026-09-19T06:51:05.600000,2026-09-19T06:51:06.100000,9.937675445877725,76.26870795230796,POTHOLE,2,1,0.839
E_01807,BUS_003,PASS_02_003_01,SEG_029,2026-09-19T06:51:06.100000,2026-09-19T06:51:06.600000,2026-09-19T06:51:07.100000,9.943254280194138,76.27420603900951,SPEED_BREAKER,4,1,0.888
E_01808,BUS_003,PASS_02_003_01,SEG_028,2026-09-19T06:51:07.100000,2026-09-19T06:51:07.600000,2026-09-19T06:51:08.100000,9.94393569954655,76.27524146390839,SPEED_BREAKER,2,1,0.784
E_01809,BUS_003,PASS_02_003_01,SEG_026,2026-09-19T06:51:03.300000,2026-09-19T06:51:03.800000,2026-09-19T06:51:04.300000,9.945038548213255,76.27753089272767,SPEED_BREAKER,2,1,0.767
E_01810,BUS_003,PASS_02_003_01,SEG_025,2026-09-19T06:51:03.200000,2026-09-19T06:51:03.700000,2026-09-19T06:51:04.200000,9.945322506863262,76.27848601886095,SPEED_BREAKER,4,1,0.924
E_01811,BUS_003,PASS_02_003_01,SEG_024,2026-09-19T06:51:04.100000,2026-09-19T06:51:04.600000,2026-09-19T06:51:05.100000,9.945964507267698,76.27921255583408,SPEED_BREAKER,2,1,0.787
E_01812,BUS_003,PASS_02_003_02,SEG_024,2026-09-19T09:21:05.200000,2026-09-19T09:21:05.700000,2026-09-19T09:21:06.200000,9.946086474266792,76.27926988051354,SPEED_BREAKER,3,1,0.823
E_01813,BUS_003,PASS_02_003_02,SEG_025,2026-09-19T09:21:04.500000,2026-09-19T09:21:05,2026-09-19T09:21:05.500000,9.945502053626758,76.27837768616263,SPEED_BREAKER,1,1,0.795
E_01814,BUS_003,PASS_02_003_02,SEG_028,2026-09-19T09:21:08.600000,2026-09-19T09:21:09.100000,2026-09-19T09:21:09.600000,9.944049707463446,76.27547480340817,SPEED_BREAKER,2,1,0.791
E_01815,BUS_003,PASS_02_003_02,SEG_029,2026-09-19T09:21:08,2026-09-19T09:21:08.500000,2026-09-19T09:21:09,9.943335935613664,76.27426343092957,SPEED_BREAKER,5,1,0.944
E_01816,BUS_003,PASS_02_003_02,SEG_033,2026-09-19T09:21:05.700000,2026-09-19T09:21:06.200000,2026-09-19T09:21:06.700000,9.940134141214715,76.27095313000795,SPEED_BREAKER,2,1,0.785
E_01817,BUS_003,PASS_02_003_02,SEG_035,2026-09-19T09:21:06,2026-09-19T09:21:06.500000,2026-09-19T09:21:07,9.938308479437048,76.2694736802101,SPEED_BREAKER,2,1,0.805
E_01818,BUS_003,PASS_02_003_02,SEG_037,2026-09-19T09:21:05.500000,2026-09-19T09:21:06,2026-09-19T09:21:06.500000,9.936741163579732,76.26800621851781,POTHOLE,4,1,0.95
E_01819,BUS_003,PASS_02_003_02,SEG_038,2026-09-19T09:21:03.300000,2026-09-19T09:21:03.800000,2026-09-19T09:21:04.300000,9.936217011550111,76.26742107021728,POTHOLE,1,1,0.772
E_01820,BUS_003,PASS_02_003_02,SEG_039,2026-09-19T09:21:04.200000,2026-09-19T09:21:04.700000,2026-09-19T09:21:05.200000,9.936094930303524,76.26631140387354,POTHOLE,2,1,0.801
E_01821,BUS_003,PASS_02_003_02,SEG_040,2026-09-19T09:21:05.400000,2026-09-19T09:21:05.900000,2026-09-19T09:21:06.400000,9.935861406751853,76.2648901482391,POTHOLE,4,1,0.889
E_01822,BUS_003,PASS_02_003_02,SEG_041,2026-09-19T09:21:05.600000,2026-09-19T09:21:06.100000,2026-09-19T09:21:06.600000,9.935557922984703,76.26361766477571,POTHOLE,5,1,0.97
E_01823,BUS_003,PASS_02_003_02,SEG_043,2026-09-19T09:21:05.200000,2026-09-19T09:21:05.700000,2026-09-19T09:21:06.200000,9.93509843732046,76.26142733905797,POTHOLE,1,1,0.746
E_01824,BUS_003,PASS_02_003_02,SEG_044,2026-09-19T09:21:04.900000,2026-09-19T09:21:05.400000,2026-09-19T09:21:05.900000,9.934673623523892,76.26009740118053,POTHOLE,2,1,0.729
E_01825,BUS_003,PASS_02_003_02,SEG_046,2026-09-19T09:21:07.400000,2026-09-19T09:21:07.900000,2026-09-19T09:21:08.400000,9.93426837250062,76.2582700374215,POTHOLE,1,1,0.731
E_01826,BUS_003,PASS_02_003_02,SEG_048,2026-09-19T09:21:06.700000,2026-09-19T09:21:10.300000,2026-09-19T09:21:13.900000,9.933790300561066,76.25608031049306,ROUGHNESS,5,1,0.91
E_01827,BUS_003,PASS_02_003_02,SEG_049,2026-09-19T09:21:02.700000,2026-09-19T09:21:05.600000,2026-09-19T09:21:08.500000,9.933441214855145,76.25526814263223,ROUGHNESS,2,1,0.76
E_01828,BUS_003,PASS_02_003_02,SEG_050,2026-09-19T09:21:06.100000,2026-09-19T09:21:06.600000,2026-09-19T09:21:07.100000,9.933092383917305,76.25426834018931,POTHOLE,5,1,0.924
E_01829,BUS_003,PASS_02_003_02,SEG_051,2026-09-19T09:21:07.700000,2026-09-19T09:21:08.200000,2026-09-19T09:21:08.700000,9.93225984936685,76.25299400130231,POTHOLE,1,1,0.682
E_01830,BUS_003,PASS_02_003_02,SEG_053,2026-09-19T09:21:04.900000,2026-09-19T09:21:08.800000,2026-09-19T09:21:12.700000,9.931119482872209,76.25092299408088,ROUGHNESS,2,1,0.803
E_01831,BUS_003,PASS_02_003_02,SEG_054,2026-09-19T09:21:06.600000,2026-09-19T09:21:07.100000,2026-09-19T09:21:07.600000,9.93068827300714,76.24992664988027,POTHOLE,3,1,0.893
E_01832,BUS_003,PASS_02_003_02,SEG_058,2026-09-19T09:21:03.400000,2026-09-19T09:21:07.300000,2026-09-19T09:21:11.200000,9.928435166516731,76.24650677895808,ROUGHNESS,1,1,0.765
E_01833,BUS_003,PASS_02_003_02,SEG_059,2026-09-19T09:21:04.400000,2026-09-19T09:21:08.300000,2026-09-19T09:21:12.200000,9.927363970056973,76.24552639391821,ROUGHNESS,2,1,0.763
E_01834,BUS_003,PASS_02_003_02,SEG_060,2026-09-19T09:21:05.200000,2026-09-19T09:21:09.100000,2026-09-19T09:21:13,9.926454154816334,76.24475980959227,ROUGHNESS,4,1,0.845
E_01835,BUS_003,PASS_02_003_02,SEG_061,2026-09-19T09:21:05.300000,2026-09-19T09:21:05.800000,2026-09-19T09:21:06.300000,9.925743272888482,76.24434103244728,POTHOLE,3,1,0.878
E_01836,BUS_003,PASS_02_003_02,SEG_062,2026-09-19T09:21:04.100000,2026-09-19T09:21:04.600000,2026-09-19T09:21:05.100000,9.925061023256255,76.24368624604178,POTHOLE,2,1,0.742
E_01837,BUS_003,PASS_02_003_02,SEG_063,2026-09-19T09:21:09.300000,2026-09-19T09:21:09.800000,2026-09-19T09:21:10.300000,9.9242857065602,76.24282119168387,POTHOLE,1,1,0.725
E_01838,BUS_003,PASS_02_003_02,SEG_064,2026-09-19T09:21:05.900000,2026-09-19T09:21:06.400000,2026-09-19T09:21:06.900000,9.923835700847249,76.24218062975423,POTHOLE,4,1,0.847
E_01839,BUS_003,PASS_02_003_02,SEG_067,2026-09-19T09:21:10.600000,2026-09-19T09:21:11.100000,2026-09-19T09:21:11.600000,9.92120033319606,76.24001575505629,POTHOLE,1,1,0.74
E_01840,BUS_003,PASS_02_003_02,SEG_070,2026-09-19T09:21:07.600000,2026-09-19T09:21:08.100000,2026-09-19T09:21:08.600000,9.917387239547155,76.23839265797186,POTHOLE,1,1,0.768
E_01841,BUS_003,PASS_02_003_02,SEG_074,2026-09-19T09:21:04.600000,2026-09-19T09:21:05.900000,2026-09-19T09:21:07.200000,9.913701237946505,76.2354524939525,BROKEN_PATCH,5,1,0.937
E_01842,BUS_003,PASS_02_003_02,SEG_078,2026-09-19T09:21:06.400000,2026-09-19T09:21:07.500000,2026-09-19T09:21:08.600000,9.909534022394215,76.23575757790307,BROKEN_PATCH,4,1,0.91
E_01843,BUS_003,PASS_02_003_02,SEG_089,2026-09-19T09:21:10.500000,2026-09-19T09:21:11.100000,2026-09-19T09:21:11.700000,9.897389373969572,76.23829715852528,SPEED_BREAKER,4,1,0.87
E_01844,BUS_003,PASS_02_003_02,SEG_093,2026-09-19T09:21:10.200000,2026-09-19T09:21:10.800000,2026-09-19T09:21:11.400000,9.892078584704759,76.238721031345,SPEED_BREAKER,1,1,0.806
E_01845,BUS_003,PASS_02_003_02,SEG_094,2026-09-19T09:21:09.600000,2026-09-19T09:21:10.200000,2026-09-19T09:21:10.800000,9.890865004046324,76.238638597346,SPEED_BREAKER,2,1,0.85
E_01846,BUS_003,PASS_02_003_02,SEG_095,2026-09-19T09:21:07,2026-09-19T09:21:07.600000,2026-09-19T09:21:08.200000,9.889552054797644,76.23857571147592,SPEED_BREAKER,3,1,0.83
E_01847,BUS_003,PASS_02_003_02,SEG_098,2026-09-19T09:21:07.500000,2026-09-19T09:21:08.100000,2026-09-19T09:21:08.700000,9.886350105354545,76.2383134898919,SPEED_BREAKER,2,1,0.787
E_01848,BUS_003,PASS_02_003_02,SEG_100,2026-09-19T09:21:08.400000,2026-09-19T09:21:09,2026-09-19T09:21:09.600000,9.88379093609538,76.2384365148327,SPEED_BREAKER,1,1,0.745
E_01849,BUS_003,PASS_02_003_02,SEG_101,2026-09-19T09:21:06.600000,2026-09-19T09:21:07.100000,2026-09-19T09:21:07.500000,9.882596803047214,76.23839616881759,SPEED_BREAKER,4,1,0.886
E_01850,BUS_003,PASS_02_003_02,SEG_101,2026-09-19T09:21:07.600000,2026-09-19T09:21:11.500000,2026-09-19T09:21:15.400000,9.882375734565063,76.23843203150608,ROUGHNESS,5,1,0.929
E_01851,BUS_003,PASS_02_003_02,SEG_105,2026-09-19T09:21:07.400000,2026-09-19T09:21:08,2026-09-19T09:21:08.600000,9.878131857215521,76.23874220430625,SPEED_BREAKER,5,1,0.945
E_01852,BUS_003,PASS_02_003_02,SEG_106,2026-09-19T09:21:06,2026-09-19T09:21:09.900000,2026-09-19T09:21:13.800000,9.876754585647138,76.23922398848904,ROUGHNESS,4,1,0.931
E_01853,BUS_003,PASS_02_003_02,SEG_107,2026-09-19T09:21:03.800000,2026-09-19T09:21:07.700000,2026-09-19T09:21:11.600000,9.87556149497995,76.23973101769849,ROUGHNESS,5,1,0.916
E_01854,BUS_003,PASS_02_003_02,SEG_108,2026-09-19T09:21:09.300000,2026-09-19T09:21:09.800000,2026-09-19T09:21:10.300000,9.874251850968712,76.2399685161161,POTHOLE,4,1,0.883
E_01855,BUS_003,PASS_02_003_02,SEG_109,2026-09-19T09:21:11,2026-09-19T09:21:11.500000,2026-09-19T09:21:12,9.87328365456602,76.24019923931806,POTHOLE,4,1,0.913
E_01856,BUS_003,PASS_02_003_02,SEG_111,2026-09-19T09:21:07.600000,2026-09-19T09:21:08.100000,2026-09-19T09:21:08.600000,9.871006755468473,76.24081407259696,POTHOLE,5,1,0.953
E_01857,BUS_003,PASS_02_003_02,SEG_112,2026-09-19T09:21:04.300000,2026-09-19T09:21:07.400000,2026-09-19T09:21:10.500000,9.86987022235499,76.2408416680815,ROUGHNESS,5,1,0.897
E_01858,BUS_003,PASS_02_003_02,SEG_114,2026-09-19T09:21:03.100000,2026-09-19T09:21:06.500000,2026-09-19T09:21:09.900000,9.868171881663587,76.23958758703422,ROUGHNESS,2,1,0.786
E_01859,BUS_003,PASS_02_003_02,SEG_115,2026-09-19T09:21:05,2026-09-19T09:21:08.900000,2026-09-19T09:21:12.800000,9.866896093888496,76.23889235150543,ROUGHNESS,5,1,0.934
E_01860,BUS_003,PASS_02_003_02,SEG_116,2026-09-19T09:21:02.500000,2026-09-19T09:21:06.400000,2026-09-19T09:21:10.300000,9.865752928015217,76.23825894294978,ROUGHNESS,2,1,0.819
E_01861,BUS_003,PASS_02_003_02,SEG_118,2026-09-19T09:21:04.600000,2026-09-19T09:21:05.100000,2026-09-19T09:21:05.600000,9.863990550266667,76.23647775311142,POTHOLE,3,1,0.817
E_01862,BUS_003,PASS_02_003_02,SEG_119,2026-09-19T09:21:05.700000,2026-09-19T09:21:09.600000,2026-09-19T09:21:13.500000,9.862890417340015,76.23590073295821,ROUGHNESS,2,1,0.784
E_01863,BUS_003,PASS_02_003_02,SEG_121,2026-09-19T09:21:11.800000,2026-09-19T09:21:11.900000,2026-09-19T09:21:11.900000,9.861007043492215,76.23393427980612,BROKEN_PATCH,2,1,0.759
E_01864,BUS_003,PASS_02_003_02,SEG_121,2026-09-19T09:21:03.900000,2026-09-19T09:21:07.800000,2026-09-19T09:21:11.700000,9.861265280605856,76.23428331844399,ROUGHNESS,5,1,0.956
E_01865,BUS_003,PASS_02_003_02,SEG_122,2026-09-19T09:21:05.700000,2026-09-19T09:21:07.100000,2026-09-19T09:21:08.500000,9.860363566430769,76.23368674745171,BROKEN_PATCH,5,1,0.949
E_01866,BUS_003,PASS_02_003_02,SEG_123,2026-09-19T09:21:05.800000,2026-09-19T09:21:06.300000,2026-09-19T09:21:06.800000,9.859525384550217,76.2327776067224,POTHOLE,1,1,0.74
E_01867,BUS_003,PASS_02_003_02,SEG_123,2026-09-19T09:21:07.600000,2026-09-19T09:21:11.500000,2026-09-19T09:21:15.400000,9.859175223630382,76.2327290436656,ROUGHNESS,1,1,0.782
E_01868,BUS_003,PASS_02_003_02,SEG_124,2026-09-19T09:21:05.700000,2026-09-19T09:21:09.600000,2026-09-19T09:21:13.500000,9.858268163900155,76.23199561728583,ROUGHNESS,1,1,0.743
E_01869,BUS_003,PASS_02_003_02,SEG_125,2026-09-19T09:21:04.600000,2026-09-19T09:21:08.100000,2026-09-19T09:21:11.600000,9.857577220549338,76.23142970383687,ROUGHNESS,5,1,0.97
E_01870,BUS_003,PASS_02_003_02,SEG_128,2026-09-19T09:21:05.400000,2026-09-19T09:21:06.600000,2026-09-19T09:21:07.800000,9.85529092230968,76.22921919944199,BROKEN_PATCH,1,1,0.76
E_01871,BUS_003,PASS_02_003_02,SEG_132,2026-09-19T09:21:07.900000,2026-09-19T09:21:09.100000,2026-09-19T09:21:10.300000,9.853369070452269,76.22485799613222,BROKEN_PATCH,4,1,0.945
E_01872,BUS_003,PASS_02_003_02,SEG_136,2026-09-19T09:21:06.900000,2026-09-19T09:21:08.100000,2026-09-19T09:21:09.300000,9.851977677989295,76.22142701759736,BROKEN_PATCH,5,1,0.877
E_01873,BUS_003,PASS_02_003_02,SEG_137,2026-09-19T09:21:08.800000,2026-09-19T09:21:10.200000,2026-09-19T09:21:11.600000,9.851640276339946,76.21995675101185,BROKEN_PATCH,5,1,0.966
E_01874,BUS_003,PASS_02_003_02,SEG_139,2026-09-19T09:21:05.100000,2026-09-19T09:21:06.200000,2026-09-19T09:21:07.300000,9.850977890605153,76.21825437350411,BROKEN_PATCH,2,1,0.858
E_01875,BUS_003,PASS_02_003_02,SEG_141,2026-09-19T09:21:04.600000,2026-09-19T09:21:05.800000,2026-09-19T09:21:07,9.85047840651564,76.21617216605664,BROKEN_PATCH,5,1,0.97
E_01876,BUS_003,PASS_02_003_02,SEG_143,2026-09-19T09:21:05.600000,2026-09-19T09:21:06.500000,2026-09-19T09:21:07.400000,9.849981241550568,76.21431443600012,BROKEN_PATCH,3,1,0.834
E_01877,BUS_003,PASS_02_003_02,SEG_144,2026-09-19T09:21:04.300000,2026-09-19T09:21:05.200000,2026-09-19T09:21:06.100000,9.849731392990579,76.21352462666074,BROKEN_PATCH,3,1,0.859
E_01878,BUS_003,PASS_02_003_02,SEG_146,2026-09-19T09:21:08.700000,2026-09-19T09:21:09.300000,2026-09-19T09:21:09.900000,9.849770575185206,76.21065510442314,SPEED_BREAKER,2,1,0.818
E_01879,BUS_003,PASS_02_003_02,SEG_147,2026-09-19T09:21:09.300000,2026-09-19T09:21:09.900000,2026-09-19T09:21:10.500000,9.849492951916883,76.20919149502573,SPEED_BREAKER,4,1,0.911
E_01880,BUS_003,PASS_02_003_02,SEG_149,2026-09-19T09:21:06.200000,2026-09-19T09:21:06.700000,2026-09-19T09:21:07.200000,9.849718543225988,76.20738662607924,SPEED_BREAKER,2,1,0.784
E_01881,BUS_003,PASS_02_003_02,SEG_150,2026-09-19T09:21:06.300000,2026-09-19T09:21:06.800000,2026-09-19T09:21:07.300000,9.850540909861245,76.2064445213427,SPEED_BREAKER,5,1,0.892
E_01882,BUS_003,PASS_02_003_02,SEG_154,2026-09-19T09:21:07.800000,2026-09-19T09:21:08.300000,2026-09-19T09:21:08.800000,9.853760238039706,76.20312996101211,SPEED_BREAKER,1,1,0.714
E_01883,BUS_003,PASS_02_003_02,SEG_157,2026-09-19T09:21:08.300000,2026-09-19T09:21:08.900000,2026-09-19T09:21:09.500000,9.856629733402126,76.20081165894415,SPEED_BREAKER,3,1,0.878
E_01884,BUS_004,PASS_02_004_01,SEG_023,2026-09-19T06:30:06.300000,2026-09-19T06:30:06.800000,2026-09-19T06:30:07.300000,9.946504846213418,76.28011311809281,SPEED_BREAKER,3,1,0.883
E_01885,BUS_004,PASS_02_004_01,SEG_026,2026-09-19T06:30:02.400000,2026-09-19T06:30:02.900000,2026-09-19T06:30:03.400000,9.945010145120953,76.27763131684158,SPEED_BREAKER,2,1,0.752
E_01886,BUS_004,PASS_02_004_01,SEG_028,2026-09-19T06:30:04.700000,2026-09-19T06:30:05.200000,2026-09-19T06:30:05.700000,9.944063984192523,76.27544142756386,SPEED_BREAKER,2,1,0.824
E_01887,BUS_004,PASS_02_004_01,SEG_029,2026-09-19T06:30:03.300000,2026-09-19T06:30:03.800000,2026-09-19T06:30:04.300000,9.94335629867438,76.2744773961182,SPEED_BREAKER,5,1,0.957
E_01888,BUS_004,PASS_02_004_01,SEG_033,2026-09-19T06:30:03.800000,2026-09-19T06:30:04.300000,2026-09-19T06:30:04.800000,9.940218611438318,76.27080067046418,SPEED_BREAKER,5,1,0.938
E_01889,BUS_004,PASS_02_004_01,SEG_035,2026-09-19T06:30:03.600000,2026-09-19T06:30:04.100000,2026-09-19T06:30:04.600000,9.938428371382498,76.26946657119541,SPEED_BREAKER,2,1,0.857
E_01890,BUS_004,PASS_02_004_01,SEG_036,2026-09-19T06:30:04.100000,2026-09-19T06:30:04.600000,2026-09-19T06:30:05.100000,9.937526607900638,76.26870693102933,POTHOLE,4,1,0.892
E_01891,BUS_004,PASS_02_004_01,SEG_037,2026-09-19T06:30:03.500000,2026-09-19T06:30:04,2026-09-19T06:30:04.500000,9.936866526566439,76.2679560761722,POTHOLE,4,1,0.879
E_01892,BUS_004,PASS_02_004_01,SEG_038,2026-09-19T06:30:03,2026-09-19T06:30:03.500000,2026-09-19T06:30:04,9.936296878481494,76.26714637215468,POTHOLE,3,1,0.936
E_01893,BUS_004,PASS_02_004_01,SEG_039,2026-09-19T06:30:04.900000,2026-09-19T06:30:05.400000,2026-09-19T06:30:05.900000,9.935971173526246,76.2659195517201,POTHOLE,3,1,0.827
E_01894,BUS_004,PASS_02_004_01,SEG_040,2026-09-19T06:30:05.500000,2026-09-19T06:30:06,2026-09-19T06:30:06.500000,9.935822425096783,76.2648128551423,POTHOLE,1,1,0.738
E_01895,BUS_004,PASS_02_004_01,SEG_041,2026-09-19T06:30:03.400000,2026-09-19T06:30:03.900000,2026-09-19T06:30:04.400000,9.935661541012902,76.2636137305133,POTHOLE,3,1,0.815
E_01896,BUS_004,PASS_02_004_01,SEG_042,2026-09-19T06:30:01.600000,2026-09-19T06:30:02.100000,2026-09-19T06:30:02.600000,9.935377140916739,76.26240057223139,POTHOLE,2,1,0.846
E_01897,BUS_004,PASS_02_004_01,SEG_043,2026-09-19T06:30:05.700000,2026-09-19T06:30:06.200000,2026-09-19T06:30:06.700000,9.93495908131998,76.26117510750555,POTHOLE,5,1,0.938
E_01898,BUS_004,PASS_02_004_01,SEG_044,2026-09-19T06:30:02.700000,2026-09-19T06:30:03.200000,2026-09-19T06:30:03.700000,9.934571294520556,76.26017875101002,POTHOLE,1,1,0.797
E_01899,BUS_004,PASS_02_004_01,SEG_048,2026-09-19T06:30:03.900000,2026-09-19T06:30:06.400000,2026-09-19T06:30:08.900000,9.933909343267729,76.25613285925127,ROUGHNESS,2,1,0.828
E_01900,BUS_004,PASS_02_004_01,SEG_049,2026-09-19T06:30:04,2026-09-19T06:30:06,2026-09-19T06:30:08,9.933404547445033,76.2552802275246,ROUGHNESS,3,1,0.846
E_01901,BUS_004,PASS_02_004_01,SEG_050,2026-09-19T06:30:05.500000,2026-09-19T06:30:09.100000,2026-09-19T06:30:12.700000,9.932805816662725,76.25401631540306,ROUGHNESS,5,1,0.97
E_01902,BUS_004,PASS_02_004_01,SEG_051,2026-09-19T06:30:05.800000,2026-09-19T06:30:06.300000,2026-09-19T06:30:06.800000,9.932135437533963,76.25307114306143,POTHOLE,1,1,0.71
E_01903,BUS_004,PASS_02_004_01,SEG_054,2026-09-19T06:30:02.800000,2026-09-19T06:30:04.800000,2026-09-19T06:30:06.800000,9.930691880917816,76.24984786417366,ROUGHNESS,2,1,0.767
E_01904,BUS_004,PASS_02_004_01,SEG_058,2026-09-19T06:30:02.700000,2026-09-19T06:30:06,2026-09-19T06:30:09.300000,9.928494020833758,76.24656978076037,ROUGHNESS,1,1,0.712
E_01905,BUS_004,PASS_02_004_01,SEG_060,2026-09-19T06:30:03.200000,2026-09-19T06:30:06.200000,2026-09-19T06:30:09.200000,9.926434117293843,76.24483787806408,ROUGHNESS,4,1,0.911
E_01906,BUS_004,PASS_02_004_01,SEG_061,2026-09-19T06:30:05,2026-09-19T06:30:05.500000,2026-09-19T06:30:06,9.92561870954116,76.2440793317342,POTHOLE,3,1,0.935
E_01907,BUS_004,PASS_02_004_01,SEG_062,2026-09-19T06:30:03.700000,2026-09-19T06:30:04.200000,2026-09-19T06:30:04.700000,9.925002242788251,76.24357833154207,POTHOLE,3,1,0.846
E_01908,BUS_004,PASS_02_004_01,SEG_063,2026-09-19T06:30:02.800000,2026-09-19T06:30:05.300000,2026-09-19T06:30:07.800000,9.924419314375974,76.24291903262824,ROUGHNESS,1,1,0.801
E_01909,BUS_004,PASS_02_004_01,SEG_065,2026-09-19T06:30:04.400000,2026-09-19T06:30:04.900000,2026-09-19T06:30:05.400000,9.923219329672342,76.24146742326475,POTHOLE,2,1,0.831
E_01910,BUS_004,PASS_02_004_01,SEG_065,2026-09-19T06:30:05.500000,2026-09-19T06:30:06.300000,2026-09-19T06:30:07.100000,9.92305816745627,76.24144303017661,BROKEN_PATCH,2,1,0.876
E_01911,BUS_004,PASS_02_004_01,SEG_067,2026-09-19T06:30:04.700000,2026-09-19T06:30:05.200000,2026-09-19T06:30:05.700000,9.921486425708009,76.24022744714622,POTHOLE,2,1,0.807
E_01912,BUS_004,PASS_02_004_01,SEG_068,2026-09-19T06:30:06.300000,2026-09-19T06:30:06.800000,2026-09-19T06:30:07.300000,9.92017284162577,76.2396003077502,POTHOLE,5,1,0.925
E_01913,BUS_004,PASS_02_004_01,SEG_070,2026-09-19T06:30:06.200000,2026-09-19T06:30:06.700000,2026-09-19T06:30:07.200000,9.917387593315697,76.23845865957605,POTHOLE,2,1,0.842
E_01914,BUS_004,PASS_02_004_01,SEG_071,2026-09-19T06:30:08.600000,2026-09-19T06:30:10,2026-09-19T06:30:11.400000,9.91628261258873,76.23758906916386,BROKEN_PATCH,4,1,0.97
E_01915,BUS_004,PASS_02_004_01,SEG_074,2026-09-19T06:30:05.900000,2026-09-19T06:30:07,2026-09-19T06:30:08.100000,9.913601711665052,76.23527255409398,BROKEN_PATCH,2,1,0.769
E_01916,BUS_004,PASS_02_004_01,SEG_076,2026-09-19T06:30:06.300000,2026-09-19T06:30:07.200000,2026-09-19T06:30:08.100000,9.91104747036928,76.23528914970252,BROKEN_PATCH,5,1,0.877
E_01917,BUS_004,PASS_02_004_01,SEG_081,2026-09-19T06:30:04.600000,2026-09-19T06:30:05.600000,2026-09-19T06:30:06.600000,9.906389792504644,76.23665521056688,BROKEN_PATCH,2,1,0.804
E_01918,BUS_004,PASS_02_004_01,SEG_093,2026-09-19T06:30:06.100000,2026-09-19T06:30:06.700000,2026-09-19T06:30:07.300000,9.89234347279242,76.23872196141073,SPEED_BREAKER,5,1,0.957
E_01919,BUS_004,PASS_02_004_01,SEG_095,2026-09-19T06:30:07.200000,2026-09-19T06:30:07.800000,2026-09-19T06:30:08.400000,9.889577216254263,76.23848606830737,SPEED_BREAKER,1,1,0.724
E_01920,BUS_004,PASS_02_004_01,SEG_100,2026-09-19T06:30:10.100000,2026-09-19T06:30:10.700000,2026-09-19T06:30:11.300000,9.883679195320665,76.23843209421094,SPEED_BREAKER,5,1,0.898
E_01921,BUS_004,PASS_02_004_01,SEG_101,2026-09-19T06:30:04.600000,2026-09-19T06:30:07.900000,2026-09-19T06:30:11.200000,9.882675528119147,76.23836807207687,ROUGHNESS,1,1,0.804
E_01922,BUS_004,PASS_02_004_01,SEG_104,2026-09-19T06:30:09.600000,2026-09-19T06:30:10.200000,2026-09-19T06:30:10.800000,9.879163633335963,76.23837395178703,SPEED_BREAKER,5,1,0.921
E_01923,BUS_004,PASS_02_004_01,SEG_107,2026-09-19T06:30:08.900000,2026-09-19T06:30:09.400000,2026-09-19T06:30:09.900000,9.875349393756554,76.2395462739092,POTHOLE,5,1,0.916
E_01924,BUS_004,PASS_02_004_01,SEG_108,2026-09-19T06:30:05.400000,2026-09-19T06:30:05.900000,2026-09-19T06:30:06.400000,9.874479682396043,76.23986825009679,POTHOLE,5,1,0.97
E_01925,BUS_004,PASS_02_004_01,SEG_109,2026-09-19T06:30:10.700000,2026-09-19T06:30:11.200000,2026-09-19T06:30:11.700000,9.873220546506877,76.24012591845609,POTHOLE,1,1,0.734
E_01926,BUS_004,PASS_02_004_01,SEG_110,2026-09-19T06:30:08.500000,2026-09-19T06:30:09,2026-09-19T06:30:09.500000,9.872348600189184,76.24044960208101,POTHOLE,2,1,0.774
E_01927,BUS_004,PASS_02_004_01,SEG_111,2026-09-19T06:30:08.700000,2026-09-19T06:30:09.200000,2026-09-19T06:30:09.700000,9.87082301280452,76.24091180219654,POTHOLE,4,1,0.869
E_01928,BUS_004,PASS_02_004_01,SEG_113,2026-09-19T06:30:10.200000,2026-09-19T06:30:10.700000,2026-09-19T06:30:11.200000,9.868881781264479,76.24007842840146,POTHOLE,4,1,0.88
E_01929,BUS_004,PASS_02_004_01,SEG_114,2026-09-19T06:30:02.300000,2026-09-19T06:30:05.900000,2026-09-19T06:30:09.500000,9.86817222894052,76.23963501144623,ROUGHNESS,2,1,0.789
E_01930,BUS_004,PASS_02_004_01,SEG_115,2026-09-19T06:30:04.800000,2026-09-19T06:30:08.700000,2026-09-19T06:30:12.600000,9.866878394127546,76.23892605868173,ROUGHNESS,3,1,0.786
E_01931,BUS_004,PASS_02_004_01,SEG_116,2026-09-19T06:30:05.900000,2026-09-19T06:30:09.800000,2026-09-19T06:30:13.700000,9.865610881504592,76.23804310061082,ROUGHNESS,4,1,0.891
E_01932,BUS_004,PASS_02_004_01,SEG_117,2026-09-19T06:30:06.400000,2026-09-19T06:30:06.900000,2026-09-19T06:30:07.400000,9.864703918135755,76.23727462413503,POTHOLE,5,1,0.929
E_01933,BUS_004,PASS_02_004_01,SEG_119,2026-09-19T06:30:04.800000,2026-09-19T06:30:08.700000,2026-09-19T06:30:12.600000,9.862971442170691,76.2357558879423,ROUGHNESS,1,1,0.75
E_01934,BUS_004,PASS_02_004_01,SEG_121,2026-09-19T06:30:05.700000,2026-09-19T06:30:07.100000,2026-09-19T06:30:08.500000,9.861374788007137,76.23442746483967,BROKEN_PATCH,5,1,0.97
E_01935,BUS_004,PASS_02_004_01,SEG_122,2026-09-19T06:30:05.800000,2026-09-19T06:30:06.100000,2026-09-19T06:30:06.300000,9.860408703152148,76.23369052310714,POTHOLE,3,1,0.858
E_01936,BUS_004,PASS_02_004_01,SEG_122,2026-09-19T06:30:06.400000,2026-09-19T06:30:07.800000,2026-09-19T06:30:09.200000,9.860221075389767,76.2336045633664,BROKEN_PATCH,1,1,0.786
E_01937,BUS_004,PASS_02_004_01,SEG_123,2026-09-19T06:30:05.100000,2026-09-19T06:30:05.300000,2026-09-19T06:30:05.400000,9.859662369588433,76.23302422004114,BROKEN_PATCH,5,1,0.928
E_01938,BUS_004,PASS_02_004_01,SEG_123,2026-09-19T06:30:05.500000,2026-09-19T06:30:09.400000,2026-09-19T06:30:13.300000,9.859254830390627,76.23284779890356,ROUGHNESS,5,1,0.922
E_01939,BUS_004,PASS_02_004_01,SEG_124,2026-09-19T06:30:04,2026-09-19T06:30:07.900000,2026-09-19T06:30:11.800000,9.858469998472417,76.23207289451824,ROUGHNESS,2,1,0.783
E_01940,BUS_004,PASS_02_004_01,SEG_125,2026-09-19T06:30:03.300000,2026-09-19T06:30:07,2026-09-19T06:30:10.700000,9.857575590340018,76.23155754520812,ROUGHNESS,2,1,0.773
E_01941,BUS_004,PASS_02_004_01,SEG_128,2026-09-19T06:30:04.200000,2026-09-19T06:30:05.400000,2026-09-19T06:30:06.600000,9.85532463606821,76.22916489226185,BROKEN_PATCH,1,1,0.819
E_01942,BUS_004,PASS_02_004_01,SEG_132,2026-09-19T06:30:04.400000,2026-09-19T06:30:05.400000,2026-09-19T06:30:06.400000,9.85346601515399,76.22505175206906,BROKEN_PATCH,4,1,0.853
E_01943,BUS_004,PASS_02_004_01,SEG_139,2026-09-19T06:30:05.600000,2026-09-19T06:30:06.400000,2026-09-19T06:30:07.200000,9.850857690151097,76.21805855092235,BROKEN_PATCH,2,1,0.773
E_01944,BUS_004,PASS_02_004_01,SEG_141,2026-09-19T06:30:04.400000,2026-09-19T06:30:05.400000,2026-09-19T06:30:06.400000,9.850242880402222,76.21606669684768,BROKEN_PATCH,1,1,0.742
E_01945,BUS_004,PASS_02_004_01,SEG_143,2026-09-19T06:30:04.500000,2026-09-19T06:30:05.200000,2026-09-19T06:30:05.900000,9.849848727728743,76.2142084184256,BROKEN_PATCH,1,1,0.775
E_01946,BUS_004,PASS_02_004_01,SEG_144,2026-09-19T06:30:04.500000,2026-09-19T06:30:05.300000,2026-09-19T06:30:06.100000,9.849761093049189,76.21346027442986,BROKEN_PATCH,4,1,0.881
E_01947,BUS_004,PASS_02_004_01,SEG_145,2026-09-19T06:30:05.800000,2026-09-19T06:30:07.200000,2026-09-19T06:30:08.600000,9.849806720202604,76.21236218980623,BROKEN_PATCH,2,1,0.815
E_01948,BUS_004,PASS_02_004_01,SEG_146,2026-09-19T06:30:06,2026-09-19T06:30:06.600000,2026-09-19T06:30:07.200000,9.849702752051488,76.21093714872224,SPEED_BREAKER,3,1,0.925
E_01949,BUS_004,PASS_02_004_01,SEG_148,2026-09-19T06:30:03.800000,2026-09-19T06:30:04.300000,2026-09-19T06:30:04.800000,9.849492622075838,76.20823121279248,SPEED_BREAKER,1,1,0.727
E_01950,BUS_004,PASS_02_004_01,SEG_149,2026-09-19T06:30:07,2026-09-19T06:30:07.500000,2026-09-19T06:30:08,9.849790482931287,76.20734789105904,SPEED_BREAKER,2,1,0.867
E_01951,BUS_004,PASS_02_004_01,SEG_152,2026-09-19T06:30:05.100000,2026-09-19T06:30:05.600000,2026-09-19T06:30:06.100000,9.852282232990145,76.20480690321641,SPEED_BREAKER,2,1,0.786
E_01952,BUS_004,PASS_02_004_01,SEG_154,2026-09-19T06:30:08.300000,2026-09-19T06:30:08.800000,2026-09-19T06:30:09.300000,9.853790536684794,76.20304050140962,SPEED_BREAKER,5,1,0.97
E_01953,BUS_004,PASS_02_004_01,SEG_157,2026-09-19T06:30:09.900000,2026-09-19T06:30:10.500000,2026-09-19T06:30:11.100000,9.856776622856682,76.20084594730501,SPEED_BREAKER,4,1,0.849
E_01954,BUS_004,PASS_02_004_02,SEG_023,2026-09-19T09:00:09.900000,2026-09-19T09:00:10.400000,2026-09-19T09:00:10.900000,9.94656038328146,76.2800383398724,SPEED_BREAKER,5,1,0.97
E_01955,BUS_004,PASS_02_004_02,SEG_024,2026-09-19T09:00:04,2026-09-19T09:00:04.500000,2026-09-19T09:00:05,9.946079793746483,76.27939873837089,SPEED_BREAKER,5,1,0.97
E_01956,BUS_004,PASS_02_004_02,SEG_029,2026-09-19T09:00:09,2026-09-19T09:00:09.500000,2026-09-19T09:00:10,9.943362057895127,76.27413276220368,SPEED_BREAKER,4,1,0.837
E_01957,BUS_004,PASS_02_004_02,SEG_033,2026-09-19T09:00:07.300000,2026-09-19T09:00:07.800000,2026-09-19T09:00:08.300000,9.940030396800433,76.27103306783023,SPEED_BREAKER,5,1,0.934
E_01958,BUS_004,PASS_02_004_02,SEG_035,2026-09-19T09:00:08.800000,2026-09-19T09:00:09.300000,2026-09-19T09:00:09.800000,9.93818479065479,76.2694229404336,SPEED_BREAKER,2,1,0.812
E_01959,BUS_004,PASS_02_004_02,SEG_036,2026-09-19T09:00:05.900000,2026-09-19T09:00:06.400000,2026-09-19T09:00:06.900000,9.937483341651733,76.26878564712808,POTHOLE,4,1,0.949
E_01960,BUS_004,PASS_02_004_02,SEG_037,2026-09-19T09:00:05.200000,2026-09-19T09:00:05.700000,2026-09-19T09:00:06.200000,9.936864521763633,76.26801766922753,POTHOLE,2,1,0.775
E_01961,BUS_004,PASS_02_004_02,SEG_038,2026-09-19T09:00:07.300000,2026-09-19T09:00:07.800000,2026-09-19T09:00:08.300000,9.936216857507178,76.26714373935818,POTHOLE,3,1,0.89
E_01962,BUS_004,PASS_02_004_02,SEG_039,2026-09-19T09:00:05.900000,2026-09-19T09:00:06.400000,2026-09-19T09:00:06.900000,9.935943552633729,76.26638351221607,POTHOLE,2,1,0.778
E_01963,BUS_004,PASS_02_004_02,SEG_041,2026-09-19T09:00:10.300000,2026-09-19T09:00:10.800000,2026-09-19T09:00:11.300000,9.935552564915882,76.26327334895655,POTHOLE,2,1,0.721
E_01964,BUS_004,PASS_02_004_02,SEG_042,2026-09-19T09:00:04.300000,2026-09-19T09:00:04.800000,2026-09-19T09:00:05.300000,9.935372987023564,76.2623757287174,POTHOLE,2,1,0.81
E_01965,BUS_004,PASS_02_004_02,SEG_043,2026-09-19T09:00:10.400000,2026-09-19T09:00:10.900000,2026-09-19T09:00:11.400000,9.934967880135494,76.26115409620195,POTHOLE,5,1,0.927
E_01966,BUS_004,PASS_02_004_02,SEG_044,2026-09-19T09:00:06.400000,2026-09-19T09:00:06.900000,2026-09-19T09:00:07.400000,9.934713650162406,76.26007710206578,POTHOLE,1,1,0.754
E_01967,BUS_004,PASS_02_004_02,SEG_048,2026-09-19T09:00:05.400000,2026-09-19T09:00:09.300000,2026-09-19T09:00:13.200000,9.933795901703714,76.25615049733794,ROUGHNESS,5,1,0.922
E_01968,BUS_004,PASS_02_004_02,SEG_049,2026-09-19T09:00:04.400000,2026-09-19T09:00:08.300000,2026-09-19T09:00:12.200000,9.933446140259383,76.25535934985685,ROUGHNESS,5,1,0.966
E_01969,BUS_004,PASS_02_004_02,SEG_050,2026-09-19T09:00:07.700000,2026-09-19T09:00:11.600000,2026-09-19T09:00:15.500000,9.932819616642222,76.25395607770072,ROUGHNESS,3,1,0.852
E_01970,BUS_004,PASS_02_004_02,SEG_053,2026-09-19T09:00:02.800000,2026-09-19T09:00:06.700000,2026-09-19T09:00:10.600000,9.931176182726267,76.25099148042169,ROUGHNESS,4,1,0.899
E_01971,BUS_004,PASS_02_004_02,SEG_054,2026-09-19T09:00:05.300000,2026-09-19T09:00:09.200000,2026-09-19T09:00:13.100000,9.93065544325175,76.2499808832839,ROUGHNESS,1,1,0.731
E_01972,BUS_004,PASS_02_004_02,SEG_057,2026-09-19T09:00:08.200000,2026-09-19T09:00:08.700000,2026-09-19T09:00:09.200000,9.92906649611881,76.24722388953857,POTHOLE,4,1,0.889
E_01973,BUS_004,PASS_02_004_02,SEG_058,2026-09-19T09:00:05.300000,2026-09-19T09:00:09.200000,2026-09-19T09:00:13.100000,9.92839812978255,76.24649352608613,ROUGHNESS,1,1,0.769
E_01974,BUS_004,PASS_02_004_02,SEG_059,2026-09-19T09:00:03.100000,2026-09-19T09:00:07,2026-09-19T09:00:10.900000,9.9273395589614,76.24558395905822,ROUGHNESS,4,1,0.895
E_01975,BUS_004,PASS_02_004_02,SEG_060,2026-09-19T09:00:03.100000,2026-09-19T09:00:07,2026-09-19T09:00:10.900000,9.926689621289716,76.2449484629194,ROUGHNESS,1,1,0.768
E_01976,BUS_004,PASS_02_004_02,SEG_061,2026-09-19T09:00:08.800000,2026-09-19T09:00:09.300000,2026-09-19T09:00:09.800000,9.925661419039084,76.2441673649824,POTHOLE,2,1,0.783
E_01977,BUS_004,PASS_02_004_02,SEG_062,2026-09-19T09:00:10.100000,2026-09-19T09:00:10.600000,2026-09-19T09:00:11.100000,9.924954826924457,76.24340485902134,POTHOLE,5,1,0.941
E_01978,BUS_004,PASS_02_004_02,SEG_063,2026-09-19T09:00:07.200000,2026-09-19T09:00:11.100000,2026-09-19T09:00:15,9.924294934762296,76.24284103441614,ROUGHNESS,2,1,0.794
E_01979,BUS_004,PASS_02_004_02,SEG_064,2026-09-19T09:00:07.500000,2026-09-19T09:00:08,2026-09-19T09:00:08.500000,9.923809718379294,76.24221207499914,POTHOLE,1,1,0.736
E_01980,BUS_004,PASS_02_004_02,SEG_065,2026-09-19T09:00:07.100000,2026-09-19T09:00:08.500000,2026-09-19T09:00:09.900000,9.923167351776383,76.24148921067376,BROKEN_PATCH,4,1,0.89
E_01981,BUS_004,PASS_02_004_02,SEG_067,2026-09-19T09:00:08.200000,2026-09-19T09:00:08.700000,2026-09-19T09:00:09.200000,9.921223251704474,76.24010911470864,POTHOLE,4,1,0.825
E_01982,BUS_004,PASS_02_004_02,SEG_068,2026-09-19T09:00:08.700000,2026-09-19T09:00:09.200000,2026-09-19T09:00:09.700000,9.91996260240334,76.2394874568064,POTHOLE,2,1,0.837
E_01983,BUS_004,PASS_02_004_02,SEG_070,2026-09-19T09:00:07.100000,2026-09-19T09:00:07.600000,2026-09-19T09:00:08.100000,9.917428004028292,76.23848501910496,POTHOLE,3,1,0.909
E_01984,BUS_004,PASS_02_004_02,SEG_074,2026-09-19T09:00:09.200000,2026-09-19T09:00:10.600000,2026-09-19T09:00:12,9.913368144228937,76.2352439512713,BROKEN_PATCH,1,1,0.802
E_01985,BUS_004,PASS_02_004_02,SEG_078,2026-09-19T09:00:05.500000,2026-09-19T09:00:06.900000,2026-09-19T09:00:08.300000,9.909682979291283,76.23569646447841,BROKEN_PATCH,4,1,0.888
E_01986,BUS_004,PASS_02_004_02,SEG_081,2026-09-19T09:00:10.200000,2026-09-19T09:00:11.600000,2026-09-19T09:00:13,9.906203215693903,76.23670920392661,BROKEN_PATCH,3,1,0.828
E_01987,BUS_004,PASS_02_004_02,SEG_089,2026-09-19T09:00:08.600000,2026-09-19T09:00:09.200000,2026-09-19T09:00:09.800000,9.897639887797,76.23825327470587,SPEED_BREAKER,2,1,0.784
E_01988,BUS_004,PASS_02_004_02,SEG_093,2026-09-19T09:00:06.100000,2026-09-19T09:00:06.700000,2026-09-19T09:00:07.300000,9.892353511042936,76.23866049974751,SPEED_BREAKER,3,1,0.842
E_01989,BUS_004,PASS_02_004_02,SEG_094,2026-09-19T09:00:05.700000,2026-09-19T09:00:06.300000,2026-09-19T09:00:06.900000,9.891225126808541,76.238736219231,SPEED_BREAKER,3,1,0.866
E_01990,BUS_004,PASS_02_004_02,SEG_095,2026-09-19T09:00:09.900000,2026-09-19T09:00:10.500000,2026-09-19T09:00:11.100000,9.889303624642757,76.23858916208724,SPEED_BREAKER,4,1,0.881
E_01991,BUS_004,PASS_02_004_02,SEG_101,2026-09-19T09:00:03.800000,2026-09-19T09:00:07.700000,2026-09-19T09:00:11.600000,9.882644383860326,76.2384588402193,ROUGHNESS,3,1,0.845
E_01992,BUS_004,PASS_02_004_02,SEG_104,2026-09-19T09:00:07.200000,2026-09-19T09:00:07.800000,2026-09-19T09:00:08.400000,9.879392744202038,76.23825205913704,SPEED_BREAKER,3,1,0.843
E_01993,BUS_004,PASS_02_004_02,SEG_105,2026-09-19T09:00:06.800000,2026-09-19T09:00:07.400000,2026-09-19T09:00:08,9.878164913572215,76.23865812213594,SPEED_BREAKER,1,1,0.787
E_01994,BUS_004,PASS_02_004_02,SEG_106,2026-09-19T09:00:06.300000,2026-09-19T09:00:10.200000,2026-09-19T09:00:14.100000,9.876595275765233,76.23925543311569,ROUGHNESS,1,1,0.848
E_01995,BUS_004,PASS_02_004_02,SEG_107,2026-09-19T09:00:09.100000,2026-09-19T09:00:09.600000,2026-09-19T09:00:10.100000,9.875383243864604,76.23965446417519,POTHOLE,4,1,0.93
E_01996,BUS_004,PASS_02_004_02,SEG_109,2026-09-19T09:00:05.900000,2026-09-19T09:00:06.400000,2026-09-19T09:00:06.900000,9.873558460655032,76.24024630726589,POTHOLE,5,1,0.933
E_01997,BUS_004,PASS_02_004_02,SEG_110,2026-09-19T09:00:05.900000,2026-09-19T09:00:06.400000,2026-09-19T09:00:06.900000,9.87234521059164,76.24052759220854,POTHOLE,4,1,0.95
E_01998,BUS_004,PASS_02_004_02,SEG_112,2026-09-19T09:00:04.200000,2026-09-19T09:00:08.100000,2026-09-19T09:00:12,9.869964199481705,76.24071085732407,ROUGHNESS,1,1,0.797
E_01999,BUS_004,PASS_02_004_02,SEG_113,2026-09-19T09:00:07.900000,2026-09-19T09:00:08.400000,2026-09-19T09:00:08.900000,9.869085626099919,76.24025784449347,POTHOLE,3,1,0.821
E_02000,BUS_004,PASS_02_004_02,SEG_114,2026-09-19T09:00:02.500000,2026-09-19T09:00:06.400000,2026-09-19T09:00:10.300000,9.868195084482068,76.23970502871447,ROUGHNESS,2,1,0.793
E_02001,BUS_004,PASS_02_004_02,SEG_115,2026-09-19T09:00:05.600000,2026-09-19T09:00:09.500000,2026-09-19T09:00:13.400000,9.866900486793073,76.23898090429911,ROUGHNESS,4,1,0.944
E_02002,BUS_004,PASS_02_004_02,SEG_116,2026-09-19T09:00:07,2026-09-19T09:00:07.500000,2026-09-19T09:00:08,9.865733987114941,76.23817962324468,POTHOLE,4,1,0.872
E_02003,BUS_004,PASS_02_004_02,SEG_117,2026-09-19T09:00:07.300000,2026-09-19T09:00:07.800000,2026-09-19T09:00:08.300000,9.864673967119938,76.23720143204515,POTHOLE,4,1,0.865
E_02004,BUS_004,PASS_02_004_02,SEG_118,2026-09-19T09:00:09.800000,2026-09-19T09:00:10.300000,2026-09-19T09:00:10.800000,9.863863915667956,76.23658648602125,POTHOLE,1,1,0.732
E_02005,BUS_004,PASS_02_004_02,SEG_119,2026-09-19T09:00:05.100000,2026-09-19T09:00:09,2026-09-19T09:00:12.900000,9.863045686197957,76.23586805088921,ROUGHNESS,3,1,0.85
E_02006,BUS_004,PASS_02_004_02,SEG_121,2026-09-19T09:00:06.400000,2026-09-19T09:00:10.300000,2026-09-19T09:00:14.200000,9.861206625211784,76.23418399598435,ROUGHNESS,1,1,0.695
E_02007,BUS_004,PASS_02_004_02,SEG_122,2026-09-19T09:00:09.500000,2026-09-19T09:00:09.700000,2026-09-19T09:00:09.900000,9.860128614082893,76.23350676166652,POTHOLE,5,1,0.947
E_02008,BUS_004,PASS_02_004_02,SEG_122,2026-09-19T09:00:10,2026-09-19T09:00:11.400000,2026-09-19T09:00:12.800000,9.860122183530414,76.23345756146777,BROKEN_PATCH,5,1,0.97
E_02009,BUS_004,PASS_02_004_02,SEG_123,2026-09-19T09:00:07.100000,2026-09-19T09:00:11,2026-09-19T09:00:14.900000,9.85921750062304,76.23264479486882,ROUGHNESS,1,1,0.726
E_02010,BUS_004,PASS_02_004_02,SEG_124,2026-09-19T09:00:04.500000,2026-09-19T09:00:08.400000,2026-09-19T09:00:12.300000,9.85831357101271,76.23213632465125,ROUGHNESS,1,1,0.762
E_02011,BUS_004,PASS_02_004_02,SEG_125,2026-09-19T09:00:06.500000,2026-09-19T09:00:07,2026-09-19T09:00:07.500000,9.857565562557792,76.23155961488074,POTHOLE,2,1,0.811
E_02012,BUS_004,PASS_02_004_02,SEG_132,2026-09-19T09:00:05.500000,2026-09-19T09:00:06.900000,2026-09-19T09:00:08.300000,9.853410729783928,76.22518097834151,BROKEN_PATCH,1,1,0.697
E_02013,BUS_004,PASS_02_004_02,SEG_133,2026-09-19T09:00:09.700000,2026-09-19T09:00:11.100000,2026-09-19T09:00:12.500000,9.853141890700435,76.22409917421919,BROKEN_PATCH,2,1,0.722
E_02014,BUS_004,PASS_02_004_02,SEG_136,2026-09-19T09:00:09.800000,2026-09-19T09:00:11.200000,2026-09-19T09:00:12.600000,9.851886023459185,76.22117774327126,BROKEN_PATCH,2,1,0.846
E_02015,BUS_004,PASS_02_004_02,SEG_139,2026-09-19T09:00:07.900000,2026-09-19T09:00:09.200000,2026-09-19T09:00:10.500000,9.850888966938724,76.21807886913645,BROKEN_PATCH,1,1,0.737
E_02016,BUS_004,PASS_02_004_02,SEG_141,2026-09-19T09:00:09.300000,2026-09-19T09:00:10.700000,2026-09-19T09:00:12.100000,9.85019929926587,76.21605243563701,BROKEN_PATCH,1,1,0.796
E_02017,BUS_004,PASS_02_004_02,SEG_143,2026-09-19T09:00:05.300000,2026-09-19T09:00:06.400000,2026-09-19T09:00:07.500000,9.84977828770654,76.21435768885101,BROKEN_PATCH,4,1,0.89
E_02018,BUS_004,PASS_02_004_02,SEG_144,2026-09-19T09:00:08.100000,2026-09-19T09:00:09.200000,2026-09-19T09:00:10.300000,9.849707526417898,76.21338079593859,BROKEN_PATCH,3,1,0.852
E_02019,BUS_004,PASS_02_004_02,SEG_145,2026-09-19T09:00:10,2026-09-19T09:00:11.400000,2026-09-19T09:00:12.800000,9.849874742669408,76.21197593049014,BROKEN_PATCH,2,1,0.788
E_02020,BUS_004,PASS_02_004_02,SEG_146,2026-09-19T09:00:08.500000,2026-09-19T09:00:09.100000,2026-09-19T09:00:09.700000,9.849780159221535,76.2106112924433,SPEED_BREAKER,1,1,0.776
E_02021,BUS_004,PASS_02_004_02,SEG_147,2026-09-19T09:00:09.700000,2026-09-19T09:00:10.300000,2026-09-19T09:00:10.900000,9.849561290392007,76.20922194905135,SPEED_BREAKER,5,1,0.876
E_02022,BUS_004,PASS_02_004_02,SEG_148,2026-09-19T09:00:08.500000,2026-09-19T09:00:09,2026-09-19T09:00:09.500000,9.849724093823701,76.20822198581152,SPEED_BREAKER,3,1,0.927
E_02023,BUS_004,PASS_02_004_02,SEG_149,2026-09-19T09:00:06.700000,2026-09-19T09:00:07.300000,2026-09-19T09:00:07.900000,9.849675720831968,76.20750472590305,SPEED_BREAKER,1,1,0.748
E_02024,BUS_004,PASS_02_004_02,SEG_150,2026-09-19T09:00:08.700000,2026-09-19T09:00:09.300000,2026-09-19T09:00:09.900000,9.850623540722797,76.20649512097148,SPEED_BREAKER,5,1,0.948
E_02025,BUS_004,PASS_02_004_02,SEG_152,2026-09-19T09:00:05,2026-09-19T09:00:05.500000,2026-09-19T09:00:06,9.852266993923774,76.20488326092371,SPEED_BREAKER,2,1,0.785
E_02026,BUS_004,PASS_02_004_02,SEG_154,2026-09-19T09:00:07,2026-09-19T09:00:07.600000,2026-09-19T09:00:08.200000,9.85361756729295,76.20324508982098,SPEED_BREAKER,5,1,0.936
E_02027,BUS_004,PASS_02_004_02,SEG_157,2026-09-19T09:00:07.700000,2026-09-19T09:00:08.300000,2026-09-19T09:00:08.900000,9.85657860926699,76.20099009460644,SPEED_BREAKER,4,1,0.87
E_02028,BUS_005,PASS_02_005_01,SEG_024,2026-09-19T06:40:04.200000,2026-09-19T06:40:04.700000,2026-09-19T06:40:05.200000,9.945829434163693,76.27914424361195,SPEED_BREAKER,2,1,0.823
E_02029,BUS_005,PASS_02_005_01,SEG_025,2026-09-19T06:40:03.100000,2026-09-19T06:40:03.600000,2026-09-19T06:40:04.100000,9.945437298499378,76.27841347645217,SPEED_BREAKER,5,1,0.97
E_02030,BUS_005,PASS_02_005_01,SEG_026,2026-09-19T06:40:01.800000,2026-09-19T06:40:02.300000,2026-09-19T06:40:02.800000,9.945144904380944,76.27780005342974,SPEED_BREAKER,5,1,0.947
E_02031,BUS_005,PASS_02_005_01,SEG_028,2026-09-19T06:40:04.400000,2026-09-19T06:40:04.900000,2026-09-19T06:40:05.400000,9.944139624958906,76.27553474409174,SPEED_BREAKER,3,1,0.851
E_02032,BUS_005,PASS_02_005_01,SEG_029,2026-09-19T06:40:05.200000,2026-09-19T06:40:05.700000,2026-09-19T06:40:06.200000,9.943372708987328,76.27423603129512,SPEED_BREAKER,5,1,0.97
E_02033,BUS_005,PASS_02_005_01,SEG_033,2026-09-19T06:40:04.300000,2026-09-19T06:40:04.800000,2026-09-19T06:40:05.300000,9.940070345884296,76.27090445540185,SPEED_BREAKER,1,1,0.758
E_02034,BUS_005,PASS_02_005_01,SEG_035,2026-09-19T06:40:03.100000,2026-09-19T06:40:03.600000,2026-09-19T06:40:04.100000,9.938485724046592,76.26959039838022,SPEED_BREAKER,3,1,0.847
E_02035,BUS_005,PASS_02_005_01,SEG_036,2026-09-19T06:40:03.200000,2026-09-19T06:40:03.700000,2026-09-19T06:40:04.200000,9.93766187804025,76.26876844985901,POTHOLE,2,1,0.828
E_02036,BUS_005,PASS_02_005_01,SEG_039,2026-09-19T06:40:02.800000,2026-09-19T06:40:03.300000,2026-09-19T06:40:03.800000,9.936328150006403,76.26631563768629,POTHOLE,2,1,0.843
E_02037,BUS_005,PASS_02_005_01,SEG_040,2026-09-19T06:40:05.600000,2026-09-19T06:40:06.100000,2026-09-19T06:40:06.600000,9.935792745502296,76.2647264332824,POTHOLE,3,1,0.847
E_02038,BUS_005,PASS_02_005_01,SEG_041,2026-09-19T06:40:03.800000,2026-09-19T06:40:04.300000,2026-09-19T06:40:04.800000,9.93553945942283,76.26352813370197,POTHOLE,1,1,0.781
E_02039,BUS_005,PASS_02_005_01,SEG_042,2026-09-19T06:40:02.600000,2026-09-19T06:40:03.100000,2026-09-19T06:40:03.600000,9.935394338180904,76.26225129621801,POTHOLE,4,1,0.87
E_02040,BUS_005,PASS_02_005_01,SEG_044,2026-09-19T06:40:03,2026-09-19T06:40:03.500000,2026-09-19T06:40:04,9.934639094662689,76.26024979841765,POTHOLE,3,1,0.859
E_02041,BUS_005,PASS_02_005_01,SEG_048,2026-09-19T06:40:08.200000,2026-09-19T06:40:08.600000,2026-09-19T06:40:09,9.933671112585278,76.25596735556184,POTHOLE,5,1,0.908
E_02042,BUS_005,PASS_02_005_01,SEG_048,2026-09-19T06:40:02.300000,2026-09-19T06:40:05.200000,2026-09-19T06:40:08.100000,9.933793558693935,76.25620764772584,ROUGHNESS,3,1,0.892
E_02043,BUS_005,PASS_02_005_01,SEG_049,2026-09-19T06:40:02.900000,2026-09-19T06:40:05.300000,2026-09-19T06:40:07.700000,9.933578712373652,76.25523189323317,ROUGHNESS,4,1,0.882
E_02044,BUS_005,PASS_02_005_01,SEG_050,2026-09-19T06:40:05.100000,2026-09-19T06:40:09,2026-09-19T06:40:12.900000,9.93295511771191,76.2541332284864,ROUGHNESS,3,1,0.916
E_02045,BUS_005,PASS_02_005_01,SEG_051,2026-09-19T06:40:06.900000,2026-09-19T06:40:07.400000,2026-09-19T06:40:07.900000,9.93228103788065,76.25293714659107,POTHOLE,3,1,0.878
E_02046,BUS_005,PASS_02_005_01,SEG_053,2026-09-19T06:40:06.500000,2026-09-19T06:40:09.900000,2026-09-19T06:40:13.300000,9.93096486674635,76.25068071185612,ROUGHNESS,4,1,0.874
E_02047,BUS_005,PASS_02_005_01,SEG_054,2026-09-19T06:40:04.400000,2026-09-19T06:40:07,2026-09-19T06:40:09.600000,9.930717511835061,76.2497284654912,ROUGHNESS,5,1,0.922
E_02048,BUS_005,PASS_02_005_01,SEG_057,2026-09-19T06:40:05.400000,2026-09-19T06:40:05.900000,2026-09-19T06:40:06.400000,9.929080096388818,76.24730178149318,POTHOLE,4,1,0.841
E_02049,BUS_005,PASS_02_005_01,SEG_058,2026-09-19T06:40:10.100000,2026-09-19T06:40:10.600000,2026-09-19T06:40:11.100000,9.928203835526404,76.2463166326351,POTHOLE,4,1,0.909
E_02050,BUS_005,PASS_02_005_01,SEG_059,2026-09-19T06:40:04.500000,2026-09-19T06:40:08.300000,2026-09-19T06:40:12.100000,9.927433811505473,76.24551697214251,ROUGHNESS,3,1,0.792
E_02051,BUS_005,PASS_02_005_01,SEG_060,2026-09-19T06:40:03.600000,2026-09-19T06:40:07.500000,2026-09-19T06:40:11.400000,9.926542338414066,76.24482743806969,ROUGHNESS,1,1,0.723
E_02052,BUS_005,PASS_02_005_01,SEG_062,2026-09-19T06:40:04.200000,2026-09-19T06:40:04.700000,2026-09-19T06:40:05.200000,9.924985349414888,76.24367651127548,POTHOLE,4,1,0.9
E_02053,BUS_005,PASS_02_005_01,SEG_063,2026-09-19T06:40:09.100000,2026-09-19T06:40:09.600000,2026-09-19T06:40:10.100000,9.924245382328692,76.24291044605216,POTHOLE,5,1,0.965
E_02054,BUS_005,PASS_02_005_01,SEG_065,2026-09-19T06:40:06.700000,2026-09-19T06:40:06.900000,2026-09-19T06:40:07.100000,9.923232034057278,76.24150527243293,POTHOLE,2,1,0.832
E_02055,BUS_005,PASS_02_005_01,SEG_065,2026-09-19T06:40:04.600000,2026-09-19T06:40:05.600000,2026-09-19T06:40:06.600000,9.923180346143464,76.24149484150747,BROKEN_PATCH,3,1,0.833
E_02056,BUS_005,PASS_02_005_01,SEG_067,2026-09-19T06:40:07.700000,2026-09-19T06:40:08.200000,2026-09-19T06:40:08.700000,9.92137234137263,76.2401534121775,POTHOLE,1,1,0.786
E_02057,BUS_005,PASS_02_005_01,SEG_068,2026-09-19T06:40:10.100000,2026-09-19T06:40:10.600000,2026-09-19T06:40:11.100000,9.919904238868899,76.23944129146871,POTHOLE,1,1,0.784
E_02058,BUS_005,PASS_02_005_01,SEG_070,2026-09-19T06:40:05.600000,2026-09-19T06:40:06.100000,2026-09-19T06:40:06.600000,9.917378853349332,76.23844074575459,POTHOLE,2,1,0.792
E_02059,BUS_005,PASS_02_005_01,SEG_071,2026-09-19T06:40:06.200000,2026-09-19T06:40:07.600000,2026-09-19T06:40:09,9.916337042794341,76.23770566697353,BROKEN_PATCH,2,1,0.821
E_02060,BUS_005,PASS_02_005_01,SEG_074,2026-09-19T06:40:03.700000,2026-09-19T06:40:04.700000,2026-09-19T06:40:05.700000,9.91369159033162,76.23536610988431,BROKEN_PATCH,2,1,0.767
E_02061,BUS_005,PASS_02_005_01,SEG_081,2026-09-19T06:40:04.400000,2026-09-19T06:40:05.200000,2026-09-19T06:40:06,9.906419651066612,76.23672773819938,BROKEN_PATCH,4,1,0.853
E_02062,BUS_005,PASS_02_005_01,SEG_087,2026-09-19T06:40:05.100000,2026-09-19T06:40:05.600000,2026-09-19T06:40:06.100000,9.899834711553911,76.2378050298277,SPEED_BREAKER,1,1,0.767
E_02063,BUS_005,PASS_02_005_01,SEG_093,2026-09-19T06:40:07,2026-09-19T06:40:07.500000,2026-09-19T06:40:08,9.892192855398568,76.23860414526969,SPEED_BREAKER,2,1,0.816
E_02064,BUS_005,PASS_02_005_01,SEG_094,2026-09-19T06:40:08,2026-09-19T06:40:08.600000,2026-09-19T06:40:09.200000,9.89105736323048,76.23859805288122,SPEED_BREAKER,5,1,0.97
E_02065,BUS_005,PASS_02_005_01,SEG_095,2026-09-19T06:40:07,2026-09-19T06:40:07.600000,2026-09-19T06:40:08.200000,9.889603221205391,76.23863614576277,SPEED_BREAKER,5,1,0.923
E_02066,BUS_005,PASS_02_005_01,SEG_098,2026-09-19T06:40:07.600000,2026-09-19T06:40:08.200000,2026-09-19T06:40:08.800000,9.886343513619481,76.23838144130191,SPEED_BREAKER,1,1,0.732
E_02067,BUS_005,PASS_02_005_01,SEG_100,2026-09-19T06:40:06.900000,2026-09-19T06:40:07.500000,2026-09-19T06:40:08.100000,9.884042511287078,76.23840557523759,SPEED_BREAKER,4,1,0.858
E_02068,BUS_005,PASS_02_005_01,SEG_101,2026-09-19T06:40:05,2026-09-19T06:40:05.100000,2026-09-19T06:40:05.100000,9.882729980206115,76.23845364324507,SPEED_BREAKER,3,1,0.834
E_02069,BUS_005,PASS_02_005_01,SEG_101,2026-09-19T06:40:05.200000,2026-09-19T06:40:08,2026-09-19T06:40:10.800000,9.882453331181628,76.2384844218396,ROUGHNESS,4,1,0.91
E_02070,BUS_005,PASS_02_005_01,SEG_104,2026-09-19T06:40:07.100000,2026-09-19T06:40:07.700000,2026-09-19T06:40:08.300000,9.87926761860031,76.23835907844807,SPEED_BREAKER,2,1,0.796
E_02071,BUS_005,PASS_02_005_01,SEG_105,2026-09-19T06:40:09.100000,2026-09-19T06:40:09.700000,2026-09-19T06:40:10.300000,9.87794032155812,76.2386731680146,SPEED_BREAKER,1,1,0.739
E_02072,BUS_005,PASS_02_005_01,SEG_106,2026-09-19T06:40:06.800000,2026-09-19T06:40:10.700000,2026-09-19T06:40:14.600000,9.876693169598356,76.23917960757409,ROUGHNESS,4,1,0.919
E_02073,BUS_005,PASS_02_005_01,SEG_107,2026-09-19T06:40:05.300000,2026-09-19T06:40:09.200000,2026-09-19T06:40:13.100000,9.875495285913425,76.23970259057907,ROUGHNESS,3,1,0.82
E_02074,BUS_005,PASS_02_005_01,SEG_108,2026-09-19T06:40:06.800000,2026-09-19T06:40:07.300000,2026-09-19T06:40:07.800000,9.874362436429772,76.23997541328532,POTHOLE,3,1,0.889
E_02075,BUS_005,PASS_02_005_01,SEG_109,2026-09-19T06:40:08.400000,2026-09-19T06:40:08.900000,2026-09-19T06:40:09.400000,9.873425134189192,76.24013596786429,POTHOLE,2,1,0.782
E_02076,BUS_005,PASS_02_005_01,SEG_112,2026-09-19T06:40:05.900000,2026-09-19T06:40:08.900000,2026-09-19T06:40:11.900000,9.869710825919242,76.24067856746073,ROUGHNESS,4,1,0.891
E_02077,BUS_005,PASS_02_005_01,SEG_113,2026-09-19T06:40:10.300000,2026-09-19T06:40:10.800000,2026-09-19T06:40:11.300000,9.868766192632682,76.240031913255,POTHOLE,2,1,0.813
E_02078,BUS_005,PASS_02_005_01,SEG_114,2026-09-19T06:40:04.700000,2026-09-19T06:40:08.300000,2026-09-19T06:40:11.900000,9.86802579923424,76.23944460645862,ROUGHNESS,1,1,0.764
E_02079,BUS_005,PASS_02_005_01,SEG_115,2026-09-19T06:40:05.100000,2026-09-19T06:40:09,2026-09-19T06:40:12.900000,9.867002964955566,76.23899688092192,ROUGHNESS,2,1,0.803
E_02080,BUS_005,PASS_02_005_01,SEG_116,2026-09-19T06:40:06.200000,2026-09-19T06:40:10.100000,2026-09-19T06:40:14,9.865542939754949,76.23795075840862,ROUGHNESS,2,1,0.859
E_02081,BUS_005,PASS_02_005_01,SEG_117,2026-09-19T06:40:09.700000,2026-09-19T06:40:10.200000,2026-09-19T06:40:10.700000,9.864502326193952,76.2371325373884,POTHOLE,3,1,0.813
E_02082,BUS_005,PASS_02_005_01,SEG_118,2026-09-19T06:40:06.900000,2026-09-19T06:40:07.400000,2026-09-19T06:40:07.900000,9.863905160683835,76.23654536194616,POTHOLE,4,1,0.88
E_02083,BUS_005,PASS_02_005_01,SEG_119,2026-09-19T06:40:09.300000,2026-09-19T06:40:09.800000,2026-09-19T06:40:10.300000,9.862819073315649,76.23573352415622,POTHOLE,2,1,0.744
E_02084,BUS_005,PASS_02_005_01,SEG_121,2026-09-19T06:40:04.100000,2026-09-19T06:40:08,2026-09-19T06:40:11.900000,9.861260700469934,76.23435098895061,ROUGHNESS,3,1,0.814
E_02085,BUS_005,PASS_02_005_01,SEG_122,2026-09-19T06:40:07.500000,2026-09-19T06:40:07.600000,2026-09-19T06:40:07.600000,9.86034294407613,76.23366941846301,POTHOLE,1,1,0.743
E_02086,BUS_005,PASS_02_005_01,SEG_122,2026-09-19T06:40:07.700000,2026-09-19T06:40:09.100000,2026-09-19T06:40:10.500000,9.860240615212273,76.23350402246285,BROKEN_PATCH,3,1,0.794
E_02087,BUS_005,PASS_02_005_01,SEG_124,2026-09-19T06:40:07.600000,2026-09-19T06:40:11.500000,2026-09-19T06:40:15.400000,9.858189159630733,76.2319310688608,ROUGHNESS,5,1,0.943
E_02088,BUS_005,PASS_02_005_01,SEG_125,2026-09-19T06:40:10.900000,2026-09-19T06:40:11.400000,2026-09-19T06:40:11.900000,9.857451266624446,76.2313156219958,POTHOLE,5,1,0.905
E_02089,BUS_005,PASS_02_005_01,SEG_128,2026-09-19T06:40:07.800000,2026-09-19T06:40:09.100000,2026-09-19T06:40:10.400000,9.855248247933357,76.22915543289791,BROKEN_PATCH,5,1,0.958
E_02090,BUS_005,PASS_02_005_01,SEG_132,2026-09-19T06:40:04.500000,2026-09-19T06:40:05.700000,2026-09-19T06:40:06.900000,9.853478391700083,76.22511856644698,BROKEN_PATCH,1,1,0.761
E_02091,BUS_005,PASS_02_005_01,SEG_133,2026-09-19T06:40:06.900000,2026-09-19T06:40:08,2026-09-19T06:40:09.100000,9.853111610776665,76.22414384428393,BROKEN_PATCH,2,1,0.816
E_02092,BUS_005,PASS_02_005_01,SEG_136,2026-09-19T06:40:03.900000,2026-09-19T06:40:05,2026-09-19T06:40:06.100000,9.852073381516716,76.22141720333258,BROKEN_PATCH,4,1,0.901
E_02093,BUS_005,PASS_02_005_01,SEG_137,2026-09-19T06:40:08.500000,2026-09-19T06:40:09.900000,2026-09-19T06:40:11.300000,9.851592254619405,76.2199859982687,BROKEN_PATCH,3,1,0.859
E_02094,BUS_005,PASS_02_005_01,SEG_139,2026-09-19T06:40:05.200000,2026-09-19T06:40:06.200000,2026-09-19T06:40:07.200000,9.850893939148374,76.21830960925864,BROKEN_PATCH,4,1,0.914
E_02095,BUS_005,PASS_02_005_01,SEG_141,2026-09-19T06:40:04.700000,2026-09-19T06:40:05.800000,2026-09-19T06:40:06.900000,9.850208700787514,76.21585281138435,BROKEN_PATCH,4,1,0.937
E_02096,BUS_005,PASS_02_005_01,SEG_143,2026-09-19T06:40:05,2026-09-19T06:40:05.800000,2026-09-19T06:40:06.600000,9.849612112473599,76.21436958198478,BROKEN_PATCH,1,1,0.748
E_02097,BUS_005,PASS_02_005_01,SEG_144,2026-09-19T06:40:04.300000,2026-09-19T06:40:05.100000,2026-09-19T06:40:05.900000,9.849830053900671,76.21362748458662,BROKEN_PATCH,2,1,0.785
E_02098,BUS_005,PASS_02_005_01,SEG_145,2026-09-19T06:40:05.100000,2026-09-19T06:40:06.500000,2026-09-19T06:40:07.900000,9.849649644145417,76.21241244446988,BROKEN_PATCH,5,1,0.902
E_02099,BUS_005,PASS_02_005_01,SEG_146,2026-09-19T06:40:08.800000,2026-09-19T06:40:09.400000,2026-09-19T06:40:10,9.849767356871855,76.21073268808031,SPEED_BREAKER,1,1,0.804
E_02100,BUS_005,PASS_02_005_01,SEG_147,2026-09-19T06:40:06.800000,2026-09-19T06:40:07.300000,2026-09-19T06:40:07.800000,9.849457984149124,76.20941836327366,SPEED_BREAKER,5,1,0.949
E_02101,BUS_005,PASS_02_005_01,SEG_149,2026-09-19T06:40:09.100000,2026-09-19T06:40:09.600000,2026-09-19T06:40:10.100000,9.84991418237305,76.20730722142153,SPEED_BREAKER,5,1,0.97
E_02102,BUS_005,PASS_02_005_01,SEG_150,2026-09-19T06:40:07.300000,2026-09-19T06:40:07.800000,2026-09-19T06:40:08.300000,9.850646609581746,76.20638266913896,SPEED_BREAKER,3,1,0.797
E_02103,BUS_005,PASS_02_005_01,SEG_154,2026-09-19T06:40:04.900000,2026-09-19T06:40:05.400000,2026-09-19T06:40:05.900000,9.853643383306977,76.20326003325485,SPEED_BREAKER,1,1,0.723
E_02104,BUS_005,PASS_02_005_01,SEG_157,2026-09-19T06:40:09,2026-09-19T06:40:09.600000,2026-09-19T06:40:10.200000,9.856754829885745,76.20087898032081,SPEED_BREAKER,4,1,0.934
E_02105,BUS_005,PASS_02_005_02,SEG_023,2026-09-19T09:10:05,2026-09-19T09:10:05.500000,2026-09-19T09:10:06,9.946630467053566,76.28058002857651,SPEED_BREAKER,1,1,0.768
E_02106,BUS_005,PASS_02_005_02,SEG_024,2026-09-19T09:10:04.400000,2026-09-19T09:10:04.900000,2026-09-19T09:10:05.400000,9.945964635782602,76.27936232068954,SPEED_BREAKER,1,1,0.756
E_02107,BUS_005,PASS_02_005_02,SEG_025,2026-09-19T09:10:03.600000,2026-09-19T09:10:04.100000,2026-09-19T09:10:04.600000,9.945431646500786,76.27840479531037,SPEED_BREAKER,5,1,0.929
E_02108,BUS_005,PASS_02_005_02,SEG_026,2026-09-19T09:10:02.100000,2026-09-19T09:10:02.600000,2026-09-19T09:10:03.100000,9.945032844767605,76.27767834268538,SPEED_BREAKER,2,1,0.823
E_02109,BUS_005,PASS_02_005_02,SEG_028,2026-09-19T09:10:04.800000,2026-09-19T09:10:05.300000,2026-09-19T09:10:05.800000,9.94410901524802,76.27562859706167,SPEED_BREAKER,3,1,0.807
E_02110,BUS_005,PASS_02_005_02,SEG_029,2026-09-19T09:10:06.300000,2026-09-19T09:10:06.800000,2026-09-19T09:10:07.300000,9.943287786348606,76.27409254991076,SPEED_BREAKER,5,1,0.953
E_02111,BUS_005,PASS_02_005_02,SEG_033,2026-09-19T09:10:06.400000,2026-09-19T09:10:06.900000,2026-09-19T09:10:07.400000,9.940055204913657,76.27095319787668,SPEED_BREAKER,2,1,0.767
E_02112,BUS_005,PASS_02_005_02,SEG_036,2026-09-19T09:10:05.500000,2026-09-19T09:10:06,2026-09-19T09:10:06.500000,9.937453478143075,76.2687793147712,POTHOLE,1,1,0.761
E_02113,BUS_005,PASS_02_005_02,SEG_037,2026-09-19T09:10:05.300000,2026-09-19T09:10:05.800000,2026-09-19T09:10:06.300000,9.936840007346417,76.26800594966232,POTHOLE,3,1,0.849
E_02114,BUS_005,PASS_02_005_02,SEG_039,2026-09-19T09:10:05.700000,2026-09-19T09:10:06.200000,2026-09-19T09:10:06.700000,9.935968497663701,76.2660824495599,POTHOLE,2,1,0.789
E_02115,BUS_005,PASS_02_005_02,SEG_040,2026-09-19T09:10:05.200000,2026-09-19T09:10:05.700000,2026-09-19T09:10:06.200000,9.935678254503525,76.26499122742328,POTHOLE,1,1,0.755
E_02116,BUS_005,PASS_02_005_02,SEG_041,2026-09-19T09:10:08,2026-09-19T09:10:08.500000,2026-09-19T09:10:09,9.935497934417791,76.26331259772415,POTHOLE,2,1,0.743
E_02117,BUS_005,PASS_02_005_02,SEG_044,2026-09-19T09:10:03.600000,2026-09-19T09:10:04.100000,2026-09-19T09:10:04.600000,9.934748227445706,76.26014600306907,POTHOLE,2,1,0.807
E_02118,BUS_005,PASS_02_005_02,SEG_046,2026-09-19T09:10:07.200000,2026-09-19T09:10:07.700000,2026-09-19T09:10:08.200000,9.934198115261253,76.25835657656424,POTHOLE,2,1,0.86
E_02119,BUS_005,PASS_02_005_02,SEG_049,2026-09-19T09:10:03,2026-09-19T09:10:05.900000,2026-09-19T09:10:08.800000,9.933540658302453,76.25533810670387,ROUGHNESS,4,1,0.963
E_02120,BUS_005,PASS_02_005_02,SEG_050,2026-09-19T09:10:04.500000,2026-09-19T09:10:08.400000,2026-09-19T09:10:12.300000,9.93302403062046,76.25413387741155,ROUGHNESS,4,1,0.88
E_02121,BUS_005,PASS_02_005_02,SEG_051,2026-09-19T09:10:07.100000,2026-09-19T09:10:07.600000,2026-09-19T09:10:08.100000,9.932236403351741,76.25303562385214,POTHOLE,4,1,0.856
E_02122,BUS_005,PASS_02_005_02,SEG_053,2026-09-19T09:10:05.800000,2026-09-19T09:10:06.300000,2026-09-19T09:10:06.800000,9.931131820273812,76.25111858781395,POTHOLE,1,1,0.793
E_02123,BUS_005,PASS_02_005_02,SEG_053,2026-09-19T09:10:07.300000,2026-09-19T09:10:11.200000,2026-09-19T09:10:15.100000,9.931100289672568,76.25065490902816,ROUGHNESS,3,1,0.864
E_02124,BUS_005,PASS_02_005_02,SEG_054,2026-09-19T09:10:05.400000,2026-09-19T09:10:05.900000,2026-09-19T09:10:06.400000,9.930676172235847,76.24997046199414,POTHOLE,3,1,0.873
E_02125,BUS_005,PASS_02_005_02,SEG_057,2026-09-19T09:10:09.900000,2026-09-19T09:10:10.400000,2026-09-19T09:10:10.900000,9.92913503115808,76.24708800309689,POTHOLE,4,1,0.894
E_02126,BUS_005,PASS_02_005_02,SEG_059,2026-09-19T09:10:04.800000,2026-09-19T09:10:08.700000,2026-09-19T09:10:12.600000,9.927405676778982,76.24548802567847,ROUGHNESS,4,1,0.887
E_02127,BUS_005,PASS_02_005_02,SEG_060,2026-09-19T09:10:07,2026-09-19T09:10:10.900000,2026-09-19T09:10:14.800000,9.926449761616194,76.24478988816057,ROUGHNESS,2,1,0.863
E_02128,BUS_005,PASS_02_005_02,SEG_061,2026-09-19T09:10:07.800000,2026-09-19T09:10:08.300000,2026-09-19T09:10:08.800000,9.925770431134293,76.2440739636044,POTHOLE,1,1,0.791
E_02129,BUS_005,PASS_02_005_02,SEG_063,2026-09-19T09:10:06.500000,2026-09-19T09:10:10.400000,2026-09-19T09:10:14.300000,9.924370071048104,76.24295105492082,ROUGHNESS,3,1,0.843
E_02130,BUS_005,PASS_02_005_02,SEG_064,2026-09-19T09:10:06.300000,2026-09-19T09:10:06.800000,2026-09-19T09:10:07.300000,9.923758022105641,76.24224509026534,POTHOLE,3,1,0.871
E_02131,BUS_005,PASS_02_005_02,SEG_065,2026-09-19T09:10:08.500000,2026-09-19T09:10:09,2026-09-19T09:10:09.500000,9.923167583547269,76.2414990462021,POTHOLE,4,1,0.95
E_02132,BUS_005,PASS_02_005_02,SEG_065,2026-09-19T09:10:05.300000,2026-09-19T09:10:06.700000,2026-09-19T09:10:08.100000,9.923129661780298,76.24147144027006,BROKEN_PATCH,2,1,0.775
E_02133,BUS_005,PASS_02_005_02,SEG_068,2026-09-19T09:10:07.100000,2026-09-19T09:10:07.600000,2026-09-19T09:10:08.100000,9.920046048547752,76.23974535672565,POTHOLE,4,1,0.883
E_02134,BUS_005,PASS_02_005_02,SEG_070,2026-09-19T09:10:07.100000,2026-09-19T09:10:07.600000,2026-09-19T09:10:08.100000,9.917447468147918,76.23837968392967,POTHOLE,2,1,0.759
E_02135,BUS_005,PASS_02_005_02,SEG_071,2026-09-19T09:10:05.600000,2026-09-19T09:10:07,2026-09-19T09:10:08.400000,9.916357861645432,76.23767851989669,BROKEN_PATCH,2,1,0.74
E_02136,BUS_005,PASS_02_005_02,SEG_074,2026-09-19T09:10:08.900000,2026-09-19T09:10:10.300000,2026-09-19T09:10:11.700000,9.913373290606025,76.23521514002326,BROKEN_PATCH,2,1,0.813
E_02137,BUS_005,PASS_02_005_02,SEG_076,2026-09-19T09:10:08.200000,2026-09-19T09:10:09.600000,2026-09-19T09:10:11,9.911175992378551,76.23519047520023,BROKEN_PATCH,5,1,0.943
E_02138,BUS_005,PASS_02_005_02,SEG_078,2026-09-19T09:10:06.300000,2026-09-19T09:10:07.700000,2026-09-19T09:10:09.100000,9.909350783282205,76.23568873007008,BROKEN_PATCH,4,1,0.887
E_02139,BUS_005,PASS_02_005_02,SEG_081,2026-09-19T09:10:05.900000,2026-09-19T09:10:07.300000,2026-09-19T09:10:08.700000,9.906539599322153,76.23673771694149,BROKEN_PATCH,2,1,0.736
E_02140,BUS_005,PASS_02_005_02,SEG_087,2026-09-19T09:10:09.600000,2026-09-19T09:10:10.200000,2026-09-19T09:10:10.800000,9.899830011597336,76.2378315137429,SPEED_BREAKER,2,1,0.877
E_02141,BUS_005,PASS_02_005_02,SEG_089,2026-09-19T09:10:09.200000,2026-09-19T09:10:09.800000,2026-09-19T09:10:10.400000,9.897663685458673,76.23821745501148,SPEED_BREAKER,4,1,0.911
E_02142,BUS_005,PASS_02_005_02,SEG_093,2026-09-19T09:10:10.600000,2026-09-19T09:10:11.200000,2026-09-19T09:10:11.800000,9.892022732588796,76.23860345368097,SPEED_BREAKER,5,1,0.918
E_02143,BUS_005,PASS_02_005_02,SEG_094,2026-09-19T09:10:09.600000,2026-09-19T09:10:10.200000,2026-09-19T09:10:10.800000,9.890714500513289,76.23865937579431,SPEED_BREAKER,5,1,0.954
E_02144,BUS_005,PASS_02_005_02,SEG_095,2026-09-19T09:10:10.700000,2026-09-19T09:10:11.300000,2026-09-19T09:10:11.900000,9.88920184321979,76.23847274503399,SPEED_BREAKER,1,1,0.743
E_02145,BUS_005,PASS_02_005_02,SEG_098,2026-09-19T09:10:07.400000,2026-09-19T09:10:08,2026-09-19T09:10:08.600000,9.886378064982434,76.23839486942659,SPEED_BREAKER,3,1,0.875
E_02146,BUS_005,PASS_02_005_02,SEG_100,2026-09-19T09:10:06.200000,2026-09-19T09:10:06.800000,2026-09-19T09:10:07.400000,9.884118535612206,76.23840939514567,SPEED_BREAKER,2,1,0.812
E_02147,BUS_005,PASS_02_005_02,SEG_101,2026-09-19T09:10:06.600000,2026-09-19T09:10:10.500000,2026-09-19T09:10:14.400000,9.882513624648121,76.2385072834861,ROUGHNESS,4,1,0.885
E_02148,BUS_005,PASS_02_005_02,SEG_104,2026-09-19T09:10:05.700000,2026-09-19T09:10:06.300000,2026-09-19T09:10:06.900000,9.879560823091435,76.23836987953764,SPEED_BREAKER,4,1,0.97
E_02149,BUS_005,PASS_02_005_02,SEG_105,2026-09-19T09:10:10.200000,2026-09-19T09:10:10.800000,2026-09-19T09:10:11.400000,9.87785825534812,76.23870250806682,SPEED_BREAKER,4,1,0.866
E_02150,BUS_005,PASS_02_005_02,SEG_107,2026-09-19T09:10:05.300000,2026-09-19T09:10:09.200000,2026-09-19T09:10:13.100000,9.875525741240828,76.2397375912615,ROUGHNESS,2,1,0.786
E_02151,BUS_005,PASS_02_005_02,SEG_108,2026-09-19T09:10:06.200000,2026-09-19T09:10:06.700000,2026-09-19T09:10:07.200000,9.874539871261534,76.23980093102591,POTHOLE,5,1,0.97
E_02152,BUS_005,PASS_02_005_02,SEG_109,2026-09-19T09:10:03.400000,2026-09-19T09:10:07.300000,2026-09-19T09:10:11.200000,9.873581106708166,76.2402925081726,ROUGHNESS,2,1,0.798
E_02153,BUS_005,PASS_02_005_02,SEG_110,2026-09-19T09:10:06.300000,2026-09-19T09:10:06.800000,2026-09-19T09:10:07.300000,9.872525729406371,76.24049468438814,POTHOLE,1,1,0.781
E_02154,BUS_005,PASS_02_005_02,SEG_112,2026-09-19T09:10:06.300000,2026-09-19T09:10:10.200000,2026-09-19T09:10:14.100000,9.869906307403927,76.24080122875479,ROUGHNESS,3,1,0.825
E_02155,BUS_005,PASS_02_005_02,SEG_113,2026-09-19T09:10:08.200000,2026-09-19T09:10:08.700000,2026-09-19T09:10:09.200000,9.868932892333655,76.24008809912829,POTHOLE,4,1,0.805
E_02156,BUS_005,PASS_02_005_02,SEG_114,2026-09-19T09:10:04.800000,2026-09-19T09:10:08.700000,2026-09-19T09:10:12.600000,9.86797327847612,76.23956356462394,ROUGHNESS,4,1,0.915
E_02157,BUS_005,PASS_02_005_02,SEG_115,2026-09-19T09:10:06.700000,2026-09-19T09:10:10.600000,2026-09-19T09:10:14.500000,9.866706101780647,76.2388750230261,ROUGHNESS,5,1,0.907
E_02158,BUS_005,PASS_02_005_02,SEG_116,2026-09-19T09:10:10.200000,2026-09-19T09:10:10.700000,2026-09-19T09:10:11.200000,9.865547116306788,76.23806957251738,POTHOLE,3,1,0.792
E_02159,BUS_005,PASS_02_005_02,SEG_118,2026-09-19T09:10:07.400000,2026-09-19T09:10:07.900000,2026-09-19T09:10:08.400000,9.863878421439756,76.2365990554504,POTHOLE,1,1,0.761
E_02160,BUS_005,PASS_02_005_02,SEG_119,2026-09-19T09:10:04.300000,2026-09-19T09:10:08.200000,2026-09-19T09:10:12.100000,9.863111595292054,76.23574864223151,ROUGHNESS,1,1,0.78
E_02161,BUS_005,PASS_02_005_02,SEG_121,2026-09-19T09:10:03.400000,2026-09-19T09:10:07.300000,2026-09-19T09:10:11.200000,9.861344721556984,76.23422278375682,ROUGHNESS,3,1,0.906
E_02162,BUS_005,PASS_02_005_02,SEG_122,2026-09-19T09:10:06.400000,2026-09-19T09:10:07.800000,2026-09-19T09:10:09.200000,9.860286074092796,76.23363707433974,BROKEN_PATCH,2,1,0.759
E_02163,BUS_005,PASS_02_005_02,SEG_123,2026-09-19T09:10:07.400000,2026-09-19T09:10:07.900000,2026-09-19T09:10:08.400000,9.859436873066104,76.2328806275475,POTHOLE,3,1,0.818
E_02164,BUS_005,PASS_02_005_02,SEG_123,2026-09-19T09:10:09,2026-09-19T09:10:10.400000,2026-09-19T09:10:11.800000,9.859129809168431,76.23276604378147,BROKEN_PATCH,1,1,0.733
E_02165,BUS_005,PASS_02_005_02,SEG_124,2026-09-19T09:10:02.600000,2026-09-19T09:10:06.500000,2026-09-19T09:10:10.400000,9.858514041445963,76.23211403126419,ROUGHNESS,4,1,0.859
E_02166,BUS_005,PASS_02_005_02,SEG_125,2026-09-19T09:10:03.800000,2026-09-19T09:10:07.700000,2026-09-19T09:10:11.600000,9.857601116673331,76.2314937952174,ROUGHNESS,2,1,0.831
E_02167,BUS_005,PASS_02_005_02,SEG_128,2026-09-19T09:10:09,2026-09-19T09:10:10.400000,2026-09-19T09:10:11.800000,9.855256917519236,76.22903964414384,BROKEN_PATCH,3,1,0.827
E_02168,BUS_005,PASS_02_005_02,SEG_132,2026-09-19T09:10:07.900000,2026-09-19T09:10:09.300000,2026-09-19T09:10:10.700000,9.853485737417314,76.22499036342997,BROKEN_PATCH,2,1,0.823
E_02169,BUS_005,PASS_02_005_02,SEG_133,2026-09-19T09:10:08.400000,2026-09-19T09:10:09.800000,2026-09-19T09:10:11.200000,9.853102008243585,76.22425279219738,BROKEN_PATCH,1,1,0.74
E_02170,BUS_005,PASS_02_005_02,SEG_136,2026-09-19T09:10:04.800000,2026-09-19T09:10:06.100000,2026-09-19T09:10:07.400000,9.852144235965412,76.22150283899252,BROKEN_PATCH,1,1,0.791
E_02171,BUS_005,PASS_02_005_02,SEG_137,2026-09-19T09:10:06,2026-09-19T09:10:07.400000,2026-09-19T09:10:08.800000,9.851677956760062,76.22031191221963,BROKEN_PATCH,2,1,0.811
E_02172,BUS_005,PASS_02_005_02,SEG_139,2026-09-19T09:10:06.300000,2026-09-19T09:10:07.500000,2026-09-19T09:10:08.700000,9.850845741324896,76.21814382434425,BROKEN_PATCH,2,1,0.759
E_02173,BUS_005,PASS_02_005_02,SEG_143,2026-09-19T09:10:06.700000,2026-09-19T09:10:07.700000,2026-09-19T09:10:08.700000,9.849769021462683,76.21422615468344,BROKEN_PATCH,3,1,0.857
E_02174,BUS_005,PASS_02_005_02,SEG_146,2026-09-19T09:10:07.600000,2026-09-19T09:10:08.200000,2026-09-19T09:10:08.800000,9.849777764312577,76.21078067302238,SPEED_BREAKER,2,1,0.805
E_02175,BUS_005,PASS_02_005_02,SEG_147,2026-09-19T09:10:05.700000,2026-09-19T09:10:06.300000,2026-09-19T09:10:06.900000,9.849756638868472,76.2095839447124,SPEED_BREAKER,1,1,0.769
E_02176,BUS_005,PASS_02_005_02,SEG_148,2026-09-19T09:10:04.600000,2026-09-19T09:10:05.100000,2026-09-19T09:10:05.600000,9.849567508973744,76.20835850795675,SPEED_BREAKER,2,1,0.765
E_02177,BUS_005,PASS_02_005_02,SEG_150,2026-09-19T09:10:10.700000,2026-09-19T09:10:11.300000,2026-09-19T09:10:11.900000,9.85072282651776,76.20620307940207,SPEED_BREAKER,1,1,0.753
E_02178,BUS_005,PASS_02_005_02,SEG_152,2026-09-19T09:10:07,2026-09-19T09:10:07.500000,2026-09-19T09:10:08,9.852419428212766,76.20459484563834,SPEED_BREAKER,4,1,0.897
E_02179,BUS_005,PASS_02_005_02,SEG_154,2026-09-19T09:10:06.100000,2026-09-19T09:10:06.600000,2026-09-19T09:10:07.100000,9.853659648945698,76.20340574452399,SPEED_BREAKER,5,1,0.936
E_02180,BUS_005,PASS_02_005_02,SEG_157,2026-09-19T09:10:08.200000,2026-09-19T09:10:08.800000,2026-09-19T09:10:09.400000,9.856598331720612,76.20080248022894,SPEED_BREAKER,4,1,0.895
E_02181,BUS_006,PASS_02_006_01,SEG_023,2026-09-19T06:51:03.900000,2026-09-19T06:51:04.400000,2026-09-19T06:51:04.900000,9.946836396197092,76.28049030662727,SPEED_BREAKER,2,1,0.864
E_02182,BUS_006,PASS_02_006_01,SEG_025,2026-09-19T06:51:03.500000,2026-09-19T06:51:04,2026-09-19T06:51:04.500000,9.945345801187258,76.27812951129224,SPEED_BREAKER,5,1,0.968
E_02183,BUS_006,PASS_02_006_01,SEG_026,2026-09-19T06:51:02,2026-09-19T06:51:02.500000,2026-09-19T06:51:03,9.94501039019648,76.27767006018398,SPEED_BREAKER,2,1,0.834
E_02184,BUS_006,PASS_02_006_01,SEG_028,2026-09-19T06:51:03.600000,2026-09-19T06:51:04.100000,2026-09-19T06:51:04.600000,9.944217445450011,76.27553521700399,SPEED_BREAKER,3,1,0.803
E_02185,BUS_006,PASS_02_006_01,SEG_035,2026-09-19T06:51:03.800000,2026-09-19T06:51:04.300000,2026-09-19T06:51:04.800000,9.938449402446295,76.26948810216656,SPEED_BREAKER,5,1,0.97
E_02186,BUS_006,PASS_02_006_01,SEG_036,2026-09-19T06:51:04.700000,2026-09-19T06:51:05.200000,2026-09-19T06:51:05.700000,9.937594804300216,76.26865352470222,POTHOLE,4,1,0.936
E_02187,BUS_006,PASS_02_006_01,SEG_038,2026-09-19T06:51:04.700000,2026-09-19T06:51:05.200000,2026-09-19T06:51:05.700000,9.936331808537492,76.26705926234642,POTHOLE,2,1,0.767
E_02188,BUS_006,PASS_02_006_01,SEG_039,2026-09-19T06:51:05.800000,2026-09-19T06:51:06.300000,2026-09-19T06:51:06.800000,9.936056740764744,76.26608354422449,POTHOLE,5,1,0.947
E_02189,BUS_006,PASS_02_006_01,SEG_041,2026-09-19T06:51:05.200000,2026-09-19T06:51:05.700000,2026-09-19T06:51:06.200000,9.935605279996967,76.26351859470687,POTHOLE,1,1,0.766
E_02190,BUS_006,PASS_02_006_01,SEG_042,2026-09-19T06:51:03.800000,2026-09-19T06:51:04.300000,2026-09-19T06:51:04.800000,9.935290586163816,76.26210371757618,POTHOLE,2,1,0.824
E_02191,BUS_006,PASS_02_006_01,SEG_043,2026-09-19T06:51:05.300000,2026-09-19T06:51:05.800000,2026-09-19T06:51:06.300000,9.935089624404423,76.26131381115705,POTHOLE,2,1,0.779
E_02192,BUS_006,PASS_02_006_01,SEG_044,2026-09-19T06:51:04.300000,2026-09-19T06:51:04.800000,2026-09-19T06:51:05.300000,9.934732696732826,76.26007294983079,POTHOLE,2,1,0.84
E_02193,BUS_006,PASS_02_006_01,SEG_048,2026-09-19T06:51:02,2026-09-19T06:51:05.100000,2026-09-19T06:51:08.200000,9.933841593491358,76.25621613021406,ROUGHNESS,1,1,0.72
E_02194,BUS_006,PASS_02_006_01,SEG_049,2026-09-19T06:51:05,2026-09-19T06:51:07.500000,2026-09-19T06:51:10,9.933501060436399,76.25511545690613,ROUGHNESS,3,1,0.808
E_02195,BUS_006,PASS_02_006_01,SEG_050,2026-09-19T06:51:04.600000,2026-09-19T06:51:08.500000,2026-09-19T06:51:12.400000,9.932985302315524,76.25419758936543,ROUGHNESS,3,1,0.87
E_02196,BUS_006,PASS_02_006_01,SEG_051,2026-09-19T06:51:05.800000,2026-09-19T06:51:06.300000,2026-09-19T06:51:06.800000,9.93225754775993,76.25317837606165,POTHOLE,5,1,0.97
E_02197,BUS_006,PASS_02_006_01,SEG_053,2026-09-19T06:51:02.300000,2026-09-19T06:51:05.600000,2026-09-19T06:51:08.900000,9.931228777111933,76.25097287518894,ROUGHNESS,5,1,0.899
E_02198,BUS_006,PASS_02_006_01,SEG_054,2026-09-19T06:51:02.300000,2026-09-19T06:51:04.700000,2026-09-19T06:51:07.100000,9.930762987540538,76.25001460094045,ROUGHNESS,4,1,0.856
E_02199,BUS_006,PASS_02_006_01,SEG_057,2026-09-19T06:51:04.800000,2026-09-19T06:51:05.300000,2026-09-19T06:51:05.800000,9.929090356119742,76.24726908916308,POTHOLE,3,1,0.871
E_02200,BUS_006,PASS_02_006_01,SEG_058,2026-09-19T06:51:04.300000,2026-09-19T06:51:08.200000,2026-09-19T06:51:12.100000,9.928412761895741,76.2464879737731,ROUGHNESS,1,1,0.727
E_02201,BUS_006,PASS_02_006_01,SEG_060,2026-09-19T06:51:04.600000,2026-09-19T06:51:08,2026-09-19T06:51:11.400000,9.92649230613203,76.24465711584777,ROUGHNESS,1,1,0.796
E_02202,BUS_006,PASS_02_006_01,SEG_061,2026-09-19T06:51:04.500000,2026-09-19T06:51:05,2026-09-19T06:51:05.500000,9.925672272678295,76.24417446690545,POTHOLE,4,1,0.919
E_02203,BUS_006,PASS_02_006_01,SEG_062,2026-09-19T06:51:05.400000,2026-09-19T06:51:05.900000,2026-09-19T06:51:06.400000,9.925008755471078,76.24350659350254,POTHOLE,5,1,0.956
E_02204,BUS_006,PASS_02_006_01,SEG_063,2026-09-19T06:51:04.100000,2026-09-19T06:51:06.900000,2026-09-19T06:51:09.700000,9.92437619054394,76.24290464437959,ROUGHNESS,4,1,0.883
E_02205,BUS_006,PASS_02_006_01,SEG_064,2026-09-19T06:51:06.100000,2026-09-19T06:51:06.600000,2026-09-19T06:51:07.100000,9.923651792518267,76.24199714865715,POTHOLE,1,1,0.78
E_02206,BUS_006,PASS_02_006_01,SEG_065,2026-09-19T06:51:04.700000,2026-09-19T06:51:05.600000,2026-09-19T06:51:06.500000,9.923204839262246,76.24146081957134,BROKEN_PATCH,2,1,0.835
E_02207,BUS_006,PASS_02_006_01,SEG_070,2026-09-19T06:51:05.900000,2026-09-19T06:51:06.400000,2026-09-19T06:51:06.900000,9.917428129599795,76.2385095956604,POTHOLE,3,1,0.88
E_02208,BUS_006,PASS_02_006_01,SEG_071,2026-09-19T06:51:05.800000,2026-09-19T06:51:07.200000,2026-09-19T06:51:08.600000,9.916412764299203,76.23762807115082,BROKEN_PATCH,3,1,0.86
E_02209,BUS_006,PASS_02_006_01,SEG_076,2026-09-19T06:51:03.600000,2026-09-19T06:51:04.400000,2026-09-19T06:51:05.200000,9.91123048858033,76.23524728111747,BROKEN_PATCH,3,1,0.803
E_02210,BUS_006,PASS_02_006_01,SEG_078,2026-09-19T06:51:06.600000,2026-09-19T06:51:07.500000,2026-09-19T06:51:08.400000,9.909344301319305,76.2357155379027,BROKEN_PATCH,4,1,0.917
E_02211,BUS_006,PASS_02_006_01,SEG_081,2026-09-19T06:51:03.900000,2026-09-19T06:51:04.800000,2026-09-19T06:51:05.700000,9.906465762865876,76.23668457463467,BROKEN_PATCH,3,1,0.883
E_02212,BUS_006,PASS_02_006_01,SEG_087,2026-09-19T06:51:03.400000,2026-09-19T06:51:03.900000,2026-09-19T06:51:04.400000,9.900054825683279,76.23788266877489,SPEED_BREAKER,3,1,0.88
E_02213,BUS_006,PASS_02_006_01,SEG_089,2026-09-19T06:51:07.300000,2026-09-19T06:51:07.900000,2026-09-19T06:51:08.500000,9.897639080458356,76.23806658740604,SPEED_BREAKER,4,1,0.887
E_02214,BUS_006,PASS_02_006_01,SEG_093,2026-09-19T06:51:06.500000,2026-09-19T06:51:07.100000,2026-09-19T06:51:07.700000,9.892231729963784,76.23862460774515,SPEED_BREAKER,2,1,0.857
E_02215,BUS_006,PASS_02_006_01,SEG_094,2026-09-19T06:51:07.400000,2026-09-19T06:51:08,2026-09-19T06:51:08.600000,9.890969709771971,76.23868296418519,SPEED_BREAKER,3,1,0.844
E_02216,BUS_006,PASS_02_006_01,SEG_095,2026-09-19T06:51:09.800000,2026-09-19T06:51:10.400000,2026-09-19T06:51:11,9.889413764984974,76.23854068709974,SPEED_BREAKER,4,1,0.928
E_02217,BUS_006,PASS_02_006_01,SEG_100,2026-09-19T06:51:08.800000,2026-09-19T06:51:09.400000,2026-09-19T06:51:10,9.883796893410237,76.23837338306917,SPEED_BREAKER,1,1,0.783
E_02218,BUS_006,PASS_02_006_01,SEG_101,2026-09-19T06:51:06.100000,2026-09-19T06:51:09.400000,2026-09-19T06:51:12.700000,9.882530888707016,76.23842330178444,ROUGHNESS,2,1,0.771
E_02219,BUS_006,PASS_02_006_01,SEG_104,2026-09-19T06:51:06.800000,2026-09-19T06:51:07.400000,2026-09-19T06:51:08,9.879253056505352,76.23836358426121,SPEED_BREAKER,2,1,0.733
E_02220,BUS_006,PASS_02_006_01,SEG_106,2026-09-19T06:51:02.400000,2026-09-19T06:51:06.300000,2026-09-19T06:51:10.200000,9.876965514502993,76.23903197980655,ROUGHNESS,2,1,0.817
E_02221,BUS_006,PASS_02_006_01,SEG_107,2026-09-19T06:51:07.100000,2026-09-19T06:51:11,2026-09-19T06:51:14.900000,9.875315928056313,76.23978704291915,ROUGHNESS,2,1,0.832
E_02222,BUS_006,PASS_02_006_01,SEG_108,2026-09-19T06:51:08.100000,2026-09-19T06:51:08.600000,2026-09-19T06:51:09.100000,9.87417399768058,76.23984337344825,POTHOLE,1,1,0.749
E_02223,BUS_006,PASS_02_006_01,SEG_109,2026-09-19T06:51:05.800000,2026-09-19T06:51:06.300000,2026-09-19T06:51:06.800000,9.873554252925745,76.24030284866457,POTHOLE,5,1,0.97
E_02224,BUS_006,PASS_02_006_01,SEG_110,2026-09-19T06:51:10.200000,2026-09-19T06:51:10.700000,2026-09-19T06:51:11.200000,9.872264814949594,76.24049696962358,POTHOLE,1,1,0.691
E_02225,BUS_006,PASS_02_006_01,SEG_111,2026-09-19T06:51:10.800000,2026-09-19T06:51:11.300000,2026-09-19T06:51:11.800000,9.870731566673014,76.24079704847915,POTHOLE,5,1,0.97
E_02226,BUS_006,PASS_02_006_01,SEG_112,2026-09-19T06:51:05.100000,2026-09-19T06:51:08.200000,2026-09-19T06:51:11.300000,9.869846367535382,76.24065879303947,ROUGHNESS,3,1,0.861
E_02227,BUS_006,PASS_02_006_01,SEG_113,2026-09-19T06:51:07.900000,2026-09-19T06:51:08.400000,2026-09-19T06:51:08.900000,9.868926154677512,76.24025060640592,POTHOLE,3,1,0.823
E_02228,BUS_006,PASS_02_006_01,SEG_114,2026-09-19T06:51:08.400000,2026-09-19T06:51:08.900000,2026-09-19T06:51:09.400000,9.867926200739054,76.23937697942989,POTHOLE,2,1,0.793
E_02229,BUS_006,PASS_02_006_01,SEG_115,2026-09-19T06:51:04.500000,2026-09-19T06:51:08.400000,2026-09-19T06:51:12.300000,9.866950619808964,76.23910776839392,ROUGHNESS,1,1,0.736
E_02230,BUS_006,PASS_02_006_01,SEG_116,2026-09-19T06:51:06,2026-09-19T06:51:09.900000,2026-09-19T06:51:13.800000,9.865573530149868,76.23797641230249,ROUGHNESS,4,1,0.95
E_02231,BUS_006,PASS_02_006_01,SEG_117,2026-09-19T06:51:07.200000,2026-09-19T06:51:07.700000,2026-09-19T06:51:08.200000,9.864663611590819,76.23725035674465,POTHOLE,5,1,0.856
E_02232,BUS_006,PASS_02_006_01,SEG_118,2026-09-19T06:51:07.600000,2026-09-19T06:51:08.100000,2026-09-19T06:51:08.600000,9.863832475544124,76.23660265429015,POTHOLE,2,1,0.79
E_02233,BUS_006,PASS_02_006_01,SEG_121,2026-09-19T06:51:05.300000,2026-09-19T06:51:09.200000,2026-09-19T06:51:13.100000,9.86109882752938,76.2341778382616,ROUGHNESS,3,1,0.857
E_02234,BUS_006,PASS_02_006_01,SEG_122,2026-09-19T06:51:05.100000,2026-09-19T06:51:06.500000,2026-09-19T06:51:07.900000,9.860381091074537,76.2337330225954,BROKEN_PATCH,5,1,0.926
E_02235,BUS_006,PASS_02_006_01,SEG_123,2026-09-19T06:51:06.300000,2026-09-19T06:51:10.200000,2026-09-19T06:51:14.100000,9.859304800398116,76.23266288642728,ROUGHNESS,5,1,0.932
E_02236,BUS_006,PASS_02_006_01,SEG_124,2026-09-19T06:51:07.400000,2026-09-19T06:51:11.300000,2026-09-19T06:51:15.200000,9.858186675182424,76.23197399406303,ROUGHNESS,5,1,0.957
E_02237,BUS_006,PASS_02_006_01,SEG_125,2026-09-19T06:51:02.900000,2026-09-19T06:51:06.700000,2026-09-19T06:51:10.500000,9.857629193520568,76.23149727788936,ROUGHNESS,1,1,0.805
E_02238,BUS_006,PASS_02_006_01,SEG_128,2026-09-19T06:51:06.400000,2026-09-19T06:51:07.600000,2026-09-19T06:51:08.800000,9.855191467415413,76.22926832318663,BROKEN_PATCH,4,1,0.873
E_02239,BUS_006,PASS_02_006_01,SEG_137,2026-09-19T06:51:06.100000,2026-09-19T06:51:07.400000,2026-09-19T06:51:08.700000,9.851659294065506,76.22019408948303,BROKEN_PATCH,1,1,0.774
E_02240,BUS_006,PASS_02_006_01,SEG_139,2026-09-19T06:51:05.600000,2026-09-19T06:51:06.400000,2026-09-19T06:51:07.200000,9.85092093982092,76.21814973800561,BROKEN_PATCH,5,1,0.97
E_02241,BUS_006,PASS_02_006_01,SEG_141,2026-09-19T06:51:06,2026-09-19T06:51:06.900000,2026-09-19T06:51:07.800000,9.850202954408044,76.21600132723944,BROKEN_PATCH,5,1,0.955
E_02242,BUS_006,PASS_02_006_01,SEG_143,2026-09-19T06:51:04.500000,2026-09-19T06:51:05.200000,2026-09-19T06:51:05.900000,9.849822789674233,76.21423866731267,BROKEN_PATCH,4,1,0.886
E_02243,BUS_006,PASS_02_006_01,SEG_144,2026-09-19T06:51:04.800000,2026-09-19T06:51:05.500000,2026-09-19T06:51:06.200000,9.849849558611298,76.21344004565721,BROKEN_PATCH,3,1,0.821
E_02244,BUS_006,PASS_02_006_01,SEG_145,2026-09-19T06:51:05.500000,2026-09-19T06:51:06.800000,2026-09-19T06:51:08.100000,9.849691500823141,76.21247666152904,BROKEN_PATCH,1,1,0.829
E_02245,BUS_006,PASS_02_006_01,SEG_147,2026-09-19T06:51:08.700000,2026-09-19T06:51:09.200000,2026-09-19T06:51:09.700000,9.849579474477675,76.20920620004048,SPEED_BREAKER,5,1,0.947
E_02246,BUS_006,PASS_02_006_01,SEG_148,2026-09-19T06:51:03,2026-09-19T06:51:03.500000,2026-09-19T06:51:04,9.8495567997116,76.20831575237447,SPEED_BREAKER,3,1,0.778
E_02247,BUS_006,PASS_02_006_01,SEG_149,2026-09-19T06:51:04.400000,2026-09-19T06:51:04.900000,2026-09-19T06:51:05.400000,9.849800866762697,76.20743999390713,SPEED_BREAKER,5,1,0.938
E_02248,BUS_006,PASS_02_006_01,SEG_150,2026-09-19T06:51:04.200000,2026-09-19T06:51:04.700000,2026-09-19T06:51:05.200000,9.85048831688102,76.2065905638189,SPEED_BREAKER,1,1,0.742
E_02249,BUS_006,PASS_02_006_01,SEG_154,2026-09-19T06:51:05.200000,2026-09-19T06:51:05.700000,2026-09-19T06:51:06.200000,9.85378190299832,76.20304626392905,SPEED_BREAKER,4,1,0.901
E_02250,BUS_006,PASS_02_006_02,SEG_157,2026-09-19T09:21:10.900000,2026-09-19T09:21:11.500000,2026-09-19T09:21:12.100000,9.856759249393974,76.20074529420124,SPEED_BREAKER,1,1,0.742
E_02251,BUS_006,PASS_02_006_02,SEG_154,2026-09-19T09:21:06.600000,2026-09-19T09:21:07.200000,2026-09-19T09:21:07.800000,9.853558678123363,76.2032504583433,SPEED_BREAKER,4,1,0.847
E_02252,BUS_006,PASS_02_006_02,SEG_150,2026-09-19T09:21:09.800000,2026-09-19T09:21:10.400000,2026-09-19T09:21:11,9.850649035235417,76.20639429344286,SPEED_BREAKER,5,1,0.881
E_02253,BUS_006,PASS_02_006_02,SEG_149,2026-09-19T09:21:10,2026-09-19T09:21:10.600000,2026-09-19T09:21:11.200000,9.849907355462875,76.2071149344817,SPEED_BREAKER,5,1,0.94
E_02254,BUS_006,PASS_02_006_02,SEG_148,2026-09-19T09:21:06.800000,2026-09-19T09:21:07.300000,2026-09-19T09:21:07.800000,9.849508860327301,76.20822299690937,SPEED_BREAKER,4,1,0.945
E_02255,BUS_006,PASS_02_006_02,SEG_147,2026-09-19T09:21:10,2026-09-19T09:21:10.600000,2026-09-19T09:21:11.200000,9.849561002813205,76.20920177411264,SPEED_BREAKER,4,1,0.97
E_02256,BUS_006,PASS_02_006_02,SEG_145,2026-09-19T09:21:05.900000,2026-09-19T09:21:07.300000,2026-09-19T09:21:08.700000,9.849639500444487,76.21228238725385,BROKEN_PATCH,2,1,0.779
E_02257,BUS_006,PASS_02_006_02,SEG_143,2026-09-19T09:21:05.300000,2026-09-19T09:21:06.300000,2026-09-19T09:21:07.300000,9.84989338521806,76.21432798580808,BROKEN_PATCH,5,1,0.97
E_02258,BUS_006,PASS_02_006_02,SEG_141,2026-09-19T09:21:10.100000,2026-09-19T09:21:11.500000,2026-09-19T09:21:12.900000,9.850235740219453,76.21587095872506,BROKEN_PATCH,1,1,0.68
E_02259,BUS_006,PASS_02_006_02,SEG_137,2026-09-19T09:21:06.700000,2026-09-19T09:21:08.100000,2026-09-19T09:21:09.500000,9.851612192228645,76.22018857736248,BROKEN_PATCH,4,1,0.886
E_02260,BUS_006,PASS_02_006_02,SEG_136,2026-09-19T09:21:07.700000,2026-09-19T09:21:09,2026-09-19T09:21:10.300000,9.851995516684594,76.22135209675412,BROKEN_PATCH,3,1,0.811
E_02261,BUS_006,PASS_02_006_02,SEG_133,2026-09-19T09:21:05.700000,2026-09-19T09:21:07.100000,2026-09-19T09:21:08.500000,9.85326082043824,76.22422763385612,BROKEN_PATCH,4,1,0.935
E_02262,BUS_006,PASS_02_006_02,SEG_132,2026-09-19T09:21:08.800000,2026-09-19T09:21:10.200000,2026-09-19T09:21:11.600000,9.853357016841509,76.22486615941041,BROKEN_PATCH,5,1,0.945
E_02263,BUS_006,PASS_02_006_02,SEG_128,2026-09-19T09:21:08.100000,2026-09-19T09:21:09.500000,2026-09-19T09:21:10.900000,9.855254238259928,76.22912544075673,BROKEN_PATCH,2,1,0.839
E_02264,BUS_006,PASS_02_006_02,SEG_125,2026-09-19T09:21:03.500000,2026-09-19T09:21:07.400000,2026-09-19T09:21:11.300000,9.857590421608181,76.23155780977898,ROUGHNESS,5,1,0.97
E_02265,BUS_006,PASS_02_006_02,SEG_124,2026-09-19T09:21:07,2026-09-19T09:21:10.900000,2026-09-19T09:21:14.800000,9.858213325725993,76.2319745533776,ROUGHNESS,3,1,0.861
E_02266,BUS_006,PASS_02_006_02,SEG_123,2026-09-19T09:21:04.600000,2026-09-19T09:21:08.500000,2026-09-19T09:21:12.400000,9.859317431266192,76.23282727511275,ROUGHNESS,1,1,0.743
E_02267,BUS_006,PASS_02_006_02,SEG_122,2026-09-19T09:21:07,2026-09-19T09:21:07.500000,2026-09-19T09:21:08,9.860374791519398,76.23366157978866,POTHOLE,2,1,0.781
E_02268,BUS_006,PASS_02_006_02,SEG_119,2026-09-19T09:21:04.800000,2026-09-19T09:21:08.700000,2026-09-19T09:21:12.600000,9.863041486604564,76.23579139076337,ROUGHNESS,1,1,0.695
E_02269,BUS_006,PASS_02_006_02,SEG_116,2026-09-19T09:21:06.600000,2026-09-19T09:21:10.500000,2026-09-19T09:21:14.400000,9.865525647413284,76.23800301289606,ROUGHNESS,1,1,0.742
E_02270,BUS_006,PASS_02_006_02,SEG_115,2026-09-19T09:21:05.100000,2026-09-19T09:21:09,2026-09-19T09:21:12.900000,9.866952931949404,76.23889051070034,ROUGHNESS,2,1,0.748
E_02271,BUS_006,PASS_02_006_02,SEG_114,2026-09-19T09:21:10.700000,2026-09-19T09:21:11.200000,2026-09-19T09:21:11.700000,9.867883780722547,76.23948702152873,POTHOLE,4,1,0.897
E_02272,BUS_006,PASS_02_006_02,SEG_113,2026-09-19T09:21:10.700000,2026-09-19T09:21:11.200000,2026-09-19T09:21:11.700000,9.868838996673208,76.24011888814434,POTHOLE,5,1,0.943
E_02273,BUS_006,PASS_02_006_02,SEG_112,2026-09-19T09:21:06.300000,2026-09-19T09:21:06.800000,2026-09-19T09:21:07.300000,9.869779459875675,76.24075261345355,POTHOLE,5,1,0.885
E_02274,BUS_006,PASS_02_006_02,SEG_111,2026-09-19T09:21:05.900000,2026-09-19T09:21:06.400000,2026-09-19T09:21:06.900000,9.87117526739366,76.2407747651789,POTHOLE,1,1,0.778
E_02275,BUS_006,PASS_02_006_02,SEG_110,2026-09-19T09:21:09.500000,2026-09-19T09:21:10,2026-09-19T09:21:10.500000,9.872293274658967,76.2403219094528,POTHOLE,2,1,0.844
E_02276,BUS_006,PASS_02_006_02,SEG_109,2026-09-19T09:21:04.800000,2026-09-19T09:21:08.700000,2026-09-19T09:21:12.600000,9.873435804670773,76.24022970281759,ROUGHNESS,1,1,0.735
E_02277,BUS_006,PASS_02_006_02,SEG_108,2026-09-19T09:21:07.500000,2026-09-19T09:21:08,2026-09-19T09:21:08.500000,9.874345028086465,76.24017909390764,POTHOLE,1,1,0.778
E_02278,BUS_006,PASS_02_006_02,SEG_107,2026-09-19T09:21:04.800000,2026-09-19T09:21:08.700000,2026-09-19T09:21:12.600000,9.875392765667629,76.23958261137237,ROUGHNESS,2,1,0.823
E_02279,BUS_006,PASS_02_006_02,SEG_105,2026-09-19T09:21:07.100000,2026-09-19T09:21:07.700000,2026-09-19T09:21:08.300000,9.87813341031177,76.23868660493576,SPEED_BREAKER,2,1,0.805
E_02280,BUS_006,PASS_02_006_02,SEG_104,2026-09-19T09:21:07.500000,2026-09-19T09:21:08.100000,2026-09-19T09:21:08.700000,9.87927908289154,76.23834696334715,SPEED_BREAKER,3,1,0.819
E_02281,BUS_006,PASS_02_006_02,SEG_101,2026-09-19T09:21:04.700000,2026-09-19T09:21:08.100000,2026-09-19T09:21:11.500000,9.882596478717526,76.23846696847284,ROUGHNESS,1,1,0.754
E_02282,BUS_006,PASS_02_006_02,SEG_100,2026-09-19T09:21:06,2026-09-19T09:21:06.600000,2026-09-19T09:21:07.200000,9.884004771342957,76.2384489237497,SPEED_BREAKER,1,1,0.734
E_02283,BUS_006,PASS_02_006_02,SEG_098,2026-09-19T09:21:10,2026-09-19T09:21:10.600000,2026-09-19T09:21:11.200000,9.886159414597383,76.23837918317618,SPEED_BREAKER,4,1,0.893
E_02284,BUS_006,PASS_02_006_02,SEG_095,2026-09-19T09:21:06.500000,2026-09-19T09:21:07.100000,2026-09-19T09:21:07.700000,9.889694428953993,76.23862101290486,SPEED_BREAKER,1,1,0.702
E_02285,BUS_006,PASS_02_006_02,SEG_094,2026-09-19T09:21:10.100000,2026-09-19T09:21:10.700000,2026-09-19T09:21:11.300000,9.890879326587859,76.23856823084536,SPEED_BREAKER,3,1,0.871
E_02286,BUS_006,PASS_02_006_02,SEG_093,2026-09-19T09:21:06.300000,2026-09-19T09:21:06.900000,2026-09-19T09:21:07.500000,9.892335002861845,76.23872910717625,SPEED_BREAKER,1,1,0.743
E_02287,BUS_006,PASS_02_006_02,SEG_087,2026-09-19T09:21:04.500000,2026-09-19T09:21:05,2026-09-19T09:21:05.500000,9.900038693722774,76.23786961415094,SPEED_BREAKER,4,1,0.856
E_02288,BUS_006,PASS_02_006_02,SEG_081,2026-09-19T09:21:04.100000,2026-09-19T09:21:05.200000,2026-09-19T09:21:06.300000,9.90650047694712,76.23670995490286,BROKEN_PATCH,2,1,0.79
E_02289,BUS_006,PASS_02_006_02,SEG_078,2026-09-19T09:21:08.300000,2026-09-19T09:21:09.500000,2026-09-19T09:21:10.700000,9.909378080594902,76.23576297985637,BROKEN_PATCH,5,1,0.969
E_02290,BUS_006,PASS_02_006_02,SEG_071,2026-09-19T09:21:05.300000,2026-09-19T09:21:06.700000,2026-09-19T09:21:08.100000,9.916536260255157,76.23784343778755,BROKEN_PATCH,5,1,0.97
E_02291,BUS_006,PASS_02_006_02,SEG_067,2026-09-19T09:21:08.400000,2026-09-19T09:21:08.900000,2026-09-19T09:21:09.400000,9.921245224928155,76.24016079094125,POTHOLE,2,1,0.777
E_02292,BUS_006,PASS_02_006_02,SEG_065,2026-09-19T09:21:06.100000,2026-09-19T09:21:06.400000,2026-09-19T09:21:06.700000,9.923333808014297,76.24164500433156,POTHOLE,5,1,0.946
E_02293,BUS_006,PASS_02_006_02,SEG_065,2026-09-19T09:21:06.800000,2026-09-19T09:21:07.900000,2026-09-19T09:21:09,9.923201398357044,76.24152964956595,BROKEN_PATCH,5,1,0.878
E_02294,BUS_006,PASS_02_006_02,SEG_064,2026-09-19T09:21:07.700000,2026-09-19T09:21:08.200000,2026-09-19T09:21:08.700000,9.923794782174639,76.24202419526159,POTHOLE,4,1,0.903
E_02295,BUS_006,PASS_02_006_02,SEG_063,2026-09-19T09:21:06.800000,2026-09-19T09:21:10.400000,2026-09-19T09:21:14,9.924272452217064,76.24278091369352,ROUGHNESS,3,1,0.865
E_02296,BUS_006,PASS_02_006_02,SEG_062,2026-09-19T09:21:06.600000,2026-09-19T09:21:07.100000,2026-09-19T09:21:07.600000,9.925103603798073,76.24349327704977,POTHOLE,2,1,0.76
E_02297,BUS_006,PASS_02_006_02,SEG_061,2026-09-19T09:21:04.500000,2026-09-19T09:21:05,2026-09-19T09:21:05.500000,9.925786725955206,76.24414623202108,POTHOLE,3,1,0.838
E_02298,BUS_006,PASS_02_006_02,SEG_060,2026-09-19T09:21:06,2026-09-19T09:21:06.100000,2026-09-19T09:21:06.100000,9.926754667914539,76.24485360201443,POTHOLE,5,1,0.937
E_02299,BUS_006,PASS_02_006_02,SEG_060,2026-09-19T09:21:06.200000,2026-09-19T09:21:10.100000,2026-09-19T09:21:14,9.926400877726927,76.24461918244262,ROUGHNESS,1,1,0.756
E_02300,BUS_006,PASS_02_006_02,SEG_059,2026-09-19T09:21:04.900000,2026-09-19T09:21:08.800000,2026-09-19T09:21:12.700000,9.927430227334156,76.24547911044525,ROUGHNESS,5,1,0.954
E_02301,BUS_006,PASS_02_006_02,SEG_058,2026-09-19T09:21:04.100000,2026-09-19T09:21:08,2026-09-19T09:21:11.900000,9.928369291849698,76.24656464040144,ROUGHNESS,1,1,0.741
E_02302,BUS_006,PASS_02_006_02,SEG_054,2026-09-19T09:21:02.900000,2026-09-19T09:21:04.300000,2026-09-19T09:21:05.700000,9.930849384793937,76.25007001197804,ROUGHNESS,5,1,0.909
E_02303,BUS_006,PASS_02_006_02,SEG_053,2026-09-19T09:21:03,2026-09-19T09:21:06.900000,2026-09-19T09:21:10.800000,9.93110309478405,76.2509419720304,ROUGHNESS,1,1,0.808
E_02304,BUS_006,PASS_02_006_02,SEG_051,2026-09-19T09:21:06.100000,2026-09-19T09:21:06.600000,2026-09-19T09:21:07.100000,9.932227614695348,76.25305426028996,POTHOLE,3,1,0.853
E_02305,BUS_006,PASS_02_006_02,SEG_050,2026-09-19T09:21:03.900000,2026-09-19T09:21:07.800000,2026-09-19T09:21:11.700000,9.933045750130336,76.25429300172351,ROUGHNESS,1,1,0.724
E_02306,BUS_006,PASS_02_006_02,SEG_049,2026-09-19T09:21:04.700000,2026-09-19T09:21:08,2026-09-19T09:21:11.300000,9.933466264534607,76.2551457295081,ROUGHNESS,4,1,0.844
E_02307,BUS_006,PASS_02_006_02,SEG_046,2026-09-19T09:21:06.100000,2026-09-19T09:21:06.600000,2026-09-19T09:21:07.100000,9.93424894215866,76.2584910378098,POTHOLE,3,1,0.826
E_02308,BUS_006,PASS_02_006_02,SEG_043,2026-09-19T09:21:09.300000,2026-09-19T09:21:09.800000,2026-09-19T09:21:10.300000,9.935011148316587,76.26104529123734,POTHOLE,2,1,0.839
E_02309,BUS_006,PASS_02_006_02,SEG_042,2026-09-19T09:21:03.200000,2026-09-19T09:21:03.700000,2026-09-19T09:21:04.200000,9.935478475147585,76.26242995589502,POTHOLE,4,1,0.867
E_02310,BUS_006,PASS_02_006_02,SEG_041,2026-09-19T09:21:08.700000,2026-09-19T09:21:09.200000,2026-09-19T09:21:09.700000,9.935562980276034,76.26335638501342,POTHOLE,5,1,0.927
E_02311,BUS_006,PASS_02_006_02,SEG_037,2026-09-19T09:21:05.600000,2026-09-19T09:21:06.100000,2026-09-19T09:21:06.600000,9.936795829357418,76.26796062292541,POTHOLE,3,1,0.818
E_02312,BUS_006,PASS_02_006_02,SEG_036,2026-09-19T09:21:05.300000,2026-09-19T09:21:05.800000,2026-09-19T09:21:06.300000,9.937641756447075,76.26880370000286,POTHOLE,2,1,0.715
E_02313,BUS_006,PASS_02_006_02,SEG_035,2026-09-19T09:21:04.600000,2026-09-19T09:21:05.100000,2026-09-19T09:21:05.600000,9.938549267874055,76.26966093367781,SPEED_BREAKER,4,1,0.927
E_02314,BUS_006,PASS_02_006_02,SEG_033,2026-09-19T09:21:06.500000,2026-09-19T09:21:07,2026-09-19T09:21:07.500000,9.940129030171189,76.27095490678268,SPEED_BREAKER,1,1,0.77
E_02315,BUS_006,PASS_02_006_02,SEG_029,2026-09-19T09:21:07.600000,2026-09-19T09:21:08.100000,2026-09-19T09:21:08.600000,9.943303691204777,76.27420789736362,SPEED_BREAKER,3,1,0.896
E_02316,BUS_006,PASS_02_006_02,SEG_028,2026-09-19T09:21:05.600000,2026-09-19T09:21:06.100000,2026-09-19T09:21:06.600000,9.944233069887204,76.27548994850527,SPEED_BREAKER,1,1,0.743
E_02317,BUS_006,PASS_02_006_02,SEG_025,2026-09-19T09:21:04.800000,2026-09-19T09:21:05.300000,2026-09-19T09:21:05.800000,9.945608969735382,76.27846071942989,SPEED_BREAKER,1,1,0.713
E_02318,BUS_006,PASS_02_006_02,SEG_024,2026-09-19T09:21:04,2026-09-19T09:21:04.500000,2026-09-19T09:21:05,9.94603375563185,76.27932045175336,SPEED_BREAKER,1,1,0.744
E_02319,BUS_006,PASS_02_006_02,SEG_023,2026-09-19T09:21:05.400000,2026-09-19T09:21:05.900000,2026-09-19T09:21:06.400000,9.94686163344859,76.28049428240575,SPEED_BREAKER,1,1,0.805
E_02320,BUS_007,PASS_02_007_01,SEG_157,2026-09-19T06:30:10.200000,2026-09-19T06:30:10.800000,2026-09-19T06:30:11.400000,9.856791622549242,76.20079603525268,SPEED_BREAKER,2,1,0.85
E_02321,BUS_007,PASS_02_007_01,SEG_154,2026-09-19T06:30:05.700000,2026-09-19T06:30:06.200000,2026-09-19T06:30:06.700000,9.853623849819883,76.20324065083594,SPEED_BREAKER,3,1,0.873
E_02322,BUS_007,PASS_02_007_01,SEG_152,2026-09-19T06:30:06.600000,2026-09-19T06:30:07.100000,2026-09-19T06:30:07.600000,9.85236139399275,76.20473162772566,SPEED_BREAKER,2,1,0.764
E_02323,BUS_007,PASS_02_007_01,SEG_150,2026-09-19T06:30:05,2026-09-19T06:30:05.500000,2026-09-19T06:30:06,9.850462529425885,76.20667455732246,SPEED_BREAKER,3,1,0.897
E_02324,BUS_007,PASS_02_007_01,SEG_149,2026-09-19T06:30:09.900000,2026-09-19T06:30:10.400000,2026-09-19T06:30:10.900000,9.849851340314304,76.20711377440318,SPEED_BREAKER,1,1,0.738
E_02325,BUS_007,PASS_02_007_01,SEG_148,2026-09-19T06:30:04.700000,2026-09-19T06:30:05.200000,2026-09-19T06:30:05.700000,9.849570099245868,76.20831316937804,SPEED_BREAKER,3,1,0.841
E_02326,BUS_007,PASS_02_007_01,SEG_147,2026-09-19T06:30:06.400000,2026-09-19T06:30:07,2026-09-19T06:30:07.600000,9.849612132360424,76.20953902937781,SPEED_BREAKER,2,1,0.804
E_02327,BUS_007,PASS_02_007_01,SEG_145,2026-09-19T06:30:10.200000,2026-09-19T06:30:11.600000,2026-09-19T06:30:13,9.849695977980867,76.21203489385177,BROKEN_PATCH,5,1,0.958
E_02328,BUS_007,PASS_02_007_01,SEG_144,2026-09-19T06:30:07.100000,2026-09-19T06:30:08.100000,2026-09-19T06:30:09.100000,9.849660101423968,76.21340448647902,BROKEN_PATCH,3,1,0.841
E_02329,BUS_007,PASS_02_007_01,SEG_143,2026-09-19T06:30:03.500000,2026-09-19T06:30:04.500000,2026-09-19T06:30:05.500000,9.849806204693706,76.21447599828419,BROKEN_PATCH,4,1,0.909
E_02330,BUS_007,PASS_02_007_01,SEG_141,2026-09-19T06:30:05.200000,2026-09-19T06:30:06.600000,2026-09-19T06:30:08,9.850295015778597,76.21630942801886,BROKEN_PATCH,4,1,0.954
E_02331,BUS_007,PASS_02_007_01,SEG_137,2026-09-19T06:30:09.100000,2026-09-19T06:30:10.500000,2026-09-19T06:30:11.900000,9.851609384070901,76.21991918006613,BROKEN_PATCH,5,1,0.97
E_02332,BUS_007,PASS_02_007_01,SEG_136,2026-09-19T06:30:09,2026-09-19T06:30:10.300000,2026-09-19T06:30:11.600000,9.852013304074159,76.22119713335404,BROKEN_PATCH,4,1,0.917
E_02333,BUS_007,PASS_02_007_01,SEG_133,2026-09-19T06:30:06.200000,2026-09-19T06:30:07.600000,2026-09-19T06:30:09,9.85324121656421,76.22438101268528,BROKEN_PATCH,4,1,0.888
E_02334,BUS_007,PASS_02_007_01,SEG_132,2026-09-19T06:30:06.300000,2026-09-19T06:30:07.700000,2026-09-19T06:30:09.100000,9.853537716081652,76.22500806185518,BROKEN_PATCH,5,1,0.963
E_02335,BUS_007,PASS_02_007_01,SEG_128,2026-09-19T06:30:09.900000,2026-09-19T06:30:11.300000,2026-09-19T06:30:12.700000,9.855258275504802,76.22903442237035,BROKEN_PATCH,5,1,0.937
E_02336,BUS_007,PASS_02_007_01,SEG_125,2026-09-19T06:30:10.600000,2026-09-19T06:30:11.100000,2026-09-19T06:30:11.600000,9.857438420123312,76.23135682432445,POTHOLE,2,1,0.801
E_02337,BUS_007,PASS_02_007_01,SEG_124,2026-09-19T06:30:02.500000,2026-09-19T06:30:06.400000,2026-09-19T06:30:10.300000,9.858585277307927,76.23227248467857,ROUGHNESS,2,1,0.764
E_02338,BUS_007,PASS_02_007_01,SEG_123,2026-09-19T06:30:06.200000,2026-09-19T06:30:10.100000,2026-09-19T06:30:14,9.859172291882969,76.23276971322315,ROUGHNESS,4,1,0.921
E_02339,BUS_007,PASS_02_007_01,SEG_122,2026-09-19T06:30:06.100000,2026-09-19T06:30:06.600000,2026-09-19T06:30:07.100000,9.860350528945352,76.2338481421256,POTHOLE,5,1,0.947
E_02340,BUS_007,PASS_02_007_01,SEG_121,2026-09-19T06:30:05.300000,2026-09-19T06:30:09.200000,2026-09-19T06:30:13.100000,9.861198453689795,76.23427986575541,ROUGHNESS,2,1,0.794
E_02341,BUS_007,PASS_02_007_01,SEG_119,2026-09-19T06:30:06.700000,2026-09-19T06:30:07.100000,2026-09-19T06:30:07.500000,9.863165289694793,76.23599490719981,POTHOLE,4,1,0.887
E_02342,BUS_007,PASS_02_007_01,SEG_119,2026-09-19T06:30:07.600000,2026-09-19T06:30:11.500000,2026-09-19T06:30:15.400000,9.862869401840051,76.23562606203096,ROUGHNESS,4,1,0.854
E_02343,BUS_007,PASS_02_007_01,SEG_116,2026-09-19T06:30:06.700000,2026-09-19T06:30:10.600000,2026-09-19T06:30:14.500000,9.86571596286397,76.23787867822836,ROUGHNESS,3,1,0.921
E_02344,BUS_007,PASS_02_007_01,SEG_115,2026-09-19T06:30:02.700000,2026-09-19T06:30:06.600000,2026-09-19T06:30:10.500000,9.867164373995376,76.23904845696191,ROUGHNESS,2,1,0.784
E_02345,BUS_007,PASS_02_007_01,SEG_114,2026-09-19T06:30:09.200000,2026-09-19T06:30:09.700000,2026-09-19T06:30:10.200000,9.867974484316164,76.23954365912,POTHOLE,5,1,0.97
E_02346,BUS_007,PASS_02_007_01,SEG_113,2026-09-19T06:30:10.200000,2026-09-19T06:30:10.700000,2026-09-19T06:30:11.200000,9.86882702210426,76.24008678714318,POTHOLE,4,1,0.917
E_02347,BUS_007,PASS_02_007_01,SEG_112,2026-09-19T06:30:06.800000,2026-09-19T06:30:07.300000,2026-09-19T06:30:07.800000,9.870017023749856,76.24074761575855,POTHOLE,4,1,0.918
E_02348,BUS_007,PASS_02_007_01,SEG_111,2026-09-19T06:30:06.800000,2026-09-19T06:30:07.300000,2026-09-19T06:30:07.800000,9.871106882298527,76.24080335866141,POTHOLE,1,1,0.743
E_02349,BUS_007,PASS_02_007_01,SEG_110,2026-09-19T06:30:08.200000,2026-09-19T06:30:08.700000,2026-09-19T06:30:09.200000,9.872250374024789,76.24055512075833,POTHOLE,4,1,0.903
E_02350,BUS_007,PASS_02_007_01,SEG_109,2026-09-19T06:30:08,2026-09-19T06:30:08.500000,2026-09-19T06:30:09,9.873528875691653,76.24012893317627,POTHOLE,4,1,0.928
E_02351,BUS_007,PASS_02_007_01,SEG_106,2026-09-19T06:30:06.500000,2026-09-19T06:30:10.400000,2026-09-19T06:30:14.300000,9.876603791094867,76.23928876353597,ROUGHNESS,3,1,0.802
E_02352,BUS_007,PASS_02_007_01,SEG_105,2026-09-19T06:30:07.300000,2026-09-19T06:30:07.900000,2026-09-19T06:30:08.500000,9.87808828483214,76.23879455300323,SPEED_BREAKER,1,1,0.757
E_02353,BUS_007,PASS_02_007_01,SEG_104,2026-09-19T06:30:07.200000,2026-09-19T06:30:07.800000,2026-09-19T06:30:08.400000,9.879258463259413,76.23832276382095,SPEED_BREAKER,4,1,0.929
E_02354,BUS_007,PASS_02_007_01,SEG_101,2026-09-19T06:30:02.300000,2026-09-19T06:30:05.200000,2026-09-19T06:30:08.100000,9.882677062983628,76.23846389503174,ROUGHNESS,2,1,0.823
E_02355,BUS_007,PASS_02_007_01,SEG_100,2026-09-19T06:30:10.800000,2026-09-19T06:30:11.400000,2026-09-19T06:30:12,9.883527029928201,76.23842696364908,SPEED_BREAKER,4,1,0.92
E_02356,BUS_007,PASS_02_007_01,SEG_095,2026-09-19T06:30:06.600000,2026-09-19T06:30:07.200000,2026-09-19T06:30:07.800000,9.889608081247342,76.23849708099601,SPEED_BREAKER,4,1,0.832
E_02357,BUS_007,PASS_02_007_01,SEG_094,2026-09-19T06:30:11,2026-09-19T06:30:11.600000,2026-09-19T06:30:12.200000,9.89073753321173,76.23866846509242,SPEED_BREAKER,1,1,0.738
E_02358,BUS_007,PASS_02_007_01,SEG_093,2026-09-19T06:30:05.500000,2026-09-19T06:30:06,2026-09-19T06:30:06.500000,9.892266548912437,76.23868011841084,SPEED_BREAKER,1,1,0.772
E_02359,BUS_007,PASS_02_007_01,SEG_087,2026-09-19T06:30:05.900000,2026-09-19T06:30:06.400000,2026-09-19T06:30:06.900000,9.899714673682114,76.23795095008352,SPEED_BREAKER,4,1,0.917
E_02360,BUS_007,PASS_02_007_01,SEG_081,2026-09-19T06:30:03.600000,2026-09-19T06:30:04.400000,2026-09-19T06:30:05.200000,9.906435735015496,76.23661257011457,BROKEN_PATCH,4,1,0.9
E_02361,BUS_007,PASS_02_007_01,SEG_070,2026-09-19T06:30:09,2026-09-19T06:30:09.500000,2026-09-19T06:30:10,9.917233128563238,76.23827707660612,POTHOLE,4,1,0.891
E_02362,BUS_007,PASS_02_007_01,SEG_067,2026-09-19T06:30:06.300000,2026-09-19T06:30:06.800000,2026-09-19T06:30:07.300000,9.921447703438982,76.24027708507434,POTHOLE,1,1,0.753
E_02363,BUS_007,PASS_02_007_01,SEG_065,2026-09-19T06:30:06.900000,2026-09-19T06:30:07.900000,2026-09-19T06:30:08.900000,9.923037033887644,76.24145085423898,BROKEN_PATCH,1,1,0.714
E_02364,BUS_007,PASS_02_007_01,SEG_064,2026-09-19T06:30:05.100000,2026-09-19T06:30:05.600000,2026-09-19T06:30:06.100000,9.923812987412127,76.24218498696703,POTHOLE,3,1,0.842
E_02365,BUS_007,PASS_02_007_01,SEG_063,2026-09-19T06:30:06,2026-09-19T06:30:06.500000,2026-09-19T06:30:07,9.924279169098037,76.24289068815972,POTHOLE,2,1,0.8
E_02366,BUS_007,PASS_02_007_01,SEG_062,2026-09-19T06:30:04.600000,2026-09-19T06:30:05.100000,2026-09-19T06:30:05.600000,9.925009008875199,76.24363416562403,POTHOLE,2,1,0.806
E_02367,BUS_007,PASS_02_007_01,SEG_061,2026-09-19T06:30:07.400000,2026-09-19T06:30:07.900000,2026-09-19T06:30:08.400000,9.925614443035455,76.24407126936124,POTHOLE,1,1,0.777
E_02368,BUS_007,PASS_02_007_01,SEG_060,2026-09-19T06:30:07.500000,2026-09-19T06:30:08,2026-09-19T06:30:08.500000,9.926462767298496,76.24480365080348,POTHOLE,1,1,0.757
E_02369,BUS_007,PASS_02_007_01,SEG_059,2026-09-19T06:30:03.400000,2026-09-19T06:30:07.300000,2026-09-19T06:30:11.200000,9.927537855761967,76.24569283210174,ROUGHNESS,2,1,0.791
E_02370,BUS_007,PASS_02_007_01,SEG_057,2026-09-19T06:30:05.700000,2026-09-19T06:30:06.200000,2026-09-19T06:30:06.700000,9.929276658943886,76.24727974986101,POTHOLE,1,1,0.744
E_02371,BUS_007,PASS_02_007_01,SEG_054,2026-09-19T06:30:07,2026-09-19T06:30:07.500000,2026-09-19T06:30:08,9.930711456684804,76.24989306220046,POTHOLE,1,1,0.695
E_02372,BUS_007,PASS_02_007_01,SEG_053,2026-09-19T06:30:03.900000,2026-09-19T06:30:07.700000,2026-09-19T06:30:11.500000,9.931069159163371,76.25103203995387,ROUGHNESS,2,1,0.863
E_02373,BUS_007,PASS_02_007_01,SEG_050,2026-09-19T06:30:08.400000,2026-09-19T06:30:08.900000,2026-09-19T06:30:09.400000,9.932812823909911,76.25426599800926,POTHOLE,4,1,0.903
E_02374,BUS_007,PASS_02_007_01,SEG_049,2026-09-19T06:30:07.600000,2026-09-19T06:30:08.100000,2026-09-19T06:30:08.600000,9.93349458971363,76.25517683575298,POTHOLE,3,1,0.81
E_02375,BUS_007,PASS_02_007_01,SEG_048,2026-09-19T06:30:09.300000,2026-09-19T06:30:09.800000,2026-09-19T06:30:10.300000,9.933692841597901,76.25606585785087,POTHOLE,2,1,0.862
E_02376,BUS_007,PASS_02_007_01,SEG_046,2026-09-19T06:30:07.200000,2026-09-19T06:30:07.700000,2026-09-19T06:30:08.200000,9.93427214813673,76.25830430903319,POTHOLE,4,1,0.916
E_02377,BUS_007,PASS_02_007_01,SEG_044,2026-09-19T06:30:04.300000,2026-09-19T06:30:04.800000,2026-09-19T06:30:05.300000,9.934726669487963,76.26009005975558,POTHOLE,2,1,0.781
E_02378,BUS_007,PASS_02_007_01,SEG_043,2026-09-19T06:30:06.500000,2026-09-19T06:30:07,2026-09-19T06:30:07.500000,9.934957655236685,76.26119449236741,POTHOLE,4,1,0.922
E_02379,BUS_007,PASS_02_007_01,SEG_041,2026-09-19T06:30:07.500000,2026-09-19T06:30:08,2026-09-19T06:30:08.500000,9.935521595284781,76.2633076881643,POTHOLE,3,1,0.898
E_02380,BUS_007,PASS_02_007_01,SEG_040,2026-09-19T06:30:04.400000,2026-09-19T06:30:04.900000,2026-09-19T06:30:05.400000,9.935825189228249,76.26488649218177,POTHOLE,1,1,0.719
E_02381,BUS_007,PASS_02_007_01,SEG_039,2026-09-19T06:30:04.400000,2026-09-19T06:30:04.900000,2026-09-19T06:30:05.400000,9.935932505962219,76.26618493571178,POTHOLE,1,1,0.737
E_02382,BUS_007,PASS_02_007_01,SEG_037,2026-09-19T06:30:04.100000,2026-09-19T06:30:04.600000,2026-09-19T06:30:05.100000,9.93674831834198,76.26798494104396,POTHOLE,1,1,0.789
E_02383,BUS_007,PASS_02_007_01,SEG_036,2026-09-19T06:30:04.900000,2026-09-19T06:30:05.400000,2026-09-19T06:30:05.900000,9.937583191025315,76.26869552856425,POTHOLE,1,1,0.711
E_02384,BUS_007,PASS_02_007_01,SEG_035,2026-09-19T06:30:04.400000,2026-09-19T06:30:04.900000,2026-09-19T06:30:05.400000,9.938348865704794,76.26949555407921,SPEED_BREAKER,1,1,0.723
E_02385,BUS_007,PASS_02_007_01,SEG_028,2026-09-19T06:30:04.300000,2026-09-19T06:30:04.800000,2026-09-19T06:30:05.300000,9.944150050058758,76.27552898015232,SPEED_BREAKER,4,1,0.892
E_02386,BUS_007,PASS_02_007_01,SEG_026,2026-09-19T06:30:03,2026-09-19T06:30:03.500000,2026-09-19T06:30:04,9.945157366611094,76.27763152550813,SPEED_BREAKER,1,1,0.75
E_02387,BUS_007,PASS_02_007_01,SEG_025,2026-09-19T06:30:03.700000,2026-09-19T06:30:04.200000,2026-09-19T06:30:04.700000,9.945445396414412,76.27848796754778,SPEED_BREAKER,1,1,0.744
E_02388,BUS_007,PASS_02_007_01,SEG_024,2026-09-19T06:30:03,2026-09-19T06:30:03.500000,2026-09-19T06:30:04,9.946075750226642,76.27932170342237,SPEED_BREAKER,2,1,0.793
E_02389,BUS_007,PASS_02_007_02,SEG_023,2026-09-19T09:00:08.100000,2026-09-19T09:00:08.600000,2026-09-19T09:00:09.100000,9.946554838213629,76.28029042730391,SPEED_BREAKER,1,1,0.77
E_02390,BUS_007,PASS_02_007_02,SEG_024,2026-09-19T09:00:04.700000,2026-09-19T09:00:05.200000,2026-09-19T09:00:05.700000,9.94595052813506,76.27929924131598,SPEED_BREAKER,3,1,0.844
E_02391,BUS_007,PASS_02_007_02,SEG_028,2026-09-19T09:00:08.700000,2026-09-19T09:00:09.200000,2026-09-19T09:00:09.700000,9.944045608003895,76.2753190139413,SPEED_BREAKER,3,1,0.873
E_02392,BUS_007,PASS_02_007_02,SEG_033,2026-09-19T09:00:06.900000,2026-09-19T09:00:07.400000,2026-09-19T09:00:07.900000,9.939987319939313,76.27085912808592,SPEED_BREAKER,1,1,0.751
E_02393,BUS_007,PASS_02_007_02,SEG_035,2026-09-19T09:00:05.100000,2026-09-19T09:00:05.600000,2026-09-19T09:00:06.100000,9.938489443897497,76.26955405628406,SPEED_BREAKER,3,1,0.894
E_02394,BUS_007,PASS_02_007_02,SEG_038,2026-09-19T09:00:05.300000,2026-09-19T09:00:05.800000,2026-09-19T09:00:06.300000,9.936320782001971,76.26725765205751,POTHOLE,2,1,0.798
E_02395,BUS_007,PASS_02_007_02,SEG_039,2026-09-19T09:00:05.700000,2026-09-19T09:00:06.200000,2026-09-19T09:00:06.700000,9.93615956984811,76.26624243321614,POTHOLE,2,1,0.769
E_02396,BUS_007,PASS_02_007_02,SEG_040,2026-09-19T09:00:07.700000,2026-09-19T09:00:08.200000,2026-09-19T09:00:08.700000,9.935827628593602,76.26475464720089,POTHOLE,3,1,0.846
E_02397,BUS_007,PASS_02_007_02,SEG_042,2026-09-19T09:00:04.400000,2026-09-19T09:00:04.900000,2026-09-19T09:00:05.400000,9.935302331777894,76.26230870108486,POTHOLE,4,1,0.875
E_02398,BUS_007,PASS_02_007_02,SEG_043,2026-09-19T09:00:09.400000,2026-09-19T09:00:09.900000,2026-09-19T09:00:10.400000,9.934902563927034,76.26101660957791,POTHOLE,4,1,0.97
E_02399,BUS_007,PASS_02_007_02,SEG_044,2026-09-19T09:00:05.300000,2026-09-19T09:00:05.800000,2026-09-19T09:00:06.300000,9.934656669043667,76.26003960123623,POTHOLE,5,1,0.97
E_02400,BUS_007,PASS_02_007_02,SEG_046,2026-09-19T09:00:09.800000,2026-09-19T09:00:10.300000,2026-09-19T09:00:10.800000,9.934210986334996,76.25824696882822,POTHOLE,2,1,0.83
E_02401,BUS_007,PASS_02_007_02,SEG_048,2026-09-19T09:00:02.400000,2026-09-19T09:00:06.300000,2026-09-19T09:00:10.200000,9.933884324986785,76.25622493689885,ROUGHNESS,5,1,0.97
E_02402,BUS_007,PASS_02_007_02,SEG_049,2026-09-19T09:00:04.900000,2026-09-19T09:00:08.300000,2026-09-19T09:00:11.700000,9.933491705505272,76.25515407200875,ROUGHNESS,5,1,0.915
E_02403,BUS_007,PASS_02_007_02,SEG_050,2026-09-19T09:00:04.200000,2026-09-19T09:00:08.100000,2026-09-19T09:00:12,9.932983725161133,76.25434222891023,ROUGHNESS,2,1,0.825
E_02404,BUS_007,PASS_02_007_02,SEG_051,2026-09-19T09:00:10.700000,2026-09-19T09:00:11.200000,2026-09-19T09:00:11.700000,9.93201855719567,76.25287250735865,POTHOLE,1,1,0.733
E_02405,BUS_007,PASS_02_007_02,SEG_054,2026-09-19T09:00:06.300000,2026-09-19T09:00:06.800000,2026-09-19T09:00:07.300000,9.930636913367284,76.25008253013975,POTHOLE,2,1,0.845
E_02406,BUS_007,PASS_02_007_02,SEG_058,2026-09-19T09:00:04.700000,2026-09-19T09:00:08.600000,2026-09-19T09:00:12.500000,9.928325184244573,76.2464357413826,ROUGHNESS,2,1,0.763
E_02407,BUS_007,PASS_02_007_02,SEG_059,2026-09-19T09:00:05.200000,2026-09-19T09:00:09.100000,2026-09-19T09:00:13,9.92734497621447,76.2454725624724,ROUGHNESS,4,1,0.941
E_02408,BUS_007,PASS_02_007_02,SEG_061,2026-09-19T09:00:08,2026-09-19T09:00:08.500000,2026-09-19T09:00:09,9.925664098027847,76.24411994422884,POTHOLE,2,1,0.869
E_02409,BUS_007,PASS_02_007_02,SEG_062,2026-09-19T09:00:08.800000,2026-09-19T09:00:09.300000,2026-09-19T09:00:09.800000,9.924985752175393,76.243495854901,POTHOLE,1,1,0.763
E_02410,BUS_007,PASS_02_007_02,SEG_063,2026-09-19T09:00:05.200000,2026-09-19T09:00:09.100000,2026-09-19T09:00:13,9.924372044600263,76.24285651716522,ROUGHNESS,2,1,0.86
E_02411,BUS_007,PASS_02_007_02,SEG_065,2026-09-19T09:00:05.800000,2026-09-19T09:00:06.300000,2026-09-19T09:00:06.800000,9.92320970126767,76.24158796027594,POTHOLE,1,1,0.693
E_02412,BUS_007,PASS_02_007_02,SEG_070,2026-09-19T09:00:09.900000,2026-09-19T09:00:10.400000,2026-09-19T09:00:10.900000,9.917228612074762,76.23834220790239,POTHOLE,4,1,0.905
E_02413,BUS_007,PASS_02_007_02,SEG_071,2026-09-19T09:00:09.300000,2026-09-19T09:00:10.700000,2026-09-19T09:00:12.100000,9.916136857991898,76.23752712912237,BROKEN_PATCH,1,1,0.721
E_02414,BUS_007,PASS_02_007_02,SEG_074,2026-09-19T09:00:08.500000,2026-09-19T09:00:09.900000,2026-09-19T09:00:11.300000,9.91353250125869,76.23537005526073,BROKEN_PATCH,4,1,0.904
E_02415,BUS_007,PASS_02_007_02,SEG_076,2026-09-19T09:00:06.100000,2026-09-19T09:00:07.400000,2026-09-19T09:00:08.700000,9.911296163584433,76.23540717338723,BROKEN_PATCH,1,1,0.73
E_02416,BUS_007,PASS_02_007_02,SEG_081,2026-09-19T09:00:06.300000,2026-09-19T09:00:07.700000,2026-09-19T09:00:09.100000,9.90646489563439,76.23666153273314,BROKEN_PATCH,5,1,0.889
E_02417,BUS_007,PASS_02_007_02,SEG_087,2026-09-19T09:00:07.900000,2026-09-19T09:00:08.500000,2026-09-19T09:00:09.100000,9.899913057476152,76.23783513359386,SPEED_BREAKER,2,1,0.823
E_02418,BUS_007,PASS_02_007_02,SEG_089,2026-09-19T09:00:06,2026-09-19T09:00:06.600000,2026-09-19T09:00:07.200000,9.897791892643587,76.23836273219224,SPEED_BREAKER,3,1,0.821
E_02419,BUS_007,PASS_02_007_02,SEG_094,2026-09-19T09:00:08.900000,2026-09-19T09:00:09.500000,2026-09-19T09:00:10.100000,9.890770102508155,76.23861363777567,SPEED_BREAKER,2,1,0.848
E_02420,BUS_007,PASS_02_007_02,SEG_101,2026-09-19T09:00:03.200000,2026-09-19T09:00:07.100000,2026-09-19T09:00:11,9.88254588168362,76.23845169592603,ROUGHNESS,5,1,0.97
E_02421,BUS_007,PASS_02_007_02,SEG_104,2026-09-19T09:00:07.200000,2026-09-19T09:00:07.800000,2026-09-19T09:00:08.400000,9.879287583871779,76.23828965613828,SPEED_BREAKER,1,1,0.706
E_02422,BUS_007,PASS_02_007_02,SEG_107,2026-09-19T09:00:05.800000,2026-09-19T09:00:09.700000,2026-09-19T09:00:13.600000,9.87545302219387,76.23978257431425,ROUGHNESS,3,1,0.847
E_02423,BUS_007,PASS_02_007_02,SEG_109,2026-09-19T09:00:10.100000,2026-09-19T09:00:10.600000,2026-09-19T09:00:11.100000,9.873285169307099,76.24014137046142,POTHOLE,2,1,0.792
E_02424,BUS_007,PASS_02_007_02,SEG_110,2026-09-19T09:00:05.800000,2026-09-19T09:00:06.300000,2026-09-19T09:00:06.800000,9.872430327463494,76.24051746023794,POTHOLE,3,1,0.884
E_02425,BUS_007,PASS_02_007_02,SEG_111,2026-09-19T09:00:08.700000,2026-09-19T09:00:09.200000,2026-09-19T09:00:09.700000,9.870805571064126,76.24084561086379,POTHOLE,5,1,0.928
E_02426,BUS_007,PASS_02_007_02,SEG_112,2026-09-19T09:00:03.500000,2026-09-19T09:00:07.400000,2026-09-19T09:00:11.300000,9.869890125780062,76.24068653098925,ROUGHNESS,2,1,0.745
E_02427,BUS_007,PASS_02_007_02,SEG_113,2026-09-19T09:00:06.800000,2026-09-19T09:00:07.300000,2026-09-19T09:00:07.800000,9.869039016245205,76.2402812943984,POTHOLE,5,1,0.947
E_02428,BUS_007,PASS_02_007_02,SEG_115,2026-09-19T09:00:07.100000,2026-09-19T09:00:07.600000,2026-09-19T09:00:08.100000,9.867019919692682,76.23906601499895,POTHOLE,4,1,0.92
E_02429,BUS_007,PASS_02_007_02,SEG_116,2026-09-19T09:00:05.500000,2026-09-19T09:00:09.400000,2026-09-19T09:00:13.300000,9.865535883123579,76.23798968357833,ROUGHNESS,4,1,0.91
E_02430,BUS_007,PASS_02_007_02,SEG_117,2026-09-19T09:00:10.300000,2026-09-19T09:00:10.800000,2026-09-19T09:00:11.300000,9.864460338125037,76.23716367497099,POTHOLE,5,1,0.911
E_02431,BUS_007,PASS_02_007_02,SEG_118,2026-09-19T09:00:07.400000,2026-09-19T09:00:07.900000,2026-09-19T09:00:08.400000,9.863859813796818,76.23658633633707,POTHOLE,4,1,0.879
E_02432,BUS_007,PASS_02_007_02,SEG_119,2026-09-19T09:00:08.200000,2026-09-19T09:00:08.700000,2026-09-19T09:00:09.200000,9.863049761553098,76.23590132073846,POTHOLE,4,1,0.887
E_02433,BUS_007,PASS_02_007_02,SEG_121,2026-09-19T09:00:06.300000,2026-09-19T09:00:10.200000,2026-09-19T09:00:14.100000,9.861133493936842,76.23427048451421,ROUGHNESS,2,1,0.782
E_02434,BUS_007,PASS_02_007_02,SEG_122,2026-09-19T09:00:09.400000,2026-09-19T09:00:09.900000,2026-09-19T09:00:10.400000,9.860328104045012,76.23351073828498,POTHOLE,1,1,0.793
E_02435,BUS_007,PASS_02_007_02,SEG_122,2026-09-19T09:00:06.400000,2026-09-19T09:00:07.800000,2026-09-19T09:00:09.200000,9.860297230491799,76.23362290109077,BROKEN_PATCH,2,1,0.8
E_02436,BUS_007,PASS_02_007_02,SEG_123,2026-09-19T09:00:12.400000,2026-09-19T09:00:12.400000,2026-09-19T09:00:12.400000,9.859079892042217,76.23262134077831,BROKEN_PATCH,4,1,0.87
E_02437,BUS_007,PASS_02_007_02,SEG_123,2026-09-19T09:00:04.500000,2026-09-19T09:00:08.400000,2026-09-19T09:00:12.300000,9.859326736528562,76.23307285637362,ROUGHNESS,3,1,0.826
E_02438,BUS_007,PASS_02_007_02,SEG_124,2026-09-19T09:00:03.700000,2026-09-19T09:00:06.100000,2026-09-19T09:00:08.500000,9.85855301899006,76.2321209521887,ROUGHNESS,2,1,0.772
E_02439,BUS_007,PASS_02_007_02,SEG_125,2026-09-19T09:00:03.500000,2026-09-19T09:00:07.400000,2026-09-19T09:00:11.300000,9.857674103414123,76.23149181743176,ROUGHNESS,5,1,0.97
E_02440,BUS_007,PASS_02_007_02,SEG_128,2026-09-19T09:00:09.300000,2026-09-19T09:00:10.700000,2026-09-19T09:00:12.100000,9.855220133048489,76.2290368262122,BROKEN_PATCH,1,1,0.759
E_02441,BUS_007,PASS_02_007_02,SEG_132,2026-09-19T09:00:05.900000,2026-09-19T09:00:07.300000,2026-09-19T09:00:08.700000,9.853345609621782,76.22515350974453,BROKEN_PATCH,1,1,0.79
E_02442,BUS_007,PASS_02_007_02,SEG_133,2026-09-19T09:00:08.700000,2026-09-19T09:00:10.100000,2026-09-19T09:00:11.500000,9.853181572140116,76.22422465695158,BROKEN_PATCH,5,1,0.97
E_02443,BUS_007,PASS_02_007_02,SEG_136,2026-09-19T09:00:08.100000,2026-09-19T09:00:09.500000,2026-09-19T09:00:10.900000,9.85200498641363,76.22127041381813,BROKEN_PATCH,4,1,0.862
E_02444,BUS_007,PASS_02_007_02,SEG_137,2026-09-19T09:00:09.900000,2026-09-19T09:00:11.300000,2026-09-19T09:00:12.700000,9.851698077635787,76.21977022086946,BROKEN_PATCH,1,1,0.787
E_02445,BUS_007,PASS_02_007_02,SEG_139,2026-09-19T09:00:09.800000,2026-09-19T09:00:11.200000,2026-09-19T09:00:12.600000,9.850881797461232,76.218018460038,BROKEN_PATCH,1,1,0.716
E_02446,BUS_007,PASS_02_007_02,SEG_141,2026-09-19T09:00:06.200000,2026-09-19T09:00:07.600000,2026-09-19T09:00:09,9.85032816764272,76.2161396309037,BROKEN_PATCH,5,1,0.961
E_02447,BUS_007,PASS_02_007_02,SEG_143,2026-09-19T09:00:07,2026-09-19T09:00:08.100000,2026-09-19T09:00:09.200000,9.849823239176251,76.21429889061416,BROKEN_PATCH,4,1,0.913
E_02448,BUS_007,PASS_02_007_02,SEG_144,2026-09-19T09:00:04.700000,2026-09-19T09:00:05.900000,2026-09-19T09:00:07.100000,9.84976298309018,76.21346855026057,BROKEN_PATCH,4,1,0.904
E_02449,BUS_007,PASS_02_007_02,SEG_145,2026-09-19T09:00:05.500000,2026-09-19T09:00:06.900000,2026-09-19T09:00:08.300000,9.84967976069539,76.21247845477231,BROKEN_PATCH,2,1,0.828
E_02450,BUS_007,PASS_02_007_02,SEG_146,2026-09-19T09:00:07.800000,2026-09-19T09:00:08.400000,2026-09-19T09:00:09,9.849649118028694,76.2107718705873,SPEED_BREAKER,3,1,0.838
E_02451,BUS_007,PASS_02_007_02,SEG_147,2026-09-19T09:00:08.200000,2026-09-19T09:00:08.800000,2026-09-19T09:00:09.400000,9.84966003904901,76.20940562805002,SPEED_BREAKER,3,1,0.821
E_02452,BUS_007,PASS_02_007_02,SEG_148,2026-09-19T09:00:09.800000,2026-09-19T09:00:10.300000,2026-09-19T09:00:10.800000,9.849524550126796,76.2082427474205,SPEED_BREAKER,5,1,0.925
E_02453,BUS_007,PASS_02_007_02,SEG_150,2026-09-19T09:00:09.700000,2026-09-19T09:00:10.300000,2026-09-19T09:00:10.900000,9.850590982959034,76.20638563860528,SPEED_BREAKER,2,1,0.802
E_02454,BUS_007,PASS_02_007_02,SEG_152,2026-09-19T09:00:09.600000,2026-09-19T09:00:10.100000,2026-09-19T09:00:10.600000,9.852359838520929,76.20470728306552,SPEED_BREAKER,2,1,0.825
E_02455,BUS_007,PASS_02_007_02,SEG_154,2026-09-19T09:00:08.800000,2026-09-19T09:00:09.400000,2026-09-19T09:00:10,9.853836928537199,76.20328862489163,SPEED_BREAKER,4,1,0.858
E_02456,BUS_007,PASS_02_007_02,SEG_157,2026-09-19T09:00:08,2026-09-19T09:00:08.600000,2026-09-19T09:00:09.200000,9.85657414452871,76.20093753969373,SPEED_BREAKER,5,1,0.955
E_02457,BUS_008,PASS_02_008_01,SEG_023,2026-09-19T06:40:05.500000,2026-09-19T06:40:06,2026-09-19T06:40:06.500000,9.94665154849746,76.28025170082627,SPEED_BREAKER,5,1,0.926
E_02458,BUS_008,PASS_02_008_01,SEG_024,2026-09-19T06:40:04.100000,2026-09-19T06:40:04.600000,2026-09-19T06:40:05.100000,9.945796951112934,76.27920846972141,SPEED_BREAKER,3,1,0.901
E_02459,BUS_008,PASS_02_008_01,SEG_025,2026-09-19T06:40:02,2026-09-19T06:40:02.500000,2026-09-19T06:40:03,9.94545157435281,76.27851483205374,SPEED_BREAKER,1,1,0.763
E_02460,BUS_008,PASS_02_008_01,SEG_029,2026-09-19T06:40:04,2026-09-19T06:40:04.500000,2026-09-19T06:40:05,9.943423532892057,76.27440001383208,SPEED_BREAKER,3,1,0.868
E_02461,BUS_008,PASS_02_008_01,SEG_033,2026-09-19T06:40:03.500000,2026-09-19T06:40:04,2026-09-19T06:40:04.500000,9.940234175988918,76.27108356559168,SPEED_BREAKER,2,1,0.775
E_02462,BUS_008,PASS_02_008_01,SEG_035,2026-09-19T06:40:03.300000,2026-09-19T06:40:03.800000,2026-09-19T06:40:04.300000,9.938522139868494,76.26961692924989,SPEED_BREAKER,1,1,0.737
E_02463,BUS_008,PASS_02_008_01,SEG_037,2026-09-19T06:40:03.100000,2026-09-19T06:40:03.600000,2026-09-19T06:40:04.100000,9.936856375687325,76.26805935918988,POTHOLE,5,1,0.907
E_02464,BUS_008,PASS_02_008_01,SEG_038,2026-09-19T06:40:04,2026-09-19T06:40:04.500000,2026-09-19T06:40:05,9.936388923561468,76.267393601948,POTHOLE,5,1,0.961
E_02465,BUS_008,PASS_02_008_01,SEG_040,2026-09-19T06:40:05.400000,2026-09-19T06:40:05.900000,2026-09-19T06:40:06.400000,9.935788397890203,76.26492689088221,POTHOLE,4,1,0.903
E_02466,BUS_008,PASS_02_008_01,SEG_041,2026-09-19T06:40:08.100000,2026-09-19T06:40:08.600000,2026-09-19T06:40:09.100000,9.935564255921152,76.26323949356903,POTHOLE,3,1,0.802
E_02467,BUS_008,PASS_02_008_01,SEG_044,2026-09-19T06:40:02.900000,2026-09-19T06:40:03.400000,2026-09-19T06:40:03.900000,9.934708556605484,76.26016065418145,POTHOLE,2,1,0.771
E_02468,BUS_008,PASS_02_008_01,SEG_048,2026-09-19T06:40:06.300000,2026-09-19T06:40:09.900000,2026-09-19T06:40:13.500000,9.933712138263362,76.25608242374088,ROUGHNESS,3,1,0.867
E_02469,BUS_008,PASS_02_008_01,SEG_049,2026-09-19T06:40:04.500000,2026-09-19T06:40:07.400000,2026-09-19T06:40:10.300000,9.93340348850655,76.25520567126233,ROUGHNESS,3,1,0.875
E_02470,BUS_008,PASS_02_008_01,SEG_050,2026-09-19T06:40:09.900000,2026-09-19T06:40:10.400000,2026-09-19T06:40:10.900000,9.932881901645377,76.25403911281683,POTHOLE,1,1,0.742
E_02471,BUS_008,PASS_02_008_01,SEG_051,2026-09-19T06:40:05.900000,2026-09-19T06:40:06.400000,2026-09-19T06:40:06.900000,9.93236160594305,76.25316317770732,POTHOLE,1,1,0.737
E_02472,BUS_008,PASS_02_008_01,SEG_053,2026-09-19T06:40:09.400000,2026-09-19T06:40:09.900000,2026-09-19T06:40:10.400000,9.93114544542522,76.25071353077217,POTHOLE,1,1,0.821
E_02473,BUS_008,PASS_02_008_01,SEG_054,2026-09-19T06:40:04.900000,2026-09-19T06:40:05.400000,2026-09-19T06:40:05.900000,9.930811361386183,76.24992385455137,POTHOLE,4,1,0.933
E_02474,BUS_008,PASS_02_008_01,SEG_057,2026-09-19T06:40:08.200000,2026-09-19T06:40:08.700000,2026-09-19T06:40:09.200000,9.929122705928807,76.2473300751761,POTHOLE,1,1,0.774
E_02475,BUS_008,PASS_02_008_01,SEG_058,2026-09-19T06:40:05.300000,2026-09-19T06:40:09.200000,2026-09-19T06:40:13.100000,9.928454922400313,76.24643122787809,ROUGHNESS,5,1,0.892
E_02476,BUS_008,PASS_02_008_01,SEG_059,2026-09-19T06:40:03.400000,2026-09-19T06:40:07.100000,2026-09-19T06:40:10.800000,9.927543483509762,76.24553357656627,ROUGHNESS,4,1,0.863
E_02477,BUS_008,PASS_02_008_01,SEG_060,2026-09-19T06:40:06.600000,2026-09-19T06:40:10.500000,2026-09-19T06:40:14.400000,9.926413926748783,76.24471222944094,ROUGHNESS,2,1,0.746
E_02478,BUS_008,PASS_02_008_01,SEG_061,2026-09-19T06:40:04.200000,2026-09-19T06:40:04.700000,2026-09-19T06:40:05.200000,9.925736976613898,76.2440596768167,POTHOLE,2,1,0.788
E_02479,BUS_008,PASS_02_008_01,SEG_062,2026-09-19T06:40:05.100000,2026-09-19T06:40:05.600000,2026-09-19T06:40:06.100000,9.92506302280569,76.24364564032587,POTHOLE,1,1,0.794
E_02480,BUS_008,PASS_02_008_01,SEG_063,2026-09-19T06:40:06.600000,2026-09-19T06:40:10,2026-09-19T06:40:13.400000,9.924315448040652,76.24275007854183,ROUGHNESS,4,1,0.889
E_02481,BUS_008,PASS_02_008_01,SEG_064,2026-09-19T06:40:05.500000,2026-09-19T06:40:06,2026-09-19T06:40:06.500000,9.923822309726656,76.24222686148535,POTHOLE,4,1,0.92
E_02482,BUS_008,PASS_02_008_01,SEG_065,2026-09-19T06:40:06.800000,2026-09-19T06:40:07.200000,2026-09-19T06:40:07.600000,9.923151622223541,76.24151866755187,POTHOLE,5,1,0.932
E_02483,BUS_008,PASS_02_008_01,SEG_065,2026-09-19T06:40:04.700000,2026-09-19T06:40:05.700000,2026-09-19T06:40:06.700000,9.923220022699082,76.24156691448584,BROKEN_PATCH,4,1,0.869
E_02484,BUS_008,PASS_02_008_01,SEG_067,2026-09-19T06:40:09.600000,2026-09-19T06:40:10.100000,2026-09-19T06:40:10.600000,9.921240844877541,76.24017538114357,POTHOLE,1,1,0.754
E_02485,BUS_008,PASS_02_008_01,SEG_070,2026-09-19T06:40:08.200000,2026-09-19T06:40:08.700000,2026-09-19T06:40:09.200000,9.917341096005066,76.23847027831239,POTHOLE,1,1,0.692
E_02486,BUS_008,PASS_02_008_01,SEG_071,2026-09-19T06:40:09.900000,2026-09-19T06:40:11.300000,2026-09-19T06:40:12.700000,9.916082020059527,76.23756699278275,BROKEN_PATCH,5,1,0.869
E_02487,BUS_008,PASS_02_008_01,SEG_076,2026-09-19T06:40:05.800000,2026-09-19T06:40:06.800000,2026-09-19T06:40:07.800000,9.911254644774136,76.23532890844099,BROKEN_PATCH,4,1,0.909
E_02488,BUS_008,PASS_02_008_01,SEG_087,2026-09-19T06:40:07.700000,2026-09-19T06:40:08.200000,2026-09-19T06:40:08.700000,9.89978555661449,76.23779743692126,SPEED_BREAKER,2,1,0.841
E_02489,BUS_008,PASS_02_008_01,SEG_094,2026-09-19T06:40:09,2026-09-19T06:40:09.600000,2026-09-19T06:40:10.200000,9.890891271048798,76.23868115283372,SPEED_BREAKER,5,1,0.97
E_02490,BUS_008,PASS_02_008_01,SEG_095,2026-09-19T06:40:08,2026-09-19T06:40:08.600000,2026-09-19T06:40:09.200000,9.889486533657248,76.23851724522848,SPEED_BREAKER,4,1,0.913
E_02491,BUS_008,PASS_02_008_01,SEG_101,2026-09-19T06:40:05.600000,2026-09-19T06:40:09.500000,2026-09-19T06:40:13.400000,9.88254909681226,76.23835848506172,ROUGHNESS,4,1,0.89
E_02492,BUS_008,PASS_02_008_01,SEG_105,2026-09-19T06:40:10.700000,2026-09-19T06:40:11.300000,2026-09-19T06:40:11.900000,9.877896443185255,76.23876010871594,SPEED_BREAKER,1,1,0.803
E_02493,BUS_008,PASS_02_008_01,SEG_107,2026-09-19T06:40:09.400000,2026-09-19T06:40:09.900000,2026-09-19T06:40:10.400000,9.875438425603258,76.2397906173704,POTHOLE,2,1,0.774
E_02494,BUS_008,PASS_02_008_01,SEG_108,2026-09-19T06:40:06.600000,2026-09-19T06:40:07.100000,2026-09-19T06:40:07.600000,9.874399912858406,76.23987208036888,POTHOLE,2,1,0.777
E_02495,BUS_008,PASS_02_008_01,SEG_109,2026-09-19T06:40:04.800000,2026-09-19T06:40:08.700000,2026-09-19T06:40:12.600000,9.873570698065262,76.24027372025222,ROUGHNESS,4,1,0.901
E_02496,BUS_008,PASS_02_008_01,SEG_111,2026-09-19T06:40:09.700000,2026-09-19T06:40:10.200000,2026-09-19T06:40:10.700000,9.870919209417018,76.24067599970638,POTHOLE,3,1,0.834
E_02497,BUS_008,PASS_02_008_01,SEG_112,2026-09-19T06:40:03.600000,2026-09-19T06:40:07.300000,2026-09-19T06:40:11,9.869892612330563,76.24081068892103,ROUGHNESS,4,1,0.918
E_02498,BUS_008,PASS_02_008_01,SEG_113,2026-09-19T06:40:07.500000,2026-09-19T06:40:08,2026-09-19T06:40:08.500000,9.869043953588042,76.24021654985702,POTHOLE,2,1,0.825
E_02499,BUS_008,PASS_02_008_01,SEG_114,2026-09-19T06:40:06.700000,2026-09-19T06:40:07.200000,2026-09-19T06:40:07.700000,9.868243813029226,76.23958750715003,POTHOLE,1,1,0.741
E_02500,BUS_008,PASS_02_008_01,SEG_115,2026-09-19T06:40:03.900000,2026-09-19T06:40:07.800000,2026-09-19T06:40:11.700000,9.867032707565281,76.23910138849143,ROUGHNESS,2,1,0.876
E_02501,BUS_008,PASS_02_008_01,SEG_116,2026-09-19T06:40:07,2026-09-19T06:40:10.900000,2026-09-19T06:40:14.800000,9.865514148428087,76.2380075581632,ROUGHNESS,2,1,0.823
E_02502,BUS_008,PASS_02_008_01,SEG_117,2026-09-19T06:40:07.900000,2026-09-19T06:40:08.400000,2026-09-19T06:40:08.900000,9.864708668484088,76.23731548749343,POTHOLE,3,1,0.864
E_02503,BUS_008,PASS_02_008_01,SEG_118,2026-09-19T06:40:08.800000,2026-09-19T06:40:09.300000,2026-09-19T06:40:09.800000,9.863799803857233,76.23650952867,POTHOLE,5,1,0.949
E_02504,BUS_008,PASS_02_008_01,SEG_119,2026-09-19T06:40:05.800000,2026-09-19T06:40:09.700000,2026-09-19T06:40:13.600000,9.86287727197306,76.23575540263927,ROUGHNESS,4,1,0.969
E_02505,BUS_008,PASS_02_008_01,SEG_121,2026-09-19T06:40:04.400000,2026-09-19T06:40:08.300000,2026-09-19T06:40:12.200000,9.861408457344044,76.23429349768686,ROUGHNESS,1,1,0.837
E_02506,BUS_008,PASS_02_008_01,SEG_122,2026-09-19T06:40:08.500000,2026-09-19T06:40:09,2026-09-19T06:40:09.500000,9.860251523367005,76.2335651275198,POTHOLE,2,1,0.854
E_02507,BUS_008,PASS_02_008_01,SEG_123,2026-09-19T06:40:05.100000,2026-09-19T06:40:05.900000,2026-09-19T06:40:06.600000,9.859499383540143,76.23297128742661,BROKEN_PATCH,1,1,0.759
E_02508,BUS_008,PASS_02_008_01,SEG_123,2026-09-19T06:40:06.700000,2026-09-19T06:40:10.600000,2026-09-19T06:40:14.500000,9.85919983232866,76.23276901189203,ROUGHNESS,4,1,0.825
E_02509,BUS_008,PASS_02_008_01,SEG_124,2026-09-19T06:40:06.500000,2026-09-19T06:40:10.400000,2026-09-19T06:40:14.300000,9.858240863919187,76.2320534215719,ROUGHNESS,1,1,0.709
E_02510,BUS_008,PASS_02_008_01,SEG_125,2026-09-19T06:40:02.500000,2026-09-19T06:40:06.400000,2026-09-19T06:40:10.300000,9.85757792351912,76.23151151085365,ROUGHNESS,5,1,0.913
E_02511,BUS_008,PASS_02_008_01,SEG_132,2026-09-19T06:40:06.900000,2026-09-19T06:40:08.300000,2026-09-19T06:40:09.700000,9.853396949188157,76.22511297605912,BROKEN_PATCH,3,1,0.859
E_02512,BUS_008,PASS_02_008_01,SEG_139,2026-09-19T06:40:06.400000,2026-09-19T06:40:07.500000,2026-09-19T06:40:08.600000,9.850849898854598,76.21817367767684,BROKEN_PATCH,5,1,0.878
E_02513,BUS_008,PASS_02_008_01,SEG_141,2026-09-19T06:40:05.100000,2026-09-19T06:40:06.300000,2026-09-19T06:40:07.500000,9.850269035272456,76.21619425560878,BROKEN_PATCH,1,1,0.801
E_02514,BUS_008,PASS_02_008_01,SEG_143,2026-09-19T06:40:03.300000,2026-09-19T06:40:04.200000,2026-09-19T06:40:05.100000,9.849829985552054,76.21438201165908,BROKEN_PATCH,5,1,0.968
E_02515,BUS_008,PASS_02_008_01,SEG_144,2026-09-19T06:40:05.300000,2026-09-19T06:40:06.300000,2026-09-19T06:40:07.300000,9.849783826219383,76.21340419056551,BROKEN_PATCH,5,1,0.954
E_02516,BUS_008,PASS_02_008_01,SEG_145,2026-09-19T06:40:09.600000,2026-09-19T06:40:11,2026-09-19T06:40:12.400000,9.849761645230652,76.21199239293857,BROKEN_PATCH,1,1,0.745
E_02517,BUS_008,PASS_02_008_01,SEG_146,2026-09-19T06:40:07.600000,2026-09-19T06:40:08.200000,2026-09-19T06:40:08.800000,9.84971215368476,76.21082197485659,SPEED_BREAKER,1,1,0.806
E_02518,BUS_008,PASS_02_008_01,SEG_148,2026-09-19T06:40:06.400000,2026-09-19T06:40:06.900000,2026-09-19T06:40:07.400000,9.849487096465271,76.20819199285722,SPEED_BREAKER,1,1,0.765
E_02519,BUS_008,PASS_02_008_01,SEG_149,2026-09-19T06:40:07.900000,2026-09-19T06:40:08.500000,2026-09-19T06:40:09.100000,9.849723587860302,76.20734225027235,SPEED_BREAKER,3,1,0.859
E_02520,BUS_008,PASS_02_008_01,SEG_152,2026-09-19T06:40:06.400000,2026-09-19T06:40:06.900000,2026-09-19T06:40:07.400000,9.85246387013815,76.20477906018114,SPEED_BREAKER,1,1,0.77
E_02521,BUS_008,PASS_02_008_01,SEG_157,2026-09-19T06:40:07.500000,2026-09-19T06:40:08.100000,2026-09-19T06:40:08.700000,9.856577640602733,76.20099334918362,SPEED_BREAKER,5,1,0.947
E_02522,BUS_008,PASS_02_008_02,SEG_023,2026-09-19T09:10:09.700000,2026-09-19T09:10:10.200000,2026-09-19T09:10:10.700000,9.9466131868369,76.28000158758188,SPEED_BREAKER,4,1,0.929
E_02523,BUS_008,PASS_02_008_02,SEG_025,2026-09-19T09:10:03.500000,2026-09-19T09:10:04,2026-09-19T09:10:04.500000,9.945523238532909,76.27842463378519,SPEED_BREAKER,3,1,0.821
E_02524,BUS_008,PASS_02_008_02,SEG_026,2026-09-19T09:10:03,2026-09-19T09:10:03.500000,2026-09-19T09:10:04,9.945147768020252,76.27765337066555,SPEED_BREAKER,2,1,0.845
E_02525,BUS_008,PASS_02_008_02,SEG_029,2026-09-19T09:10:06.800000,2026-09-19T09:10:07.300000,2026-09-19T09:10:07.800000,9.943305720050416,76.27423311784909,SPEED_BREAKER,3,1,0.86
E_02526,BUS_008,PASS_02_008_02,SEG_033,2026-09-19T09:10:05.800000,2026-09-19T09:10:06.300000,2026-09-19T09:10:06.800000,9.940179258617006,76.2711483085101,SPEED_BREAKER,1,1,0.776
E_02527,BUS_008,PASS_02_008_02,SEG_035,2026-09-19T09:10:07.800000,2026-09-19T09:10:08.300000,2026-09-19T09:10:08.800000,9.938203780578428,76.26940359919453,SPEED_BREAKER,5,1,0.952
E_02528,BUS_008,PASS_02_008_02,SEG_036,2026-09-19T09:10:07.200000,2026-09-19T09:10:07.700000,2026-09-19T09:10:08.200000,9.93736500493107,76.26868042731878,POTHOLE,4,1,0.913
E_02529,BUS_008,PASS_02_008_02,SEG_038,2026-09-19T09:10:04.200000,2026-09-19T09:10:04.700000,2026-09-19T09:10:05.200000,9.936231154593408,76.26748638560849,POTHOLE,1,1,0.7
E_02530,BUS_008,PASS_02_008_02,SEG_040,2026-09-19T09:10:09.400000,2026-09-19T09:10:09.900000,2026-09-19T09:10:10.400000,9.935740582494235,76.26470112661849,POTHOLE,2,1,0.851
E_02531,BUS_008,PASS_02_008_02,SEG_041,2026-09-19T09:10:05.800000,2026-09-19T09:10:06.300000,2026-09-19T09:10:06.800000,9.935483247792208,76.26340987234839,POTHOLE,3,1,0.849
E_02532,BUS_008,PASS_02_008_02,SEG_042,2026-09-19T09:10:03,2026-09-19T09:10:03.500000,2026-09-19T09:10:04,9.935211827997765,76.26239116278214,POTHOLE,4,1,0.967
E_02533,BUS_008,PASS_02_008_02,SEG_043,2026-09-19T09:10:08.400000,2026-09-19T09:10:08.900000,2026-09-19T09:10:09.400000,9.934855679029061,76.26131563303845,POTHOLE,1,1,0.774
E_02534,BUS_008,PASS_02_008_02,SEG_044,2026-09-19T09:10:04.900000,2026-09-19T09:10:05.400000,2026-09-19T09:10:05.900000,9.934685575949224,76.2601127848213,POTHOLE,1,1,0.738
E_02535,BUS_008,PASS_02_008_02,SEG_046,2026-09-19T09:10:10.200000,2026-09-19T09:10:10.700000,2026-09-19T09:10:11.200000,9.934189070082876,76.25811602198512,POTHOLE,5,1,0.905
E_02536,BUS_008,PASS_02_008_02,SEG_049,2026-09-19T09:10:05.800000,2026-09-19T09:10:06.300000,2026-09-19T09:10:06.800000,9.933457816019411,76.25541279978214,POTHOLE,2,1,0.813
E_02537,BUS_008,PASS_02_008_02,SEG_050,2026-09-19T09:10:06.600000,2026-09-19T09:10:07.100000,2026-09-19T09:10:07.600000,9.933094546509313,76.25434907988502,POTHOLE,4,1,0.946
E_02538,BUS_008,PASS_02_008_02,SEG_053,2026-09-19T09:10:09,2026-09-19T09:10:09.500000,2026-09-19T09:10:10,9.931123434993038,76.2508913502869,POTHOLE,5,1,0.97
E_02539,BUS_008,PASS_02_008_02,SEG_054,2026-09-19T09:10:06.200000,2026-09-19T09:10:09.800000,2026-09-19T09:10:13.400000,9.930786126805714,76.24982337179273,ROUGHNESS,5,1,0.933
E_02540,BUS_008,PASS_02_008_02,SEG_057,2026-09-19T09:10:10.100000,2026-09-19T09:10:10.600000,2026-09-19T09:10:11.100000,9.929040546884483,76.24709481726352,POTHOLE,2,1,0.839
E_02541,BUS_008,PASS_02_008_02,SEG_058,2026-09-19T09:10:05.800000,2026-09-19T09:10:09.700000,2026-09-19T09:10:13.600000,9.928365955897112,76.24641100921828,ROUGHNESS,4,1,0.896
E_02542,BUS_008,PASS_02_008_02,SEG_060,2026-09-19T09:10:06.800000,2026-09-19T09:10:10.700000,2026-09-19T09:10:14.600000,9.92641532467084,76.24471526096913,ROUGHNESS,2,1,0.82
E_02543,BUS_008,PASS_02_008_02,SEG_063,2026-09-19T09:10:06.600000,2026-09-19T09:10:10.500000,2026-09-19T09:10:14.400000,9.92424804182028,76.24277693880897,ROUGHNESS,3,1,0.884
E_02544,BUS_008,PASS_02_008_02,SEG_064,2026-09-19T09:10:06,2026-09-19T09:10:06.500000,2026-09-19T09:10:07,9.923960324429988,76.24225646071747,POTHOLE,2,1,0.841
E_02545,BUS_008,PASS_02_008_02,SEG_067,2026-09-19T09:10:08.400000,2026-09-19T09:10:08.900000,2026-09-19T09:10:09.400000,9.921209443455528,76.24021785805061,POTHOLE,3,1,0.885
E_02546,BUS_008,PASS_02_008_02,SEG_068,2026-09-19T09:10:11,2026-09-19T09:10:11.500000,2026-09-19T09:10:12,9.919797387321376,76.23940454837206,POTHOLE,2,1,0.794
E_02547,BUS_008,PASS_02_008_02,SEG_070,2026-09-19T09:10:09.500000,2026-09-19T09:10:10,2026-09-19T09:10:10.500000,9.91726691107031,76.23843205043742,POTHOLE,4,1,0.859
E_02548,BUS_008,PASS_02_008_02,SEG_074,2026-09-19T09:10:06.800000,2026-09-19T09:10:08.200000,2026-09-19T09:10:09.600000,9.91366144783276,76.23529453561599,BROKEN_PATCH,1,1,0.798
E_02549,BUS_008,PASS_02_008_02,SEG_076,2026-09-19T09:10:05.600000,2026-09-19T09:10:06.800000,2026-09-19T09:10:08,9.911252707163122,76.23520849874853,BROKEN_PATCH,3,1,0.853
E_02550,BUS_008,PASS_02_008_02,SEG_078,2026-09-19T09:10:07.200000,2026-09-19T09:10:08.500000,2026-09-19T09:10:09.800000,9.909411790510788,76.23570535862122,BROKEN_PATCH,5,1,0.941
E_02551,BUS_008,PASS_02_008_02,SEG_081,2026-09-19T09:10:06.500000,2026-09-19T09:10:07.700000,2026-09-19T09:10:08.900000,9.906275730496116,76.23669926376695,BROKEN_PATCH,4,1,0.857
E_02552,BUS_008,PASS_02_008_02,SEG_089,2026-09-19T09:10:07,2026-09-19T09:10:07.600000,2026-09-19T09:10:08.200000,9.89783759693832,76.23819382351243,SPEED_BREAKER,5,1,0.97
E_02553,BUS_008,PASS_02_008_02,SEG_093,2026-09-19T09:10:10.200000,2026-09-19T09:10:10.800000,2026-09-19T09:10:11.400000,9.892120818399532,76.23870275896674,SPEED_BREAKER,4,1,0.929
E_02554,BUS_008,PASS_02_008_02,SEG_094,2026-09-19T09:10:10.400000,2026-09-19T09:10:11,2026-09-19T09:10:11.600000,9.890760430687706,76.23860143513987,SPEED_BREAKER,3,1,0.846
E_02555,BUS_008,PASS_02_008_02,SEG_098,2026-09-19T09:10:07,2026-09-19T09:10:07.600000,2026-09-19T09:10:08.200000,9.886416772969062,76.23839253800527,SPEED_BREAKER,5,1,0.913
E_02556,BUS_008,PASS_02_008_02,SEG_100,2026-09-19T09:10:07.700000,2026-09-19T09:10:08.300000,2026-09-19T09:10:08.900000,9.883872359986047,76.23841569303659,SPEED_BREAKER,3,1,0.854
E_02557,BUS_008,PASS_02_008_02,SEG_101,2026-09-19T09:10:03.600000,2026-09-19T09:10:07.400000,2026-09-19T09:10:11.200000,9.882551488042346,76.23837677547942,ROUGHNESS,1,1,0.749
E_02558,BUS_008,PASS_02_008_02,SEG_104,2026-09-19T09:10:09.900000,2026-09-19T09:10:10.500000,2026-09-19T09:10:11.100000,9.87910883805386,76.2385104439834,SPEED_BREAKER,4,1,0.859
E_02559,BUS_008,PASS_02_008_02,SEG_106,2026-09-19T09:10:07.300000,2026-09-19T09:10:11.200000,2026-09-19T09:10:15.100000,9.876538984469738,76.23923614944565,ROUGHNESS,4,1,0.937
E_02560,BUS_008,PASS_02_008_02,SEG_107,2026-09-19T09:10:05.800000,2026-09-19T09:10:09.700000,2026-09-19T09:10:13.600000,9.875344140628705,76.23968609225473,ROUGHNESS,1,1,0.765
E_02561,BUS_008,PASS_02_008_02,SEG_109,2026-09-19T09:10:07.200000,2026-09-19T09:10:11.100000,2026-09-19T09:10:15,9.87340089718488,76.24020157471776,ROUGHNESS,4,1,0.929
E_02562,BUS_008,PASS_02_008_02,SEG_110,2026-09-19T09:10:10.700000,2026-09-19T09:10:11.200000,2026-09-19T09:10:11.700000,9.872195309336961,76.24049326486734,POTHOLE,3,1,0.845
E_02563,BUS_008,PASS_02_008_02,SEG_111,2026-09-19T09:10:06,2026-09-19T09:10:06.500000,2026-09-19T09:10:07,9.871121402280478,76.24074832864981,POTHOLE,1,1,0.748
E_02564,BUS_008,PASS_02_008_02,SEG_112,2026-09-19T09:10:04.600000,2026-09-19T09:10:08.500000,2026-09-19T09:10:12.400000,9.869875195321857,76.24069728576444,ROUGHNESS,3,1,0.849
E_02565,BUS_008,PASS_02_008_02,SEG_113,2026-09-19T09:10:07,2026-09-19T09:10:07.500000,2026-09-19T09:10:08,9.869176553921081,76.24018739472426,POTHOLE,2,1,0.794
E_02566,BUS_008,PASS_02_008_02,SEG_114,2026-09-19T09:10:05.500000,2026-09-19T09:10:09.400000,2026-09-19T09:10:13.300000,9.867957186590084,76.23945832830223,ROUGHNESS,2,1,0.786
E_02567,BUS_008,PASS_02_008_02,SEG_115,2026-09-19T09:10:02.700000,2026-09-19T09:10:06.600000,2026-09-19T09:10:10.500000,9.867032846827223,76.23900987664398,ROUGHNESS,3,1,0.893
E_02568,BUS_008,PASS_02_008_02,SEG_116,2026-09-19T09:10:04,2026-09-19T09:10:07.900000,2026-09-19T09:10:11.800000,9.865826915284963,76.23817504024605,ROUGHNESS,5,1,0.923
E_02569,BUS_008,PASS_02_008_02,SEG_117,2026-09-19T09:10:11,2026-09-19T09:10:11.500000,2026-09-19T09:10:12,9.86450803225811,76.2371028700757,POTHOLE,4,1,0.916
E_02570,BUS_008,PASS_02_008_02,SEG_119,2026-09-19T09:10:04.100000,2026-09-19T09:10:08,2026-09-19T09:10:11.900000,9.863090153805897,76.23592979813583,ROUGHNESS,2,1,0.808
E_02571,BUS_008,PASS_02_008_02,SEG_121,2026-09-19T09:10:07.600000,2026-09-19T09:10:11.500000,2026-09-19T09:10:15.400000,9.860956123233203,76.23429004738787,ROUGHNESS,2,1,0.814
E_02572,BUS_008,PASS_02_008_02,SEG_122,2026-09-19T09:10:08.100000,2026-09-19T09:10:08.600000,2026-09-19T09:10:09.100000,9.860278600638413,76.23356379457702,POTHOLE,2,1,0.867
E_02573,BUS_008,PASS_02_008_02,SEG_123,2026-09-19T09:10:06.800000,2026-09-19T09:10:08.200000,2026-09-19T09:10:09.600000,9.859363419783321,76.23275646339053,BROKEN_PATCH,3,1,0.876
E_02574,BUS_008,PASS_02_008_02,SEG_124,2026-09-19T09:10:07.100000,2026-09-19T09:10:11,2026-09-19T09:10:14.900000,9.858218690944462,76.23199451214896,ROUGHNESS,3,1,0.783
E_02575,BUS_008,PASS_02_008_02,SEG_125,2026-09-19T09:10:02.500000,2026-09-19T09:10:06.400000,2026-09-19T09:10:10.300000,9.857639581022132,76.23153619506378,ROUGHNESS,4,1,0.928
E_02576,BUS_008,PASS_02_008_02,SEG_128,2026-09-19T09:10:05.800000,2026-09-19T09:10:07.200000,2026-09-19T09:10:08.600000,9.8554057318249,76.2292189547148,BROKEN_PATCH,2,1,0.801
E_02577,BUS_008,PASS_02_008_02,SEG_137,2026-09-19T09:10:06.100000,2026-09-19T09:10:07.500000,2026-09-19T09:10:08.900000,9.851681893328912,76.22004727199153,BROKEN_PATCH,1,1,0.719
E_02578,BUS_008,PASS_02_008_02,SEG_139,2026-09-19T09:10:05.200000,2026-09-19T09:10:06.500000,2026-09-19T09:10:07.800000,9.850940903234834,76.21826208659586,BROKEN_PATCH,5,1,0.917
E_02579,BUS_008,PASS_02_008_02,SEG_144,2026-09-19T09:10:07.300000,2026-09-19T09:10:08.400000,2026-09-19T09:10:09.500000,9.849815825723743,76.21337019386722,BROKEN_PATCH,5,1,0.933
E_02580,BUS_008,PASS_02_008_02,SEG_146,2026-09-19T09:10:10.100000,2026-09-19T09:10:10.700000,2026-09-19T09:10:11.300000,9.849719240628518,76.21059810912908,SPEED_BREAKER,5,1,0.922
E_02581,BUS_008,PASS_02_008_02,SEG_147,2026-09-19T09:10:09.100000,2026-09-19T09:10:09.700000,2026-09-19T09:10:10.300000,9.84956875570334,76.20926661598384,SPEED_BREAKER,5,1,0.97
E_02582,BUS_008,PASS_02_008_02,SEG_148,2026-09-19T09:10:09,2026-09-19T09:10:09.500000,2026-09-19T09:10:10,9.84942057688071,76.20820190115651,SPEED_BREAKER,2,1,0.784
E_02583,BUS_008,PASS_02_008_02,SEG_149,2026-09-19T09:10:06.300000,2026-09-19T09:10:06.900000,2026-09-19T09:10:07.500000,9.849754536230007,76.20745778584246,SPEED_BREAKER,5,1,0.942
E_02584,BUS_008,PASS_02_008_02,SEG_150,2026-09-19T09:10:06.500000,2026-09-19T09:10:07.100000,2026-09-19T09:10:07.700000,9.850514376166375,76.20648632289765,SPEED_BREAKER,5,1,0.906
E_02585,BUS_008,PASS_02_008_02,SEG_152,2026-09-19T09:10:08.200000,2026-09-19T09:10:08.700000,2026-09-19T09:10:09.200000,9.852270613762867,76.20474585113863,SPEED_BREAKER,3,1,0.875
E_02586,BUS_008,PASS_02_008_02,SEG_154,2026-09-19T09:10:10.600000,2026-09-19T09:10:11.200000,2026-09-19T09:10:11.800000,9.853857519597526,76.20310644470267,SPEED_BREAKER,4,1,0.923
E_02587,BUS_009,PASS_02_009_01,SEG_023,2026-09-19T06:51:04.300000,2026-09-19T06:51:04.800000,2026-09-19T06:51:05.300000,9.946765268093507,76.28072628994585,SPEED_BREAKER,5,1,0.946
E_02588,BUS_009,PASS_02_009_01,SEG_026,2026-09-19T06:51:02.700000,2026-09-19T06:51:03.200000,2026-09-19T06:51:03.700000,9.945051642450368,76.27771543177396,SPEED_BREAKER,3,1,0.802
E_02589,BUS_009,PASS_02_009_01,SEG_028,2026-09-19T06:51:05.500000,2026-09-19T06:51:06,2026-09-19T06:51:06.500000,9.944116180687576,76.27551001155697,SPEED_BREAKER,3,1,0.871
E_02590,BUS_009,PASS_02_009_01,SEG_029,2026-09-19T06:51:03.900000,2026-09-19T06:51:04.400000,2026-09-19T06:51:04.900000,9.943510092691653,76.27432140163275,SPEED_BREAKER,3,1,0.803
E_02591,BUS_009,PASS_02_009_01,SEG_033,2026-09-19T06:51:05.500000,2026-09-19T06:51:06,2026-09-19T06:51:06.500000,9.940098648017287,76.27074162957106,SPEED_BREAKER,2,1,0.738
E_02592,BUS_009,PASS_02_009_01,SEG_036,2026-09-19T06:51:03.800000,2026-09-19T06:51:04.300000,2026-09-19T06:51:04.800000,9.937580976062552,76.26868839657465,POTHOLE,3,1,0.892
E_02593,BUS_009,PASS_02_009_01,SEG_038,2026-09-19T06:51:03.400000,2026-09-19T06:51:03.900000,2026-09-19T06:51:04.400000,9.936251277194595,76.26718032023477,POTHOLE,1,1,0.762
E_02594,BUS_009,PASS_02_009_01,SEG_039,2026-09-19T06:51:03.300000,2026-09-19T06:51:03.800000,2026-09-19T06:51:04.300000,9.936031759255945,76.2662547780274,POTHOLE,5,1,0.941
E_02595,BUS_009,PASS_02_009_01,SEG_040,2026-09-19T06:51:04.100000,2026-09-19T06:51:04.600000,2026-09-19T06:51:05.100000,9.935792839367418,76.2649253254233,POTHOLE,2,1,0.748
E_02596,BUS_009,PASS_02_009_01,SEG_043,2026-09-19T06:51:05,2026-09-19T06:51:05.500000,2026-09-19T06:51:06,9.935056533603017,76.26134144401513,POTHOLE,4,1,0.959
E_02597,BUS_009,PASS_02_009_01,SEG_046,2026-09-19T06:51:08.300000,2026-09-19T06:51:08.800000,2026-09-19T06:51:09.300000,9.934213551274567,76.25812400864423,POTHOLE,1,1,0.789
E_02598,BUS_009,PASS_02_009_01,SEG_048,2026-09-19T06:51:03.100000,2026-09-19T06:51:06.200000,2026-09-19T06:51:09.300000,9.933729887209632,76.25623646427285,ROUGHNESS,1,1,0.74
E_02599,BUS_009,PASS_02_009_01,SEG_049,2026-09-19T06:51:04,2026-09-19T06:51:06.500000,2026-09-19T06:51:09,9.933416190528066,76.25520833149402,ROUGHNESS,3,1,0.86
E_02600,BUS_009,PASS_02_009_01,SEG_050,2026-09-19T06:51:06.900000,2026-09-19T06:51:07.100000,2026-09-19T06:51:07.200000,9.933026840894081,76.25426362423369,POTHOLE,2,1,0.804
E_02601,BUS_009,PASS_02_009_01,SEG_050,2026-09-19T06:51:07.300000,2026-09-19T06:51:11.200000,2026-09-19T06:51:15.100000,9.93279528722613,76.25400709119803,ROUGHNESS,4,1,0.881
E_02602,BUS_009,PASS_02_009_01,SEG_051,2026-09-19T06:51:06.100000,2026-09-19T06:51:06.600000,2026-09-19T06:51:07.100000,9.932254502328162,76.25304078195717,POTHOLE,3,1,0.871
E_02603,BUS_009,PASS_02_009_01,SEG_053,2026-09-19T06:51:05.400000,2026-09-19T06:51:05.900000,2026-09-19T06:51:06.400000,9.931164452930744,76.25088887876427,POTHOLE,2,1,0.878
E_02604,BUS_009,PASS_02_009_01,SEG_054,2026-09-19T06:51:05.300000,2026-09-19T06:51:05.800000,2026-09-19T06:51:06.300000,9.930726021657001,76.2499005466496,POTHOLE,2,1,0.82
E_02605,BUS_009,PASS_02_009_01,SEG_058,2026-09-19T06:51:10.800000,2026-09-19T06:51:11.300000,2026-09-19T06:51:11.800000,9.928227379295198,76.24629334618382,POTHOLE,4,1,0.898
E_02606,BUS_009,PASS_02_009_01,SEG_059,2026-09-19T06:51:05.100000,2026-09-19T06:51:08.500000,2026-09-19T06:51:11.900000,9.927388718734035,76.24555545092157,ROUGHNESS,5,1,0.935
E_02607,BUS_009,PASS_02_009_01,SEG_060,2026-09-19T06:51:03.900000,2026-09-19T06:51:07.700000,2026-09-19T06:51:11.500000,9.926544391065649,76.24489445527259,ROUGHNESS,2,1,0.817
E_02608,BUS_009,PASS_02_009_01,SEG_061,2026-09-19T06:51:05.900000,2026-09-19T06:51:06.400000,2026-09-19T06:51:06.900000,9.925634373220959,76.24411813347169,POTHOLE,2,1,0.832
E_02609,BUS_009,PASS_02_009_01,SEG_063,2026-09-19T06:51:08.600000,2026-09-19T06:51:09.100000,2026-09-19T06:51:09.600000,9.924283081557022,76.2428055701003,POTHOLE,1,1,0.717
E_02610,BUS_009,PASS_02_009_01,SEG_065,2026-09-19T06:51:03.300000,2026-09-19T06:51:04.200000,2026-09-19T06:51:05.100000,9.923380892978988,76.24158410959468,BROKEN_PATCH,3,1,0.826
E_02611,BUS_009,PASS_02_009_01,SEG_067,2026-09-19T06:51:09.100000,2026-09-19T06:51:09.600000,2026-09-19T06:51:10.100000,9.921188658823239,76.2401022603084,POTHOLE,2,1,0.729
E_02612,BUS_009,PASS_02_009_01,SEG_068,2026-09-19T06:51:07.900000,2026-09-19T06:51:08.400000,2026-09-19T06:51:08.900000,9.919971786396856,76.23957175066711,POTHOLE,4,1,0.846
E_02613,BUS_009,PASS_02_009_01,SEG_070,2026-09-19T06:51:08.200000,2026-09-19T06:51:08.700000,2026-09-19T06:51:09.200000,9.917270010060331,76.23838224529781,POTHOLE,2,1,0.763
E_02614,BUS_009,PASS_02_009_01,SEG_071,2026-09-19T06:51:10.100000,2026-09-19T06:51:11.500000,2026-09-19T06:51:12.900000,9.916147103150191,76.23740904527405,BROKEN_PATCH,2,1,0.788
E_02615,BUS_009,PASS_02_009_01,SEG_074,2026-09-19T06:51:07.400000,2026-09-19T06:51:08.500000,2026-09-19T06:51:09.600000,9.91356236388966,76.23523956302992,BROKEN_PATCH,3,1,0.847
E_02616,BUS_009,PASS_02_009_01,SEG_076,2026-09-19T06:51:05,2026-09-19T06:51:05.800000,2026-09-19T06:51:06.600000,9.911091642684083,76.23533891512679,BROKEN_PATCH,3,1,0.805
E_02617,BUS_009,PASS_02_009_01,SEG_078,2026-09-19T06:51:04.800000,2026-09-19T06:51:05.700000,2026-09-19T06:51:06.600000,9.9095193546769,76.2357333393523,BROKEN_PATCH,5,1,0.922
E_02618,BUS_009,PASS_02_009_01,SEG_081,2026-09-19T06:51:03.500000,2026-09-19T06:51:04.300000,2026-09-19T06:51:05.100000,9.90635714785372,76.23664149597882,BROKEN_PATCH,5,1,0.893
E_02619,BUS_009,PASS_02_009_01,SEG_087,2026-09-19T06:51:04.700000,2026-09-19T06:51:05.200000,2026-09-19T06:51:05.700000,9.899912280315203,76.2377257586468,SPEED_BREAKER,5,1,0.906
E_02620,BUS_009,PASS_02_009_01,SEG_089,2026-09-19T06:51:06.500000,2026-09-19T06:51:07.100000,2026-09-19T06:51:07.700000,9.897692115635937,76.23812298245988,SPEED_BREAKER,5,1,0.896
E_02621,BUS_009,PASS_02_009_01,SEG_093,2026-09-19T06:51:06.600000,2026-09-19T06:51:07.200000,2026-09-19T06:51:07.800000,9.89222304641996,76.23870551155171,SPEED_BREAKER,3,1,0.911
E_02622,BUS_009,PASS_02_009_01,SEG_095,2026-09-19T06:51:07.400000,2026-09-19T06:51:08,2026-09-19T06:51:08.600000,9.889345597111838,76.23852102389456,SPEED_BREAKER,1,1,0.691
E_02623,BUS_009,PASS_02_009_01,SEG_098,2026-09-19T06:51:10.100000,2026-09-19T06:51:10.700000,2026-09-19T06:51:11.300000,9.886210154953105,76.23824367230965,SPEED_BREAKER,3,1,0.897
E_02624,BUS_009,PASS_02_009_01,SEG_101,2026-09-19T06:51:07.700000,2026-09-19T06:51:11.600000,2026-09-19T06:51:15.500000,9.882235069138293,76.2384060381719,ROUGHNESS,5,1,0.97
E_02625,BUS_009,PASS_02_009_01,SEG_105,2026-09-19T06:51:07.500000,2026-09-19T06:51:08.100000,2026-09-19T06:51:08.700000,9.878086606837554,76.23874412023783,SPEED_BREAKER,1,1,0.776
E_02626,BUS_009,PASS_02_009_01,SEG_106,2026-09-19T06:51:04.400000,2026-09-19T06:51:08.300000,2026-09-19T06:51:12.200000,9.876923113408784,76.23905473044539,ROUGHNESS,4,1,0.914
E_02627,BUS_009,PASS_02_009_01,SEG_107,2026-09-19T06:51:06.100000,2026-09-19T06:51:10,2026-09-19T06:51:13.900000,9.875375548563143,76.23958307983709,ROUGHNESS,4,1,0.87
E_02628,BUS_009,PASS_02_009_01,SEG_108,2026-09-19T06:51:07.900000,2026-09-19T06:51:08.400000,2026-09-19T06:51:08.900000,9.874488936425088,76.23993270010364,POTHOLE,4,1,0.878
E_02629,BUS_009,PASS_02_009_01,SEG_109,2026-09-19T06:51:06.300000,2026-09-19T06:51:10.200000,2026-09-19T06:51:14.100000,9.873307433959704,76.24028782054145,ROUGHNESS,4,1,0.892
E_02630,BUS_009,PASS_02_009_01,SEG_110,2026-09-19T06:51:10.400000,2026-09-19T06:51:10.900000,2026-09-19T06:51:11.400000,9.872144290480126,76.24047160664152,POTHOLE,3,1,0.793
E_02631,BUS_009,PASS_02_009_01,SEG_112,2026-09-19T06:51:02.800000,2026-09-19T06:51:06.200000,2026-09-19T06:51:09.600000,9.869929464953866,76.2408096587629,ROUGHNESS,3,1,0.861
E_02632,BUS_009,PASS_02_009_01,SEG_113,2026-09-19T06:51:08.200000,2026-09-19T06:51:08.700000,2026-09-19T06:51:09.200000,9.869035281392765,76.24013796798187,POTHOLE,4,1,0.886
E_02633,BUS_009,PASS_02_009_01,SEG_115,2026-09-19T06:51:03.900000,2026-09-19T06:51:07.800000,2026-09-19T06:51:11.700000,9.867007944353006,76.2390871067207,ROUGHNESS,4,1,0.881
E_02634,BUS_009,PASS_02_009_01,SEG_116,2026-09-19T06:51:06,2026-09-19T06:51:09.900000,2026-09-19T06:51:13.800000,9.865481153869831,76.23796175672531,ROUGHNESS,4,1,0.896
E_02635,BUS_009,PASS_02_009_01,SEG_118,2026-09-19T06:51:06.900000,2026-09-19T06:51:07.400000,2026-09-19T06:51:07.900000,9.863993351189446,76.23659122368274,POTHOLE,4,1,0.871
E_02636,BUS_009,PASS_02_009_01,SEG_119,2026-09-19T06:51:05.700000,2026-09-19T06:51:09.600000,2026-09-19T06:51:13.500000,9.862940804812458,76.23577790383125,ROUGHNESS,5,1,0.933
E_02637,BUS_009,PASS_02_009_01,SEG_121,2026-09-19T06:51:10.800000,2026-09-19T06:51:11.100000,2026-09-19T06:51:11.300000,9.861066192498706,76.2341936339014,BROKEN_PATCH,5,1,0.918
E_02638,BUS_009,PASS_02_009_01,SEG_121,2026-09-19T06:51:02.900000,2026-09-19T06:51:06.800000,2026-09-19T06:51:10.700000,9.861346055056204,76.23452142584416,ROUGHNESS,5,1,0.97
E_02639,BUS_009,PASS_02_009_01,SEG_122,2026-09-19T06:51:05.800000,2026-09-19T06:51:06.300000,2026-09-19T06:51:06.800000,9.860379700887265,76.23363529574334,POTHOLE,2,1,0.79
E_02640,BUS_009,PASS_02_009_01,SEG_122,2026-09-19T06:51:09.400000,2026-09-19T06:51:10.800000,2026-09-19T06:51:12.200000,9.860118492103163,76.23348967338629,BROKEN_PATCH,5,1,0.935
E_02641,BUS_009,PASS_02_009_01,SEG_123,2026-09-19T06:51:05.300000,2026-09-19T06:51:09.200000,2026-09-19T06:51:13.100000,9.85925739097206,76.23276862118912,ROUGHNESS,1,1,0.79
E_02642,BUS_009,PASS_02_009_01,SEG_124,2026-09-19T06:51:05.600000,2026-09-19T06:51:09.500000,2026-09-19T06:51:13.400000,9.858322761301668,76.23211967205674,ROUGHNESS,1,1,0.779
E_02643,BUS_009,PASS_02_009_01,SEG_125,2026-09-19T06:51:05.600000,2026-09-19T06:51:09.500000,2026-09-19T06:51:13.400000,9.857440147536652,76.23143178407886,ROUGHNESS,2,1,0.802
E_02644,BUS_009,PASS_02_009_01,SEG_132,2026-09-19T06:51:06,2026-09-19T06:51:07.200000,2026-09-19T06:51:08.400000,9.853606726265236,76.22505922687772,BROKEN_PATCH,1,1,0.816
E_02645,BUS_009,PASS_02_009_01,SEG_133,2026-09-19T06:51:04.200000,2026-09-19T06:51:05.300000,2026-09-19T06:51:06.400000,9.853223347038853,76.22423014169696,BROKEN_PATCH,3,1,0.842
E_02646,BUS_009,PASS_02_009_01,SEG_136,2026-09-19T06:51:04.800000,2026-09-19T06:51:05.900000,2026-09-19T06:51:07,9.852028437402602,76.22134088369268,BROKEN_PATCH,5,1,0.941
E_02647,BUS_009,PASS_02_009_01,SEG_137,2026-09-19T06:51:09.100000,2026-09-19T06:51:10.500000,2026-09-19T06:51:11.900000,9.85153155253972,76.21994019472073,BROKEN_PATCH,4,1,0.908
E_02648,BUS_009,PASS_02_009_01,SEG_141,2026-09-19T06:51:06.300000,2026-09-19T06:51:07.400000,2026-09-19T06:51:08.500000,9.850272754812496,76.21612347208593,BROKEN_PATCH,3,1,0.889
E_02649,BUS_009,PASS_02_009_01,SEG_144,2026-09-19T06:51:03.600000,2026-09-19T06:51:04.500000,2026-09-19T06:51:05.400000,9.84967882004384,76.21353346448272,BROKEN_PATCH,5,1,0.97
E_02650,BUS_009,PASS_02_009_01,SEG_145,2026-09-19T06:51:07.200000,2026-09-19T06:51:08.600000,2026-09-19T06:51:10,9.849696201056178,76.21227386022781,BROKEN_PATCH,4,1,0.915
E_02651,BUS_009,PASS_02_009_01,SEG_146,2026-09-19T06:51:11,2026-09-19T06:51:11.600000,2026-09-19T06:51:12.200000,9.849838147415708,76.21065409660181,SPEED_BREAKER,2,1,0.796
E_02652,BUS_009,PASS_02_009_01,SEG_147,2026-09-19T06:51:07.100000,2026-09-19T06:51:07.700000,2026-09-19T06:51:08.300000,9.849624072281598,76.20939701867924,SPEED_BREAKER,3,1,0.825
E_02653,BUS_009,PASS_02_009_01,SEG_149,2026-09-19T06:51:06.200000,2026-09-19T06:51:06.700000,2026-09-19T06:51:07.200000,9.84961210918638,76.20742376596436,SPEED_BREAKER,3,1,0.857
E_02654,BUS_009,PASS_02_009_01,SEG_152,2026-09-19T06:51:04.200000,2026-09-19T06:51:04.700000,2026-09-19T06:51:05.200000,9.852304058397886,76.2049299782514,SPEED_BREAKER,5,1,0.97
E_02655,BUS_009,PASS_02_009_01,SEG_157,2026-09-19T06:51:10.200000,2026-09-19T06:51:10.800000,2026-09-19T06:51:11.400000,9.856757263645793,76.20080197646506,SPEED_BREAKER,1,1,0.695
E_02656,BUS_009,PASS_02_009_02,SEG_023,2026-09-19T09:21:06.500000,2026-09-19T09:21:07,2026-09-19T09:21:07.500000,9.94671629040841,76.28047236545565,SPEED_BREAKER,4,1,0.903
E_02657,BUS_009,PASS_02_009_02,SEG_024,2026-09-19T09:21:06.500000,2026-09-19T09:21:07,2026-09-19T09:21:07.500000,9.945758476388182,76.27921404315849,SPEED_BREAKER,3,1,0.851
E_02658,BUS_009,PASS_02_009_02,SEG_025,2026-09-19T09:21:04.100000,2026-09-19T09:21:04.600000,2026-09-19T09:21:05.100000,9.94550030298248,76.27844926952051,SPEED_BREAKER,3,1,0.856
E_02659,BUS_009,PASS_02_009_02,SEG_028,2026-09-19T09:21:06.200000,2026-09-19T09:21:06.700000,2026-09-19T09:21:07.200000,9.94415213588125,76.27555535493465,SPEED_BREAKER,4,1,0.847
E_02660,BUS_009,PASS_02_009_02,SEG_033,2026-09-19T09:21:08.200000,2026-09-19T09:21:08.700000,2026-09-19T09:21:09.200000,9.939955172284177,76.27082399092794,SPEED_BREAKER,5,1,0.932
E_02661,BUS_009,PASS_02_009_02,SEG_036,2026-09-19T09:21:06.800000,2026-09-19T09:21:07.300000,2026-09-19T09:21:07.800000,9.93755720478302,76.26870025038899,POTHOLE,3,1,0.805
E_02662,BUS_009,PASS_02_009_02,SEG_037,2026-09-19T09:21:04.500000,2026-09-19T09:21:05,2026-09-19T09:21:05.500000,9.936883515220567,76.26816984697398,POTHOLE,5,1,0.944
E_02663,BUS_009,PASS_02_009_02,SEG_038,2026-09-19T09:21:04.400000,2026-09-19T09:21:04.900000,2026-09-19T09:21:05.400000,9.936231767035197,76.26738005039813,POTHOLE,1,1,0.806
E_02664,BUS_009,PASS_02_009_02,SEG_039,2026-09-19T09:21:06.700000,2026-09-19T09:21:07.200000,2026-09-19T09:21:07.700000,9.936014323889845,76.26619280196935,POTHOLE,2,1,0.79
E_02665,BUS_009,PASS_02_009_02,SEG_040,2026-09-19T09:21:06.900000,2026-09-19T09:21:07.400000,2026-09-19T09:21:07.900000,9.935852309819339,76.26486101882874,POTHOLE,5,1,0.97
E_02666,BUS_009,PASS_02_009_02,SEG_042,2026-09-19T09:21:04.300000,2026-09-19T09:21:04.800000,2026-09-19T09:21:05.300000,9.935320350303481,76.26234166957185,POTHOLE,2,1,0.709
E_02667,BUS_009,PASS_02_009_02,SEG_046,2026-09-19T09:21:11.100000,2026-09-19T09:21:11.600000,2026-09-19T09:21:12.100000,9.93413852662273,76.25815025376544,POTHOLE,3,1,0.937
E_02668,BUS_009,PASS_02_009_02,SEG_048,2026-09-19T09:21:11.700000,2026-09-19T09:21:11.900000,2026-09-19T09:21:12,9.933684708346311,76.25600946085221,POTHOLE,4,1,0.869
E_02669,BUS_009,PASS_02_009_02,SEG_048,2026-09-19T09:21:03.800000,2026-09-19T09:21:07.700000,2026-09-19T09:21:11.600000,9.934013883267156,76.25616590435519,ROUGHNESS,4,1,0.845
E_02670,BUS_009,PASS_02_009_02,SEG_049,2026-09-19T09:21:05.800000,2026-09-19T09:21:09.300000,2026-09-19T09:21:12.800000,9.933517260136162,76.25519113833674,ROUGHNESS,3,1,0.844
E_02671,BUS_009,PASS_02_009_02,SEG_050,2026-09-19T09:21:06.100000,2026-09-19T09:21:10,2026-09-19T09:21:13.900000,9.932805617218152,76.25403187007986,ROUGHNESS,4,1,0.875
E_02672,BUS_009,PASS_02_009_02,SEG_051,2026-09-19T09:21:06.700000,2026-09-19T09:21:07.200000,2026-09-19T09:21:07.700000,9.932376073890056,76.25320636975258,POTHOLE,2,1,0.805
E_02673,BUS_009,PASS_02_009_02,SEG_053,2026-09-19T09:21:07,2026-09-19T09:21:10.900000,2026-09-19T09:21:14.800000,9.931028132511214,76.25060878459496,ROUGHNESS,1,1,0.68
E_02674,BUS_009,PASS_02_009_02,SEG_054,2026-09-19T09:21:06.600000,2026-09-19T09:21:07.100000,2026-09-19T09:21:07.600000,9.930689691956987,76.24986286346297,POTHOLE,2,1,0.784
E_02675,BUS_009,PASS_02_009_02,SEG_057,2026-09-19T09:21:06,2026-09-19T09:21:06.500000,2026-09-19T09:21:07,9.929140464286895,76.24737935548535,POTHOLE,2,1,0.747
E_02676,BUS_009,PASS_02_009_02,SEG_058,2026-09-19T09:21:04.400000,2026-09-19T09:21:08.300000,2026-09-19T09:21:12.200000,9.928382039745985,76.2465081724651,ROUGHNESS,3,1,0.886
E_02677,BUS_009,PASS_02_009_02,SEG_059,2026-09-19T09:21:07.600000,2026-09-19T09:21:11.500000,2026-09-19T09:21:15.400000,9.92725776745476,76.24541718136989,ROUGHNESS,1,1,0.748
E_02678,BUS_009,PASS_02_009_02,SEG_061,2026-09-19T09:21:06.900000,2026-09-19T09:21:07.400000,2026-09-19T09:21:07.900000,9.925612966288757,76.24405914017238,POTHOLE,3,1,0.847
E_02679,BUS_009,PASS_02_009_02,SEG_063,2026-09-19T09:21:04.800000,2026-09-19T09:21:08.400000,2026-09-19T09:21:12,9.924355181576622,76.2429263497152,ROUGHNESS,1,1,0.68
E_02680,BUS_009,PASS_02_009_02,SEG_064,2026-09-19T09:21:08,2026-09-19T09:21:08.500000,2026-09-19T09:21:09,9.923705427020408,76.24207895067457,POTHOLE,2,1,0.766
E_02681,BUS_009,PASS_02_009_02,SEG_065,2026-09-19T09:21:07.200000,2026-09-19T09:21:07.700000,2026-09-19T09:21:08.100000,9.92316889494548,76.24146432847166,POTHOLE,1,1,0.68
E_02682,BUS_009,PASS_02_009_02,SEG_065,2026-09-19T09:21:04.900000,2026-09-19T09:21:06,2026-09-19T09:21:07.100000,9.923199196680843,76.24144170766043,BROKEN_PATCH,2,1,0.763
E_02683,BUS_009,PASS_02_009_02,SEG_070,2026-09-19T09:21:08.300000,2026-09-19T09:21:08.800000,2026-09-19T09:21:09.300000,9.917456962549233,76.23841347936339,POTHOLE,2,1,0.883
E_02684,BUS_009,PASS_02_009_02,SEG_071,2026-09-19T09:21:06.600000,2026-09-19T09:21:08,2026-09-19T09:21:09.400000,9.916317635180492,76.23762004894526,BROKEN_PATCH,3,1,0.907
E_02685,BUS_009,PASS_02_009_02,SEG_074,2026-09-19T09:21:09.200000,2026-09-19T09:21:10.500000,2026-09-19T09:21:11.800000,9.913370899458714,76.23530789151606,BROKEN_PATCH,1,1,0.758
E_02686,BUS_009,PASS_02_009_02,SEG_076,2026-09-19T09:21:04.400000,2026-09-19T09:21:05.400000,2026-09-19T09:21:06.400000,9.911105148762218,76.23532488757142,BROKEN_PATCH,2,1,0.803
E_02687,BUS_009,PASS_02_009_02,SEG_087,2026-09-19T09:21:04.900000,2026-09-19T09:21:05.400000,2026-09-19T09:21:05.900000,9.900038897279071,76.23777354542395,SPEED_BREAKER,3,1,0.843
E_02688,BUS_009,PASS_02_009_02,SEG_089,2026-09-19T09:21:07.600000,2026-09-19T09:21:08.200000,2026-09-19T09:21:08.800000,9.897598063410516,76.23829377066437,SPEED_BREAKER,4,1,0.938
E_02689,BUS_009,PASS_02_009_02,SEG_094,2026-09-19T09:21:10.800000,2026-09-19T09:21:11.400000,2026-09-19T09:21:12,9.890756655264497,76.23857519810909,SPEED_BREAKER,3,1,0.833
E_02690,BUS_009,PASS_02_009_02,SEG_095,2026-09-19T09:21:07,2026-09-19T09:21:07.600000,2026-09-19T09:21:08.200000,9.88941923918507,76.23862704038028,SPEED_BREAKER,3,1,0.828
E_02691,BUS_009,PASS_02_009_02,SEG_098,2026-09-19T09:21:10,2026-09-19T09:21:10.600000,2026-09-19T09:21:11.200000,9.886126131149897,76.2383062257224,SPEED_BREAKER,1,1,0.722
E_02692,BUS_009,PASS_02_009_02,SEG_100,2026-09-19T09:21:06.900000,2026-09-19T09:21:07.500000,2026-09-19T09:21:08.100000,9.88392817093535,76.2383351013962,SPEED_BREAKER,3,1,0.827
E_02693,BUS_009,PASS_02_009_02,SEG_101,2026-09-19T09:21:03.100000,2026-09-19T09:21:07,2026-09-19T09:21:10.900000,9.882686959718077,76.23842767273756,ROUGHNESS,3,1,0.882
E_02694,BUS_009,PASS_02_009_02,SEG_104,2026-09-19T09:21:06.700000,2026-09-19T09:21:07.300000,2026-09-19T09:21:07.900000,9.879467991022965,76.23835370470675,SPEED_BREAKER,3,1,0.78
E_02695,BUS_009,PASS_02_009_02,SEG_105,2026-09-19T09:21:06.300000,2026-09-19T09:21:06.900000,2026-09-19T09:21:07.500000,9.878266021069583,76.23870094180859,SPEED_BREAKER,5,1,0.97
E_02696,BUS_009,PASS_02_009_02,SEG_107,2026-09-19T09:21:07.600000,2026-09-19T09:21:11.500000,2026-09-19T09:21:15.400000,9.875296104345212,76.23959256285912,ROUGHNESS,2,1,0.782
E_02697,BUS_009,PASS_02_009_02,SEG_108,2026-09-19T09:21:09.300000,2026-09-19T09:21:09.800000,2026-09-19T09:21:10.300000,9.874222590314142,76.2400015636868,POTHOLE,5,1,0.932
E_02698,BUS_009,PASS_02_009_02,SEG_109,2026-09-19T09:21:04.500000,2026-09-19T09:21:08.400000,2026-09-19T09:21:12.300000,9.87343346412942,76.2401120350553,ROUGHNESS,5,1,0.938
E_02699,BUS_009,PASS_02_009_02,SEG_110,2026-09-19T09:21:09.600000,2026-09-19T09:21:10.100000,2026-09-19T09:21:10.600000,9.872201474435752,76.24058850109127,POTHOLE,1,1,0.712
E_02700,BUS_009,PASS_02_009_02,SEG_111,2026-09-19T09:21:07,2026-09-19T09:21:07.500000,2026-09-19T09:21:08,9.871111378883725,76.24084185403959,POTHOLE,5,1,0.97
E_02701,BUS_009,PASS_02_009_02,SEG_112,2026-09-19T09:21:06.100000,2026-09-19T09:21:10,2026-09-19T09:21:13.900000,9.869938004133047,76.24061072501455,ROUGHNESS,3,1,0.839
E_02702,BUS_009,PASS_02_009_02,SEG_114,2026-09-19T09:21:06.300000,2026-09-19T09:21:06.800000,2026-09-19T09:21:07.300000,9.868114953930382,76.23961911976001,POTHOLE,3,1,0.9
E_02703,BUS_009,PASS_02_009_02,SEG_114,2026-09-19T09:21:07.700000,2026-09-19T09:21:11.600000,2026-09-19T09:21:15.500000,9.867953109368804,76.23952375950853,ROUGHNESS,2,1,0.825
E_02704,BUS_009,PASS_02_009_02,SEG_115,2026-09-19T09:21:05.900000,2026-09-19T09:21:06.400000,2026-09-19T09:21:06.900000,9.867102689802307,76.23909689737627,POTHOLE,4,1,0.919
E_02705,BUS_009,PASS_02_009_02,SEG_115,2026-09-19T09:21:07.600000,2026-09-19T09:21:11.500000,2026-09-19T09:21:15.400000,9.866655934921807,76.2388608583071,ROUGHNESS,1,1,0.681
E_02706,BUS_009,PASS_02_009_02,SEG_116,2026-09-19T09:21:04.100000,2026-09-19T09:21:08,2026-09-19T09:21:11.900000,9.865680299511002,76.2381232971595,ROUGHNESS,5,1,0.965
E_02707,BUS_009,PASS_02_009_02,SEG_117,2026-09-19T09:21:06,2026-09-19T09:21:06.500000,2026-09-19T09:21:07,9.86466930155422,76.23731193151909,POTHOLE,5,1,0.908
E_02708,BUS_009,PASS_02_009_02,SEG_118,2026-09-19T09:21:09.300000,2026-09-19T09:21:09.800000,2026-09-19T09:21:10.300000,9.863828056123635,76.23653986453121,POTHOLE,5,1,0.97
E_02709,BUS_009,PASS_02_009_02,SEG_121,2026-09-19T09:21:06.100000,2026-09-19T09:21:10,2026-09-19T09:21:13.900000,9.861120964565792,76.23420495418306,ROUGHNESS,5,1,0.919
E_02710,BUS_009,PASS_02_009_02,SEG_123,2026-09-19T09:21:11.100000,2026-09-19T09:21:11.400000,2026-09-19T09:21:11.600000,9.859113120806475,76.2326881151839,POTHOLE,4,1,0.933
E_02711,BUS_009,PASS_02_009_02,SEG_123,2026-09-19T09:21:03.200000,2026-09-19T09:21:07.100000,2026-09-19T09:21:11,9.859414029808145,76.23291360757236,ROUGHNESS,4,1,0.93
E_02712,BUS_009,PASS_02_009_02,SEG_124,2026-09-19T09:21:03.900000,2026-09-19T09:21:07.800000,2026-09-19T09:21:11.700000,9.858425958463943,76.23206914378633,ROUGHNESS,5,1,0.919
E_02713,BUS_009,PASS_02_009_02,SEG_125,2026-09-19T09:21:09,2026-09-19T09:21:09.500000,2026-09-19T09:21:10,9.85752212443237,76.23139837256059,POTHOLE,2,1,0.808
E_02714,BUS_009,PASS_02_009_02,SEG_128,2026-09-19T09:21:05.100000,2026-09-19T09:21:06.500000,2026-09-19T09:21:07.900000,9.855284618572412,76.22924077628959,BROKEN_PATCH,4,1,0.856
E_02715,BUS_009,PASS_02_009_02,SEG_133,2026-09-19T09:21:05,2026-09-19T09:21:06.200000,2026-09-19T09:21:07.400000,9.85315057356282,76.22434228095227,BROKEN_PATCH,4,1,0.939
E_02716,BUS_009,PASS_02_009_02,SEG_136,2026-09-19T09:21:08.300000,2026-09-19T09:21:09.500000,2026-09-19T09:21:10.700000,9.851907536235665,76.22109969685059,BROKEN_PATCH,4,1,0.893
E_02717,BUS_009,PASS_02_009_02,SEG_137,2026-09-19T09:21:06.300000,2026-09-19T09:21:07.700000,2026-09-19T09:21:09.100000,9.851715862216858,76.22018033088715,BROKEN_PATCH,3,1,0.801
E_02718,BUS_009,PASS_02_009_02,SEG_139,2026-09-19T09:21:04.300000,2026-09-19T09:21:05.400000,2026-09-19T09:21:06.500000,9.850926602331427,76.21823620841957,BROKEN_PATCH,5,1,0.947
E_02719,BUS_009,PASS_02_009_02,SEG_141,2026-09-19T09:21:04.800000,2026-09-19T09:21:06,2026-09-19T09:21:07.200000,9.850314752689675,76.21614621854697,BROKEN_PATCH,3,1,0.827
E_02720,BUS_009,PASS_02_009_02,SEG_143,2026-09-19T09:21:03.400000,2026-09-19T09:21:04.300000,2026-09-19T09:21:05.200000,9.849962519603272,76.2143804747147,BROKEN_PATCH,4,1,0.892
E_02721,BUS_009,PASS_02_009_02,SEG_144,2026-09-19T09:21:04.600000,2026-09-19T09:21:05.600000,2026-09-19T09:21:06.600000,9.84983547960727,76.21342492891581,BROKEN_PATCH,4,1,0.939
E_02722,BUS_009,PASS_02_009_02,SEG_145,2026-09-19T09:21:08.400000,2026-09-19T09:21:09.800000,2026-09-19T09:21:11.200000,9.849721097805618,76.21230206346779,BROKEN_PATCH,5,1,0.891
E_02723,BUS_009,PASS_02_009_02,SEG_147,2026-09-19T09:21:08.300000,2026-09-19T09:21:08.900000,2026-09-19T09:21:09.500000,9.849613771968942,76.20931928844394,SPEED_BREAKER,4,1,0.931
E_02724,BUS_009,PASS_02_009_02,SEG_149,2026-09-19T09:21:11,2026-09-19T09:21:11.600000,2026-09-19T09:21:12.200000,9.849985753756052,76.2071270578471,SPEED_BREAKER,2,1,0.77
E_02725,BUS_009,PASS_02_009_02,SEG_150,2026-09-19T09:21:09.400000,2026-09-19T09:21:10,2026-09-19T09:21:10.600000,9.85059930137705,76.20635103420682,SPEED_BREAKER,2,1,0.806
E_02726,BUS_009,PASS_02_009_02,SEG_154,2026-09-19T09:21:10.800000,2026-09-19T09:21:11.400000,2026-09-19T09:21:12,9.853841855423394,76.20319072758943,SPEED_BREAKER,3,1,0.862
E_02727,BUS_009,PASS_02_009_02,SEG_157,2026-09-19T09:21:09.800000,2026-09-19T09:21:10.400000,2026-09-19T09:21:11,9.856755148898369,76.20080005917306,SPEED_BREAKER,2,1,0.772
E_02728,BUS_010,PASS_02_010_01,SEG_023,2026-09-19T06:30:06,2026-09-19T06:30:06.500000,2026-09-19T06:30:07,9.94655676351205,76.28015661973026,SPEED_BREAKER,2,1,0.809
E_02729,BUS_010,PASS_02_010_01,SEG_024,2026-09-19T06:30:03.700000,2026-09-19T06:30:04.200000,2026-09-19T06:30:04.700000,9.945986593220159,76.27924346252868,SPEED_BREAKER,3,1,0.814
E_02730,BUS_010,PASS_02_010_01,SEG_025,2026-09-19T06:30:03.500000,2026-09-19T06:30:04,2026-09-19T06:30:04.500000,9.94541241261169,76.27841025458422,SPEED_BREAKER,1,1,0.731
E_02731,BUS_010,PASS_02_010_01,SEG_029,2026-09-19T06:30:05.300000,2026-09-19T06:30:05.800000,2026-09-19T06:30:06.300000,9.94336076083746,76.2741837287189,SPEED_BREAKER,5,1,0.955
E_02732,BUS_010,PASS_02_010_01,SEG_033,2026-09-19T06:30:05.900000,2026-09-19T06:30:06.400000,2026-09-19T06:30:06.900000,9.939965012066109,76.27086377180369,SPEED_BREAKER,3,1,0.826
E_02733,BUS_010,PASS_02_010_01,SEG_035,2026-09-19T06:30:04.400000,2026-09-19T06:30:04.900000,2026-09-19T06:30:05.400000,9.938340032393686,76.26955173585773,SPEED_BREAKER,4,1,0.917
E_02734,BUS_010,PASS_02_010_01,SEG_036,2026-09-19T06:30:04,2026-09-19T06:30:04.500000,2026-09-19T06:30:05,9.937705141049033,76.26874196966388,POTHOLE,4,1,0.906
E_02735,BUS_010,PASS_02_010_01,SEG_037,2026-09-19T06:30:04.200000,2026-09-19T06:30:04.700000,2026-09-19T06:30:05.200000,9.936639704329572,76.2679778890693,POTHOLE,3,1,0.874
E_02736,BUS_010,PASS_02_010_01,SEG_039,2026-09-19T06:30:05.500000,2026-09-19T06:30:06,2026-09-19T06:30:06.500000,9.935993437644166,76.26606128008164,POTHOLE,2,1,0.785
E_02737,BUS_010,PASS_02_010_01,SEG_040,2026-09-19T06:30:04.900000,2026-09-19T06:30:05.400000,2026-09-19T06:30:05.900000,9.935852611918458,76.26475290089766,POTHOLE,4,1,0.904
E_02738,BUS_010,PASS_02_010_01,SEG_041,2026-09-19T06:30:04.600000,2026-09-19T06:30:05.100000,2026-09-19T06:30:05.600000,9.935659775116871,76.26348163243816,POTHOLE,3,1,0.887
E_02739,BUS_010,PASS_02_010_01,SEG_042,2026-09-19T06:30:03.100000,2026-09-19T06:30:03.600000,2026-09-19T06:30:04.100000,9.935219680404838,76.26245457903076,POTHOLE,3,1,0.831
E_02740,BUS_010,PASS_02_010_01,SEG_043,2026-09-19T06:30:05.200000,2026-09-19T06:30:05.700000,2026-09-19T06:30:06.200000,9.935008504780477,76.26119951073441,POTHOLE,2,1,0.764
E_02741,BUS_010,PASS_02_010_01,SEG_044,2026-09-19T06:30:03.100000,2026-09-19T06:30:03.600000,2026-09-19T06:30:04.100000,9.934715350405916,76.26014288822458,POTHOLE,4,1,0.937
E_02742,BUS_010,PASS_02_010_01,SEG_046,2026-09-19T06:30:06.700000,2026-09-19T06:30:07.200000,2026-09-19T06:30:07.700000,9.934190912879187,76.25823629701944,POTHOLE,1,1,0.68
E_02743,BUS_010,PASS_02_010_01,SEG_048,2026-09-19T06:30:06.800000,2026-09-19T06:30:08.700000,2026-09-19T06:30:10.600000,9.933695438821404,76.25593671898922,ROUGHNESS,1,1,0.79
E_02744,BUS_010,PASS_02_010_01,SEG_049,2026-09-19T06:30:03.300000,2026-09-19T06:30:05.500000,2026-09-19T06:30:07.700000,9.933437431528777,76.25523912003166,ROUGHNESS,2,1,0.837
E_02745,BUS_010,PASS_02_010_01,SEG_050,2026-09-19T06:30:05,2026-09-19T06:30:08.900000,2026-09-19T06:30:12.800000,9.932920474832153,76.2540822372328,ROUGHNESS,5,1,0.956
E_02746,BUS_010,PASS_02_010_01,SEG_051,2026-09-19T06:30:05.100000,2026-09-19T06:30:05.600000,2026-09-19T06:30:06.100000,9.932152980931958,76.25316411667353,POTHOLE,1,1,0.758
E_02747,BUS_010,PASS_02_010_01,SEG_053,2026-09-19T06:30:02.500000,2026-09-19T06:30:05.500000,2026-09-19T06:30:08.500000,9.93116240859785,76.25100433703683,ROUGHNESS,5,1,0.97
E_02748,BUS_010,PASS_02_010_01,SEG_054,2026-09-19T06:30:01.900000,2026-09-19T06:30:04.100000,2026-09-19T06:30:06.300000,9.930789444878776,76.2499288219533,ROUGHNESS,1,1,0.739
E_02749,BUS_010,PASS_02_010_01,SEG_057,2026-09-19T06:30:04.800000,2026-09-19T06:30:05.300000,2026-09-19T06:30:05.800000,9.929133452424802,76.24728083105134,POTHOLE,5,1,0.929
E_02750,BUS_010,PASS_02_010_01,SEG_058,2026-09-19T06:30:11.100000,2026-09-19T06:30:11.200000,2026-09-19T06:30:11.300000,9.928100553445258,76.24626708903874,POTHOLE,2,1,0.858
E_02751,BUS_010,PASS_02_010_01,SEG_058,2026-09-19T06:30:03.600000,2026-09-19T06:30:07.300000,2026-09-19T06:30:11,9.928485152648433,76.24643276887004,ROUGHNESS,2,1,0.796
E_02752,BUS_010,PASS_02_010_01,SEG_059,2026-09-19T06:30:05.700000,2026-09-19T06:30:08.700000,2026-09-19T06:30:11.700000,9.92725129319294,76.24549250036773,ROUGHNESS,1,1,0.773
E_02753,BUS_010,PASS_02_010_01,SEG_060,2026-09-19T06:30:06.300000,2026-09-19T06:30:09.600000,2026-09-19T06:30:12.900000,9.926296613198833,76.24471180021486,ROUGHNESS,5,1,0.97
E_02754,BUS_010,PASS_02_010_01,SEG_062,2026-09-19T06:30:04.400000,2026-09-19T06:30:04.900000,2026-09-19T06:30:05.400000,9.925054917147332,76.24370296892785,POTHOLE,5,1,0.964
E_02755,BUS_010,PASS_02_010_01,SEG_063,2026-09-19T06:30:07.900000,2026-09-19T06:30:08.300000,2026-09-19T06:30:08.600000,9.924263072933638,76.24273768379881,POTHOLE,1,1,0.72
E_02756,BUS_010,PASS_02_010_01,SEG_063,2026-09-19T06:30:02.200000,2026-09-19T06:30:05,2026-09-19T06:30:07.800000,9.924449098566,76.24287999031543,ROUGHNESS,2,1,0.742
E_02757,BUS_010,PASS_02_010_01,SEG_065,2026-09-19T06:30:05.800000,2026-09-19T06:30:06.700000,2026-09-19T06:30:07.600000,9.92310435139339,76.24139964794213,BROKEN_PATCH,4,1,0.96
E_02758,BUS_010,PASS_02_010_01,SEG_067,2026-09-19T06:30:06,2026-09-19T06:30:06.500000,2026-09-19T06:30:07,9.921373546669072,76.24019679066078,POTHOLE,4,1,0.901
E_02759,BUS_010,PASS_02_010_01,SEG_068,2026-09-19T06:30:09.500000,2026-09-19T06:30:10,2026-09-19T06:30:10.500000,9.919934418033213,76.2393019507831,POTHOLE,5,1,0.97
E_02760,BUS_010,PASS_02_010_01,SEG_070,2026-09-19T06:30:09.100000,2026-09-19T06:30:09.600000,2026-09-19T06:30:10.100000,9.917239339260819,76.23867977102555,POTHOLE,3,1,0.863
E_02761,BUS_010,PASS_02_010_01,SEG_071,2026-09-19T06:30:08.700000,2026-09-19T06:30:10.100000,2026-09-19T06:30:11.500000,9.91618706731479,76.23749972363153,BROKEN_PATCH,3,1,0.884
E_02762,BUS_010,PASS_02_010_01,SEG_076,2026-09-19T06:30:04.500000,2026-09-19T06:30:05.400000,2026-09-19T06:30:06.300000,9.911303964642922,76.2353062108406,BROKEN_PATCH,2,1,0.782
E_02763,BUS_010,PASS_02_010_01,SEG_078,2026-09-19T06:30:04.500000,2026-09-19T06:30:05.600000,2026-09-19T06:30:06.700000,9.909467739984642,76.23569113201198,BROKEN_PATCH,4,1,0.863
E_02764,BUS_010,PASS_02_010_01,SEG_081,2026-09-19T06:30:05.800000,2026-09-19T06:30:06.900000,2026-09-19T06:30:08,9.906392184001234,76.23669341972642,BROKEN_PATCH,5,1,0.97
E_02765,BUS_010,PASS_02_010_01,SEG_089,2026-09-19T06:30:10.300000,2026-09-19T06:30:10.900000,2026-09-19T06:30:11.500000,9.897374385239605,76.23832188183916,SPEED_BREAKER,5,1,0.957
E_02766,BUS_010,PASS_02_010_01,SEG_093,2026-09-19T06:30:08.400000,2026-09-19T06:30:09,2026-09-19T06:30:09.600000,9.892241175732618,76.23868253158577,SPEED_BREAKER,2,1,0.831
E_02767,BUS_010,PASS_02_010_01,SEG_094,2026-09-19T06:30:07.100000,2026-09-19T06:30:07.700000,2026-09-19T06:30:08.300000,9.891183294147565,76.23862885087009,SPEED_BREAKER,5,1,0.97
E_02768,BUS_010,PASS_02_010_01,SEG_095,2026-09-19T06:30:07.600000,2026-09-19T06:30:08.200000,2026-09-19T06:30:08.800000,9.88959448096129,76.23849856423328,SPEED_BREAKER,5,1,0.958
E_02769,BUS_010,PASS_02_010_01,SEG_098,2026-09-19T06:30:06.600000,2026-09-19T06:30:07.200000,2026-09-19T06:30:07.800000,9.886373901070352,76.23834458845725,SPEED_BREAKER,1,1,0.776
E_02770,BUS_010,PASS_02_010_01,SEG_101,2026-09-19T06:30:05.600000,2026-09-19T06:30:08.700000,2026-09-19T06:30:11.800000,9.882438030511587,76.2384110044096,ROUGHNESS,4,1,0.902
E_02771,BUS_010,PASS_02_010_01,SEG_106,2026-09-19T06:30:05.600000,2026-09-19T06:30:09.500000,2026-09-19T06:30:13.400000,9.876746875317142,76.23919595922582,ROUGHNESS,5,1,0.899
E_02772,BUS_010,PASS_02_010_01,SEG_107,2026-09-19T06:30:03.800000,2026-09-19T06:30:07.700000,2026-09-19T06:30:11.600000,9.875427937734512,76.23951677584627,ROUGHNESS,2,1,0.803
E_02773,BUS_010,PASS_02_010_01,SEG_108,2026-09-19T06:30:05.100000,2026-09-19T06:30:05.600000,2026-09-19T06:30:06.100000,9.874412916486815,76.24005057699729,POTHOLE,4,1,0.864
E_02774,BUS_010,PASS_02_010_01,SEG_109,2026-09-19T06:30:07.400000,2026-09-19T06:30:11.100000,2026-09-19T06:30:14.800000,9.873261508547639,76.24026860651077,ROUGHNESS,4,1,0.854
E_02775,BUS_010,PASS_02_010_01,SEG_110,2026-09-19T06:30:08.800000,2026-09-19T06:30:09.300000,2026-09-19T06:30:09.800000,9.872275041796726,76.24038536917675,POTHOLE,4,1,0.877
E_02776,BUS_010,PASS_02_010_01,SEG_112,2026-09-19T06:30:06.500000,2026-09-19T06:30:07,2026-09-19T06:30:07.500000,9.869755700362255,76.24070866217556,POTHOLE,2,1,0.785
E_02777,BUS_010,PASS_02_010_01,SEG_113,2026-09-19T06:30:10.600000,2026-09-19T06:30:11.100000,2026-09-19T06:30:11.600000,9.86887011749941,76.24004385280655,POTHOLE,3,1,0.876
E_02778,BUS_010,PASS_02_010_01,SEG_114,2026-09-19T06:30:07.400000,2026-09-19T06:30:07.900000,2026-09-19T06:30:08.400000,9.8679128080071,76.23940867603453,POTHOLE,1,1,0.756
E_02779,BUS_010,PASS_02_010_01,SEG_115,2026-09-19T06:30:02.700000,2026-09-19T06:30:06.600000,2026-09-19T06:30:10.500000,9.867069729762779,76.23907460211149,ROUGHNESS,4,1,0.921
E_02780,BUS_010,PASS_02_010_01,SEG_117,2026-09-19T06:30:08.900000,2026-09-19T06:30:09.400000,2026-09-19T06:30:09.900000,9.864428937017928,76.23731867743885,POTHOLE,3,1,0.871
E_02781,BUS_010,PASS_02_010_01,SEG_118,2026-09-19T06:30:03.800000,2026-09-19T06:30:04.300000,2026-09-19T06:30:04.800000,9.863864832775684,76.23660079828069,POTHOLE,3,1,0.851
E_02782,BUS_010,PASS_02_010_01,SEG_119,2026-09-19T06:30:04.700000,2026-09-19T06:30:08.600000,2026-09-19T06:30:12.500000,9.862989556249788,76.23580690272945,ROUGHNESS,1,1,0.694
E_02783,BUS_010,PASS_02_010_01,SEG_121,2026-09-19T06:30:05.800000,2026-09-19T06:30:06.600000,2026-09-19T06:30:07.400000,9.861450279754227,76.2344396394879,BROKEN_PATCH,3,1,0.848
E_02784,BUS_010,PASS_02_010_01,SEG_121,2026-09-19T06:30:07.500000,2026-09-19T06:30:11.400000,2026-09-19T06:30:15.300000,9.860999323733978,76.23406192906967,ROUGHNESS,1,1,0.711
E_02785,BUS_010,PASS_02_010_01,SEG_122,2026-09-19T06:30:05.600000,2026-09-19T06:30:06.900000,2026-09-19T06:30:08.200000,9.860461287141039,76.23350470923407,BROKEN_PATCH,3,1,0.825
E_02786,BUS_010,PASS_02_010_01,SEG_123,2026-09-19T06:30:07.600000,2026-09-19T06:30:07.700000,2026-09-19T06:30:07.800000,9.859529670931547,76.23279110574919,POTHOLE,2,1,0.76
E_02787,BUS_010,PASS_02_010_01,SEG_123,2026-09-19T06:30:07.900000,2026-09-19T06:30:09.300000,2026-09-19T06:30:10.700000,9.859290840189125,76.23264148222566,BROKEN_PATCH,3,1,0.913
E_02788,BUS_010,PASS_02_010_01,SEG_124,2026-09-19T06:30:03,2026-09-19T06:30:06.900000,2026-09-19T06:30:10.800000,9.85846527165072,76.2321201475237,ROUGHNESS,2,1,0.727
E_02789,BUS_010,PASS_02_010_01,SEG_125,2026-09-19T06:30:04.600000,2026-09-19T06:30:07.900000,2026-09-19T06:30:11.200000,9.857525377408365,76.23138378145505,ROUGHNESS,4,1,0.856
E_02790,BUS_010,PASS_02_010_01,SEG_128,2026-09-19T06:30:07.600000,2026-09-19T06:30:08.700000,2026-09-19T06:30:09.800000,9.855156341597265,76.22884844598423,BROKEN_PATCH,3,1,0.819
E_02791,BUS_010,PASS_02_010_01,SEG_133,2026-09-19T06:30:07.900000,2026-09-19T06:30:08.900000,2026-09-19T06:30:09.900000,9.853060011415069,76.22408706848464,BROKEN_PATCH,1,1,0.741
E_02792,BUS_010,PASS_02_010_01,SEG_136,2026-09-19T06:30:07.700000,2026-09-19T06:30:08.800000,2026-09-19T06:30:09.900000,9.85191960631269,76.22120014272289,BROKEN_PATCH,2,1,0.775
E_02793,BUS_010,PASS_02_010_01,SEG_137,2026-09-19T06:30:05,2026-09-19T06:30:06.400000,2026-09-19T06:30:07.800000,9.851670459912684,76.22017238873639,BROKEN_PATCH,4,1,0.851
E_02794,BUS_010,PASS_02_010_01,SEG_139,2026-09-19T06:30:05.600000,2026-09-19T06:30:06.600000,2026-09-19T06:30:07.600000,9.850904073155204,76.21816103320052,BROKEN_PATCH,3,1,0.839
E_02795,BUS_010,PASS_02_010_01,SEG_141,2026-09-19T06:30:04.400000,2026-09-19T06:30:05.600000,2026-09-19T06:30:06.800000,9.85041320187279,76.21609396116362,BROKEN_PATCH,3,1,0.82
E_02796,BUS_010,PASS_02_010_01,SEG_143,2026-09-19T06:30:04.700000,2026-09-19T06:30:05.600000,2026-09-19T06:30:06.500000,9.84980659791626,76.21428710935135,BROKEN_PATCH,5,1,0.97
E_02797,BUS_010,PASS_02_010_01,SEG_144,2026-09-19T06:30:06.300000,2026-09-19T06:30:07.200000,2026-09-19T06:30:08.100000,9.849773062431863,76.21339323876975,BROKEN_PATCH,4,1,0.877
E_02798,BUS_010,PASS_02_010_01,SEG_145,2026-09-19T06:30:10.100000,2026-09-19T06:30:11.500000,2026-09-19T06:30:12.900000,9.849848792694122,76.21209467376941,BROKEN_PATCH,3,1,0.879
E_02799,BUS_010,PASS_02_010_01,SEG_146,2026-09-19T06:30:09.200000,2026-09-19T06:30:09.800000,2026-09-19T06:30:10.400000,9.849600833639002,76.21061321396083,SPEED_BREAKER,1,1,0.74
E_02800,BUS_010,PASS_02_010_01,SEG_147,2026-09-19T06:30:09.700000,2026-09-19T06:30:10.300000,2026-09-19T06:30:10.900000,9.849500327848352,76.20917068967577,SPEED_BREAKER,4,1,0.893
E_02801,BUS_010,PASS_02_010_01,SEG_150,2026-09-19T06:30:08.300000,2026-09-19T06:30:08.800000,2026-09-19T06:30:09.300000,9.850588117999212,76.20633619576392,SPEED_BREAKER,5,1,0.9
E_02802,BUS_010,PASS_02_010_01,SEG_154,2026-09-19T06:30:07.400000,2026-09-19T06:30:07.900000,2026-09-19T06:30:08.400000,9.853651362393562,76.20325192946142,SPEED_BREAKER,2,1,0.767
E_02803,BUS_010,PASS_02_010_02,SEG_157,2026-09-19T09:00:07.200000,2026-09-19T09:00:07.800000,2026-09-19T09:00:08.400000,9.856543395803005,76.2008780963234,SPEED_BREAKER,5,1,0.927
E_02804,BUS_010,PASS_02_010_02,SEG_154,2026-09-19T09:00:07.300000,2026-09-19T09:00:07.900000,2026-09-19T09:00:08.500000,9.853658784097183,76.2033075214042,SPEED_BREAKER,3,1,0.814
E_02805,BUS_010,PASS_02_010_02,SEG_152,2026-09-19T09:00:10.100000,2026-09-19T09:00:10.700000,2026-09-19T09:00:11.300000,9.852359320037836,76.20461537072843,SPEED_BREAKER,4,1,0.924
E_02806,BUS_010,PASS_02_010_02,SEG_150,2026-09-19T09:00:06.400000,2026-09-19T09:00:07,2026-09-19T09:00:07.600000,9.850551539840996,76.20641900842045,SPEED_BREAKER,5,1,0.958
E_02807,BUS_010,PASS_02_010_02,SEG_147,2026-09-19T09:00:05.800000,2026-09-19T09:00:06.400000,2026-09-19T09:00:07,9.849607600976515,76.20951862702576,SPEED_BREAKER,1,1,0.773
E_02808,BUS_010,PASS_02_010_02,SEG_146,2026-09-19T09:00:09.900000,2026-09-19T09:00:10.500000,2026-09-19T09:00:11.100000,9.849766866155642,76.21072027678375,SPEED_BREAKER,1,1,0.793
E_02809,BUS_010,PASS_02_010_02,SEG_145,2026-09-19T09:00:09.300000,2026-09-19T09:00:10.700000,2026-09-19T09:00:12.100000,9.849738405743414,76.21211697218956,BROKEN_PATCH,2,1,0.787
E_02810,BUS_010,PASS_02_010_02,SEG_144,2026-09-19T09:00:05.500000,2026-09-19T09:00:06.900000,2026-09-19T09:00:08.300000,9.849720173177035,76.21352135567355,BROKEN_PATCH,1,1,0.804
E_02811,BUS_010,PASS_02_010_02,SEG_143,2026-09-19T09:00:05.500000,2026-09-19T09:00:06.800000,2026-09-19T09:00:08.100000,9.84989430469306,76.21444322310133,BROKEN_PATCH,4,1,0.877
E_02812,BUS_010,PASS_02_010_02,SEG_141,2026-09-19T09:00:05,2026-09-19T09:00:06.400000,2026-09-19T09:00:07.800000,9.850279334206672,76.21630057248818,BROKEN_PATCH,2,1,0.816
E_02813,BUS_010,PASS_02_010_02,SEG_133,2026-09-19T09:00:09.700000,2026-09-19T09:00:11.100000,2026-09-19T09:00:12.500000,9.85293365770575,76.224123582885,BROKEN_PATCH,5,1,0.938
E_02814,BUS_010,PASS_02_010_02,SEG_128,2026-09-19T09:00:07.300000,2026-09-19T09:00:08.700000,2026-09-19T09:00:10.100000,9.855161986688742,76.22914914073749,BROKEN_PATCH,3,1,0.844
E_02815,BUS_010,PASS_02_010_02,SEG_125,2026-09-19T09:00:06.200000,2026-09-19T09:00:06.700000,2026-09-19T09:00:07.200000,9.857566386364228,76.2315653389139,POTHOLE,3,1,0.875
E_02816,BUS_010,PASS_02_010_02,SEG_125,2026-09-19T09:00:07.400000,2026-09-19T09:00:11.300000,2026-09-19T09:00:15.200000,9.85748683925502,76.23145367441711,ROUGHNESS,4,1,0.844
E_02817,BUS_010,PASS_02_010_02,SEG_124,2026-09-19T09:00:04,2026-09-19T09:00:07.900000,2026-09-19T09:00:11.800000,9.858351370544833,76.23211516926561,ROUGHNESS,2,1,0.752
E_02818,BUS_010,PASS_02_010_02,SEG_123,2026-09-19T09:00:08.700000,2026-09-19T09:00:10.100000,2026-09-19T09:00:11.500000,9.859265001717308,76.23275847588017,BROKEN_PATCH,1,1,0.785
E_02819,BUS_010,PASS_02_010_02,SEG_122,2026-09-19T09:00:09.900000,2026-09-19T09:00:10.400000,2026-09-19T09:00:10.900000,9.860127429454845,76.23343634633507,POTHOLE,3,1,0.879
E_02820,BUS_010,PASS_02_010_02,SEG_122,2026-09-19T09:00:06.700000,2026-09-19T09:00:08.100000,2026-09-19T09:00:09.500000,9.860352301558686,76.23363829610575,BROKEN_PATCH,4,1,0.9
E_02821,BUS_010,PASS_02_010_02,SEG_121,2026-09-19T09:00:05.400000,2026-09-19T09:00:06.800000,2026-09-19T09:00:08.200000,9.861392080814403,76.2344293839532,BROKEN_PATCH,5,1,0.97
E_02822,BUS_010,PASS_02_010_02,SEG_119,2026-09-19T09:00:05.500000,2026-09-19T09:00:09.400000,2026-09-19T09:00:13.300000,9.862996144373804,76.23586221418617,ROUGHNESS,5,1,0.97
E_02823,BUS_010,PASS_02_010_02,SEG_118,2026-09-19T09:00:10.500000,2026-09-19T09:00:11,2026-09-19T09:00:11.500000,9.86381761100803,76.23647763382898,POTHOLE,3,1,0.885
E_02824,BUS_010,PASS_02_010_02,SEG_117,2026-09-19T09:00:07.800000,2026-09-19T09:00:08.300000,2026-09-19T09:00:08.800000,9.864551075878751,76.23711717280078,POTHOLE,5,1,0.97
E_02825,BUS_010,PASS_02_010_02,SEG_116,2026-09-19T09:00:02.500000,2026-09-19T09:00:06.400000,2026-09-19T09:00:10.300000,9.8657085583186,76.23824195478993,ROUGHNESS,1,1,0.785
E_02826,BUS_010,PASS_02_010_02,SEG_115,2026-09-19T09:00:04.500000,2026-09-19T09:00:08.400000,2026-09-19T09:00:12.300000,9.866961819105013,76.23902343073878,ROUGHNESS,3,1,0.842
E_02827,BUS_010,PASS_02_010_02,SEG_113,2026-09-19T09:00:05.800000,2026-09-19T09:00:06.300000,2026-09-19T09:00:06.800000,9.869164668435646,76.24019017186737,POTHOLE,3,1,0.88
E_02828,BUS_010,PASS_02_010_02,SEG_112,2026-09-19T09:00:04.200000,2026-09-19T09:00:08.100000,2026-09-19T09:00:12,9.869888879133573,76.24074412504903,ROUGHNESS,2,1,0.796
E_02829,BUS_010,PASS_02_010_02,SEG_110,2026-09-19T09:00:07.400000,2026-09-19T09:00:07.900000,2026-09-19T09:00:08.400000,9.872268201606056,76.24041347913152,POTHOLE,5,1,0.939
E_02830,BUS_010,PASS_02_010_02,SEG_109,2026-09-19T09:00:04.500000,2026-09-19T09:00:08.400000,2026-09-19T09:00:12.300000,9.873401413404048,76.24016761176591,ROUGHNESS,1,1,0.719
E_02831,BUS_010,PASS_02_010_02,SEG_108,2026-09-19T09:00:06.500000,2026-09-19T09:00:07,2026-09-19T09:00:07.500000,9.874360735307594,76.23996284648389,POTHOLE,3,1,0.882
E_02832,BUS_010,PASS_02_010_02,SEG_107,2026-09-19T09:00:03.600000,2026-09-19T09:00:07.500000,2026-09-19T09:00:11.400000,9.875580466412202,76.23965078668209,ROUGHNESS,4,1,0.848
E_02833,BUS_010,PASS_02_010_02,SEG_106,2026-09-19T09:00:07.500000,2026-09-19T09:00:11.400000,2026-09-19T09:00:15.300000,9.876754568264653,76.2391549101113,ROUGHNESS,3,1,0.843
E_02834,BUS_010,PASS_02_010_02,SEG_105,2026-09-19T09:00:07.200000,2026-09-19T09:00:07.800000,2026-09-19T09:00:08.400000,9.878151232350032,76.23872449095039,SPEED_BREAKER,2,1,0.823
E_02835,BUS_010,PASS_02_010_02,SEG_104,2026-09-19T09:00:09.200000,2026-09-19T09:00:09.800000,2026-09-19T09:00:10.400000,9.879194212196994,76.23829828361318,SPEED_BREAKER,3,1,0.871
E_02836,BUS_010,PASS_02_010_02,SEG_101,2026-09-19T09:00:03.800000,2026-09-19T09:00:07.700000,2026-09-19T09:00:11.600000,9.882682641438432,76.23833230040127,ROUGHNESS,2,1,0.77
E_02837,BUS_010,PASS_02_010_02,SEG_100,2026-09-19T09:00:08.700000,2026-09-19T09:00:09.300000,2026-09-19T09:00:09.900000,9.883741150642525,76.23850319091056,SPEED_BREAKER,3,1,0.857
E_02838,BUS_010,PASS_02_010_02,SEG_095,2026-09-19T09:00:08.800000,2026-09-19T09:00:09.400000,2026-09-19T09:00:10,9.889381337545531,76.23848429847467,SPEED_BREAKER,2,1,0.782
E_02839,BUS_010,PASS_02_010_02,SEG_094,2026-09-19T09:00:07.100000,2026-09-19T09:00:07.700000,2026-09-19T09:00:08.300000,9.890991964747036,76.23859205112409,SPEED_BREAKER,1,1,0.747
E_02840,BUS_010,PASS_02_010_02,SEG_093,2026-09-19T09:00:06,2026-09-19T09:00:06.600000,2026-09-19T09:00:07.200000,9.892358281930145,76.23879119882933,SPEED_BREAKER,4,1,0.874
E_02841,BUS_010,PASS_02_010_02,SEG_089,2026-09-19T09:00:07.900000,2026-09-19T09:00:08.500000,2026-09-19T09:00:09.100000,9.89754113878841,76.23818070516057,SPEED_BREAKER,2,1,0.81
E_02842,BUS_010,PASS_02_010_02,SEG_081,2026-09-19T09:00:07.800000,2026-09-19T09:00:08.900000,2026-09-19T09:00:10,9.906210354056643,76.23676551279871,BROKEN_PATCH,4,1,0.912
E_02843,BUS_010,PASS_02_010_02,SEG_078,2026-09-19T09:00:04.700000,2026-09-19T09:00:05.900000,2026-09-19T09:00:07.100000,9.909603002045928,76.2357066754404,BROKEN_PATCH,4,1,0.919
E_02844,BUS_010,PASS_02_010_02,SEG_074,2026-09-19T09:00:05.900000,2026-09-19T09:00:07.300000,2026-09-19T09:00:08.700000,9.913654342400646,76.2354968824516,BROKEN_PATCH,1,1,0.749
E_02845,BUS_010,PASS_02_010_02,SEG_071,2026-09-19T09:00:08.100000,2026-09-19T09:00:09.500000,2026-09-19T09:00:10.900000,9.916189674589448,76.23784601271178,BROKEN_PATCH,3,1,0.876
E_02846,BUS_010,PASS_02_010_02,SEG_068,2026-09-19T09:00:07.100000,2026-09-19T09:00:07.600000,2026-09-19T09:00:08.100000,9.920138906608683,76.23952859079203,POTHOLE,2,1,0.799
E_02847,BUS_010,PASS_02_010_02,SEG_067,2026-09-19T09:00:06.800000,2026-09-19T09:00:07.300000,2026-09-19T09:00:07.800000,9.921331536000343,76.24019914394047,POTHOLE,1,1,0.793
E_02848,BUS_010,PASS_02_010_02,SEG_065,2026-09-19T09:00:07.300000,2026-09-19T09:00:08.700000,2026-09-19T09:00:10.100000,9.923200355022392,76.24147454640132,BROKEN_PATCH,1,1,0.807
E_02849,BUS_010,PASS_02_010_02,SEG_063,2026-09-19T09:00:07.600000,2026-09-19T09:00:11.500000,2026-09-19T09:00:15.400000,9.924245536317189,76.2428846819868,ROUGHNESS,5,1,0.87
E_02850,BUS_010,PASS_02_010_02,SEG_062,2026-09-19T09:00:08,2026-09-19T09:00:08.500000,2026-09-19T09:00:09,9.925047467544234,76.24359540682067,POTHOLE,2,1,0.833
E_02851,BUS_010,PASS_02_010_02,SEG_060,2026-09-19T09:00:04,2026-09-19T09:00:07.900000,2026-09-19T09:00:11.800000,9.926532881124903,76.24478944824106,ROUGHNESS,5,1,0.92
E_02852,BUS_010,PASS_02_010_02,SEG_059,2026-09-19T09:00:07.500000,2026-09-19T09:00:11.400000,2026-09-19T09:00:15.300000,9.927182759861195,76.24543234288622,ROUGHNESS,4,1,0.855
E_02853,BUS_010,PASS_02_010_02,SEG_058,2026-09-19T09:00:04,2026-09-19T09:00:07.900000,2026-09-19T09:00:11.800000,9.928409862145033,76.24639917423822,ROUGHNESS,3,1,0.826
E_02854,BUS_010,PASS_02_010_02,SEG_057,2026-09-19T09:00:05.800000,2026-09-19T09:00:06.300000,2026-09-19T09:00:06.800000,9.929268548944572,76.24737446612158,POTHOLE,3,1,0.814
E_02855,BUS_010,PASS_02_010_02,SEG_054,2026-09-19T09:00:04.600000,2026-09-19T09:00:08,2026-09-19T09:00:11.400000,9.930719564931653,76.25005812221623,ROUGHNESS,5,1,0.97
E_02856,BUS_010,PASS_02_010_02,SEG_053,2026-09-19T09:00:06.600000,2026-09-19T09:00:10.500000,2026-09-19T09:00:14.400000,9.931105576845228,76.25068118618148,ROUGHNESS,2,1,0.839
E_02857,BUS_010,PASS_02_010_02,SEG_051,2026-09-19T09:00:08.200000,2026-09-19T09:00:08.700000,2026-09-19T09:00:09.200000,9.932167955511812,76.2530545488593,POTHOLE,3,1,0.859
E_02858,BUS_010,PASS_02_010_02,SEG_050,2026-09-19T09:00:05.900000,2026-09-19T09:00:09.800000,2026-09-19T09:00:13.700000,9.932830413854415,76.25410464176062,ROUGHNESS,3,1,0.876
E_02859,BUS_010,PASS_02_010_02,SEG_049,2026-09-19T09:00:04.800000,2026-09-19T09:00:08,2026-09-19T09:00:11.200000,9.933551615875837,76.25516438013656,ROUGHNESS,4,1,0.887
E_02860,BUS_010,PASS_02_010_02,SEG_048,2026-09-19T09:00:03.900000,2026-09-19T09:00:06.900000,2026-09-19T09:00:09.800000,9.93375649106791,76.25629642827343,ROUGHNESS,5,1,0.97
E_02861,BUS_010,PASS_02_010_02,SEG_046,2026-09-19T09:00:07.100000,2026-09-19T09:00:07.600000,2026-09-19T09:00:08.100000,9.934185810429266,76.25843440115992,POTHOLE,3,1,0.878
E_02862,BUS_010,PASS_02_010_02,SEG_044,2026-09-19T09:00:04.600000,2026-09-19T09:00:05.100000,2026-09-19T09:00:05.600000,9.934732672246819,76.26008703566417,POTHOLE,3,1,0.906
E_02863,BUS_010,PASS_02_010_02,SEG_043,2026-09-19T09:00:07.400000,2026-09-19T09:00:07.900000,2026-09-19T09:00:08.400000,9.935004505964795,76.26125314190101,POTHOLE,4,1,0.875
E_02864,BUS_010,PASS_02_010_02,SEG_042,2026-09-19T09:00:04.700000,2026-09-19T09:00:05.200000,2026-09-19T09:00:05.700000,9.935252199574977,76.26216154754597,POTHOLE,3,1,0.876
E_02865,BUS_010,PASS_02_010_02,SEG_041,2026-09-19T09:00:07.600000,2026-09-19T09:00:08.100000,2026-09-19T09:00:08.600000,9.93548818065898,76.26348120028437,POTHOLE,4,1,0.95
E_02866,BUS_010,PASS_02_010_02,SEG_040,2026-09-19T09:00:04.800000,2026-09-19T09:00:05.300000,2026-09-19T09:00:05.800000,9.935858532189602,76.26497706716428,POTHOLE,5,1,0.932
E_02867,BUS_010,PASS_02_010_02,SEG_039,2026-09-19T09:00:07.600000,2026-09-19T09:00:08.100000,2026-09-19T09:00:08.600000,9.936095497282231,76.26599206124092,POTHOLE,2,1,0.842
E_02868,BUS_010,PASS_02_010_02,SEG_037,2026-09-19T09:00:04.100000,2026-09-19T09:00:04.600000,2026-09-19T09:00:05.100000,9.936784112143565,76.26807520886591,POTHOLE,1,1,0.702
E_02869,BUS_010,PASS_02_010_02,SEG_036,2026-09-19T09:00:04.800000,2026-09-19T09:00:05.300000,2026-09-19T09:00:05.800000,9.9375817457789,76.26874564904791,POTHOLE,3,1,0.9
E_02870,BUS_010,PASS_02_010_02,SEG_035,2026-09-19T09:00:05.900000,2026-09-19T09:00:06.400000,2026-09-19T09:00:06.900000,9.93830515767454,76.26940302139107,SPEED_BREAKER,3,1,0.916
E_02871,BUS_010,PASS_02_010_02,SEG_033,2026-09-19T09:00:06.200000,2026-09-19T09:00:06.700000,2026-09-19T09:00:07.200000,9.940023069468516,76.27101938090573,SPEED_BREAKER,3,1,0.764
E_02872,BUS_010,PASS_02_010_02,SEG_029,2026-09-19T09:00:05.800000,2026-09-19T09:00:06.300000,2026-09-19T09:00:06.800000,9.94345492468107,76.27426505413983,SPEED_BREAKER,4,1,0.927
E_02873,BUS_010,PASS_02_010_02,SEG_028,2026-09-19T09:00:07.400000,2026-09-19T09:00:07.900000,2026-09-19T09:00:08.400000,9.943994495071129,76.27543095822507,SPEED_BREAKER,1,1,0.685
E_02874,BUS_010,PASS_02_010_02,SEG_024,2026-09-19T09:00:05,2026-09-19T09:00:05.500000,2026-09-19T09:00:06,9.946045145287192,76.27937502170319,SPEED_BREAKER,2,1,0.785
E_02875,BUS_010,PASS_02_010_02,SEG_023,2026-09-19T09:00:06.700000,2026-09-19T09:00:07.200000,2026-09-19T09:00:07.700000,9.94661061954117,76.28030566746996,SPEED_BREAKER,1,1,0.713
E_02876,BUS_001,PASS_03_001_01,SEG_023,2026-09-20T06:30:07.400000,2026-09-20T06:30:07.900000,2026-09-20T06:30:08.400000,9.946554788529149,76.2801630915638,SPEED_BREAKER,1,1,0.813
E_02877,BUS_001,PASS_03_001_01,SEG_024,2026-09-20T06:30:03.200000,2026-09-20T06:30:03.700000,2026-09-20T06:30:04.200000,9.94585293369168,76.27945566990246,SPEED_BREAKER,2,1,0.725
E_02878,BUS_001,PASS_03_001_01,SEG_025,2026-09-20T06:30:02.900000,2026-09-20T06:30:03.400000,2026-09-20T06:30:03.900000,9.945471056904553,76.27850774255839,SPEED_BREAKER,2,1,0.816
E_02879,BUS_001,PASS_03_001_01,SEG_026,2026-09-20T06:30:03.200000,2026-09-20T06:30:03.700000,2026-09-20T06:30:04.200000,9.945007137051968,76.27758602399518,SPEED_BREAKER,2,1,0.773
E_02880,BUS_001,PASS_03_001_01,SEG_028,2026-09-20T06:30:05.600000,2026-09-20T06:30:06.100000,2026-09-20T06:30:06.600000,9.944222005143256,76.27553765773257,SPEED_BREAKER,2,1,0.793
E_02881,BUS_001,PASS_03_001_01,SEG_029,2026-09-20T06:30:03.600000,2026-09-20T06:30:04.100000,2026-09-20T06:30:04.600000,9.943488444802535,76.27448797114505,SPEED_BREAKER,2,1,0.849
E_02882,BUS_001,PASS_03_001_01,SEG_035,2026-09-20T06:30:04.700000,2026-09-20T06:30:05.200000,2026-09-20T06:30:05.700000,9.93838052350087,76.26944313993384,SPEED_BREAKER,2,1,0.822
E_02883,BUS_001,PASS_03_001_01,SEG_036,2026-09-20T06:30:04.700000,2026-09-20T06:30:05.200000,2026-09-20T06:30:05.700000,9.937676326931362,76.2686956741555,POTHOLE,4,1,0.868
E_02884,BUS_001,PASS_03_001_01,SEG_037,2026-09-20T06:30:03.400000,2026-09-20T06:30:03.900000,2026-09-20T06:30:04.400000,9.936762866693174,76.2680981899728,POTHOLE,5,1,0.942
E_02885,BUS_001,PASS_03_001_01,SEG_039,2026-09-20T06:30:05.100000,2026-09-20T06:30:05.600000,2026-09-20T06:30:06.100000,9.936012848422074,76.26612799828315,POTHOLE,5,1,0.97
E_02886,BUS_001,PASS_03_001_01,SEG_040,2026-09-20T06:30:06.400000,2026-09-20T06:30:06.900000,2026-09-20T06:30:07.400000,9.935837230780217,76.26464194088811,POTHOLE,5,1,0.896
E_02887,BUS_001,PASS_03_001_01,SEG_041,2026-09-20T06:30:05.100000,2026-09-20T06:30:05.600000,2026-09-20T06:30:06.100000,9.93562517039079,76.26345939826301,POTHOLE,4,1,0.895
E_02888,BUS_001,PASS_03_001_01,SEG_042,2026-09-20T06:30:01.800000,2026-09-20T06:30:02.300000,2026-09-20T06:30:02.800000,9.935370050633457,76.26244884982361,POTHOLE,5,1,0.97
E_02889,BUS_001,PASS_03_001_01,SEG_043,2026-09-20T06:30:04.700000,2026-09-20T06:30:05.200000,2026-09-20T06:30:05.700000,9.935056274144427,76.26132821397277,POTHOLE,5,1,0.97
E_02890,BUS_001,PASS_03_001_01,SEG_046,2026-09-20T06:30:07,2026-09-20T06:30:07.500000,2026-09-20T06:30:08,9.934346974335169,76.25830333062197,POTHOLE,2,1,0.827
E_02891,BUS_001,PASS_03_001_01,SEG_048,2026-09-20T06:30:06.600000,2026-09-20T06:30:07.100000,2026-09-20T06:30:07.600000,9.933817244231092,76.25612403308152,POTHOLE,5,1,0.96
E_02892,BUS_001,PASS_03_001_01,SEG_049,2026-09-20T06:30:03.800000,2026-09-20T06:30:04.300000,2026-09-20T06:30:04.800000,9.933571194093151,76.2553628706886,POTHOLE,4,1,0.856
E_02893,BUS_001,PASS_03_001_01,SEG_050,2026-09-20T06:30:04.600000,2026-09-20T06:30:08.500000,2026-09-20T06:30:12.400000,9.932941109098069,76.25416945696863,ROUGHNESS,4,1,0.879
E_02894,BUS_001,PASS_03_001_01,SEG_051,2026-09-20T06:30:05.300000,2026-09-20T06:30:05.800000,2026-09-20T06:30:06.300000,9.932257882241013,76.25315284200704,POTHOLE,3,1,0.8
E_02895,BUS_001,PASS_03_001_01,SEG_053,2026-09-20T06:30:02.400000,2026-09-20T06:30:05.300000,2026-09-20T06:30:08.200000,9.930907549457931,76.25101313987979,ROUGHNESS,4,1,0.857
E_02896,BUS_001,PASS_03_001_01,SEG_054,2026-09-20T06:30:02,2026-09-20T06:30:04.100000,2026-09-20T06:30:06.200000,9.930729733102904,76.2499039227388,ROUGHNESS,3,1,0.883
E_02897,BUS_001,PASS_03_001_01,SEG_058,2026-09-20T06:30:04.700000,2026-09-20T06:30:08.100000,2026-09-20T06:30:11.500000,9.928265077253007,76.2463691640703,ROUGHNESS,5,1,0.956
E_02898,BUS_001,PASS_03_001_01,SEG_059,2026-09-20T06:30:03.300000,2026-09-20T06:30:06,2026-09-20T06:30:08.700000,9.927430130897754,76.24545127520102,ROUGHNESS,5,1,0.95
E_02899,BUS_001,PASS_03_001_01,SEG_060,2026-09-20T06:30:04.400000,2026-09-20T06:30:04.900000,2026-09-20T06:30:05.400000,9.926619066971908,76.24492214678294,POTHOLE,4,1,0.947
E_02900,BUS_001,PASS_03_001_01,SEG_060,2026-09-20T06:30:05.500000,2026-09-20T06:30:08.500000,2026-09-20T06:30:11.500000,9.926374856897903,76.24462527316236,ROUGHNESS,5,1,0.947
E_02901,BUS_001,PASS_03_001_01,SEG_061,2026-09-20T06:30:03.200000,2026-09-20T06:30:03.700000,2026-09-20T06:30:04.200000,9.925743966142647,76.24416145121313,POTHOLE,1,1,0.697
E_02902,BUS_001,PASS_03_001_01,SEG_062,2026-09-20T06:30:02.800000,2026-09-20T06:30:03.300000,2026-09-20T06:30:03.800000,9.925037928980254,76.24361042832085,POTHOLE,4,1,0.882
E_02903,BUS_001,PASS_03_001_01,SEG_063,2026-09-20T06:30:03.900000,2026-09-20T06:30:06.400000,2026-09-20T06:30:08.900000,9.924313799105617,76.24287718284359,ROUGHNESS,4,1,0.925
E_02904,BUS_001,PASS_03_001_01,SEG_065,2026-09-20T06:30:05.700000,2026-09-20T06:30:06.500000,2026-09-20T06:30:07.300000,9.923047665494284,76.24154029998496,BROKEN_PATCH,5,1,0.953
E_02905,BUS_001,PASS_03_001_01,SEG_070,2026-09-20T06:30:05.800000,2026-09-20T06:30:06.300000,2026-09-20T06:30:06.800000,9.917487470289315,76.23844400395328,POTHOLE,5,1,0.952
E_02906,BUS_001,PASS_03_001_01,SEG_071,2026-09-20T06:30:08.500000,2026-09-20T06:30:09.900000,2026-09-20T06:30:11.300000,9.916149712610585,76.23770113769285,BROKEN_PATCH,3,1,0.837
E_02907,BUS_001,PASS_03_001_01,SEG_074,2026-09-20T06:30:06.300000,2026-09-20T06:30:07.400000,2026-09-20T06:30:08.500000,9.913512021660777,76.2351966659303,BROKEN_PATCH,5,1,0.939
E_02908,BUS_001,PASS_03_001_01,SEG_076,2026-09-20T06:30:05,2026-09-20T06:30:05.900000,2026-09-20T06:30:06.800000,9.911126289709598,76.23526842148148,BROKEN_PATCH,1,1,0.741
E_02909,BUS_001,PASS_03_001_01,SEG_078,2026-09-20T06:30:04.200000,2026-09-20T06:30:05.300000,2026-09-20T06:30:06.400000,9.909537996946383,76.23570721664068,BROKEN_PATCH,5,1,0.97
E_02910,BUS_001,PASS_03_001_01,SEG_081,2026-09-20T06:30:04.500000,2026-09-20T06:30:05.500000,2026-09-20T06:30:06.500000,9.906451811194481,76.23665601893472,BROKEN_PATCH,2,1,0.84
E_02911,BUS_001,PASS_03_001_01,SEG_087,2026-09-20T06:30:05.100000,2026-09-20T06:30:05.600000,2026-09-20T06:30:06.100000,9.899848492043732,76.23775747442504,SPEED_BREAKER,4,1,0.818
E_02912,BUS_001,PASS_03_001_01,SEG_093,2026-09-20T06:30:09.200000,2026-09-20T06:30:09.700000,2026-09-20T06:30:10.200000,9.892068186980795,76.23865020885144,SPEED_BREAKER,5,1,0.97
E_02913,BUS_001,PASS_03_001_01,SEG_094,2026-09-20T06:30:08.600000,2026-09-20T06:30:09.200000,2026-09-20T06:30:09.800000,9.890950899199876,76.23863713856713,SPEED_BREAKER,5,1,0.97
E_02914,BUS_001,PASS_03_001_01,SEG_098,2026-09-20T06:30:07.300000,2026-09-20T06:30:07.900000,2026-09-20T06:30:08.500000,9.886329826501937,76.23850765223642,SPEED_BREAKER,2,1,0.791
E_02915,BUS_001,PASS_03_001_01,SEG_100,2026-09-20T06:30:11,2026-09-20T06:30:11.600000,2026-09-20T06:30:12.200000,9.883604615939594,76.23839884584937,SPEED_BREAKER,3,1,0.861
E_02916,BUS_001,PASS_03_001_01,SEG_101,2026-09-20T06:30:03.700000,2026-09-20T06:30:06.200000,2026-09-20T06:30:08.700000,9.882592078294042,76.23837828714184,ROUGHNESS,5,1,0.941
E_02917,BUS_001,PASS_03_001_01,SEG_104,2026-09-20T06:30:09.800000,2026-09-20T06:30:10.300000,2026-09-20T06:30:10.800000,9.879114601377546,76.23835306226643,SPEED_BREAKER,2,1,0.822
E_02918,BUS_001,PASS_03_001_01,SEG_105,2026-09-20T06:30:08.300000,2026-09-20T06:30:08.800000,2026-09-20T06:30:09.300000,9.878069343193665,76.23859273700194,SPEED_BREAKER,1,1,0.727
E_02919,BUS_001,PASS_03_001_01,SEG_106,2026-09-20T06:30:02.900000,2026-09-20T06:30:06.800000,2026-09-20T06:30:10.700000,9.876903847889743,76.23906131141375,ROUGHNESS,3,1,0.844
E_02920,BUS_001,PASS_03_001_01,SEG_107,2026-09-20T06:30:02.600000,2026-09-20T06:30:06.500000,2026-09-20T06:30:10.400000,9.875687713606004,76.23955524445303,ROUGHNESS,4,1,0.875
E_02921,BUS_001,PASS_03_001_01,SEG_108,2026-09-20T06:30:06,2026-09-20T06:30:06.500000,2026-09-20T06:30:07,9.874308059431279,76.23994672371215,POTHOLE,3,1,0.87
E_02922,BUS_001,PASS_03_001_01,SEG_109,2026-09-20T06:30:05.300000,2026-09-20T06:30:08.700000,2026-09-20T06:30:12.100000,9.87336130173823,76.24023153665125,ROUGHNESS,4,1,0.888
E_02923,BUS_001,PASS_03_001_01,SEG_110,2026-09-20T06:30:06.200000,2026-09-20T06:30:06.700000,2026-09-20T06:30:07.200000,9.872367297168877,76.24063939328364,POTHOLE,1,1,0.757
E_02924,BUS_001,PASS_03_001_01,SEG_111,2026-09-20T06:30:11,2026-09-20T06:30:11.500000,2026-09-20T06:30:12,9.870790557376932,76.24081257470687,POTHOLE,4,1,0.942
E_02925,BUS_001,PASS_03_001_01,SEG_112,2026-09-20T06:30:03.500000,2026-09-20T06:30:05.900000,2026-09-20T06:30:08.300000,9.86987254747845,76.24078556607633,ROUGHNESS,2,1,0.723
E_02926,BUS_001,PASS_03_001_01,SEG_113,2026-09-20T06:30:08.100000,2026-09-20T06:30:08.600000,2026-09-20T06:30:09.100000,9.868996943013979,76.24009376322701,POTHOLE,2,1,0.774
E_02927,BUS_001,PASS_03_001_01,SEG_114,2026-09-20T06:30:04.800000,2026-09-20T06:30:07.600000,2026-09-20T06:30:10.400000,9.868012282649417,76.23960237314871,ROUGHNESS,1,1,0.701
E_02928,BUS_001,PASS_03_001_01,SEG_115,2026-09-20T06:30:04.600000,2026-09-20T06:30:08.500000,2026-09-20T06:30:12.400000,9.866941362808381,76.23898298259536,ROUGHNESS,2,1,0.814
E_02929,BUS_001,PASS_03_001_01,SEG_116,2026-09-20T06:30:04.300000,2026-09-20T06:30:08.200000,2026-09-20T06:30:12.100000,9.865775328302345,76.23812750554599,ROUGHNESS,2,1,0.769
E_02930,BUS_001,PASS_03_001_01,SEG_117,2026-09-20T06:30:10.700000,2026-09-20T06:30:11.200000,2026-09-20T06:30:11.700000,9.86447386245067,76.23705203442634,POTHOLE,3,1,0.882
E_02931,BUS_001,PASS_03_001_01,SEG_118,2026-09-20T06:30:06.900000,2026-09-20T06:30:07.400000,2026-09-20T06:30:07.900000,9.863905133857333,76.23654992705856,POTHOLE,2,1,0.797
E_02932,BUS_001,PASS_03_001_01,SEG_119,2026-09-20T06:30:04.400000,2026-09-20T06:30:08.300000,2026-09-20T06:30:12.200000,9.863000034842697,76.23587023579978,ROUGHNESS,4,1,0.862
E_02933,BUS_001,PASS_03_001_01,SEG_121,2026-09-20T06:30:02.400000,2026-09-20T06:30:06.300000,2026-09-20T06:30:10.200000,9.861335262708916,76.23444391790382,ROUGHNESS,1,1,0.68
E_02934,BUS_001,PASS_03_001_01,SEG_122,2026-09-20T06:30:05.500000,2026-09-20T06:30:06.800000,2026-09-20T06:30:08.100000,9.860343350185076,76.23357096243036,BROKEN_PATCH,3,1,0.883
E_02935,BUS_001,PASS_03_001_01,SEG_123,2026-09-20T06:30:05.100000,2026-09-20T06:30:09,2026-09-20T06:30:12.900000,9.859296025456697,76.23272570885176,ROUGHNESS,4,1,0.888
E_02936,BUS_001,PASS_03_001_01,SEG_124,2026-09-20T06:30:05.600000,2026-09-20T06:30:09.500000,2026-09-20T06:30:13.400000,9.858330417451283,76.23203323326965,ROUGHNESS,1,1,0.718
E_02937,BUS_001,PASS_03_001_01,SEG_125,2026-09-20T06:30:03.100000,2026-09-20T06:30:06.500000,2026-09-20T06:30:09.900000,9.857549213892199,76.23148756575199,ROUGHNESS,2,1,0.837
E_02938,BUS_001,PASS_03_001_01,SEG_128,2026-09-20T06:30:04.800000,2026-09-20T06:30:06,2026-09-20T06:30:07.200000,9.855354410247758,76.2292124971936,BROKEN_PATCH,5,1,0.97
E_02939,BUS_001,PASS_03_001_01,SEG_133,2026-09-20T06:30:05.400000,2026-09-20T06:30:06.600000,2026-09-20T06:30:07.800000,9.853059994927284,76.22424930805035,BROKEN_PATCH,1,1,0.711
E_02940,BUS_001,PASS_03_001_01,SEG_136,2026-09-20T06:30:04.100000,2026-09-20T06:30:05.300000,2026-09-20T06:30:06.500000,9.852130539578146,76.22120344455007,BROKEN_PATCH,5,1,0.97
E_02941,BUS_001,PASS_03_001_01,SEG_137,2026-09-20T06:30:07.800000,2026-09-20T06:30:09.200000,2026-09-20T06:30:10.600000,9.851561057723536,76.2200654147991,BROKEN_PATCH,5,1,0.954
E_02942,BUS_001,PASS_03_001_01,SEG_141,2026-09-20T06:30:05.100000,2026-09-20T06:30:06.400000,2026-09-20T06:30:07.700000,9.850290734176346,76.21615084562711,BROKEN_PATCH,3,1,0.855
E_02943,BUS_001,PASS_03_001_01,SEG_143,2026-09-20T06:30:06.100000,2026-09-20T06:30:07,2026-09-20T06:30:07.900000,9.84978662210003,76.21425158929837,BROKEN_PATCH,3,1,0.84
E_02944,BUS_001,PASS_03_001_01,SEG_144,2026-09-20T06:30:04.300000,2026-09-20T06:30:05.300000,2026-09-20T06:30:06.300000,9.84976326651918,76.21356468007286,BROKEN_PATCH,1,1,0.723
E_02945,BUS_001,PASS_03_001_01,SEG_145,2026-09-20T06:30:08,2026-09-20T06:30:09.400000,2026-09-20T06:30:10.800000,9.849625661488378,76.21227683712706,BROKEN_PATCH,5,1,0.867
E_02946,BUS_001,PASS_03_001_01,SEG_147,2026-09-20T06:30:06.900000,2026-09-20T06:30:07.500000,2026-09-20T06:30:08.100000,9.84956638134651,76.20947520624132,SPEED_BREAKER,2,1,0.818
E_02947,BUS_001,PASS_03_001_01,SEG_149,2026-09-20T06:30:07.400000,2026-09-20T06:30:08,2026-09-20T06:30:08.600000,9.84978888246675,76.20735338566735,SPEED_BREAKER,1,1,0.725
E_02948,BUS_001,PASS_03_001_01,SEG_150,2026-09-20T06:30:08.800000,2026-09-20T06:30:09.300000,2026-09-20T06:30:09.800000,9.850656978082505,76.20652116935169,SPEED_BREAKER,4,1,0.943
E_02949,BUS_001,PASS_03_001_01,SEG_152,2026-09-20T06:30:05.600000,2026-09-20T06:30:06.100000,2026-09-20T06:30:06.600000,9.852351296255023,76.20483615547438,SPEED_BREAKER,2,1,0.787
E_02950,BUS_001,PASS_03_001_01,SEG_154,2026-09-20T06:30:08.700000,2026-09-20T06:30:09.200000,2026-09-20T06:30:09.700000,9.853956994880235,76.20303469647871,SPEED_BREAKER,2,1,0.719
E_02951,BUS_001,PASS_03_001_02,SEG_157,2026-09-20T09:00:07.900000,2026-09-20T09:00:08.500000,2026-09-20T09:00:09.100000,9.856539745015384,76.20100889156092,SPEED_BREAKER,4,1,0.893
E_02952,BUS_001,PASS_03_001_02,SEG_152,2026-09-20T09:00:04.400000,2026-09-20T09:00:04.900000,2026-09-20T09:00:05.400000,9.852218699298588,76.2048179489914,SPEED_BREAKER,5,1,0.944
E_02953,BUS_001,PASS_03_001_02,SEG_150,2026-09-20T09:00:07.900000,2026-09-20T09:00:08.500000,2026-09-20T09:00:09.100000,9.85055640807001,76.20638778952558,SPEED_BREAKER,1,1,0.791
E_02954,BUS_001,PASS_03_001_02,SEG_147,2026-09-20T09:00:06.200000,2026-09-20T09:00:06.800000,2026-09-20T09:00:07.400000,9.849624148340125,76.2094596263983,SPEED_BREAKER,2,1,0.809
E_02955,BUS_001,PASS_03_001_02,SEG_144,2026-09-20T09:00:04.800000,2026-09-20T09:00:05.900000,2026-09-20T09:00:07,9.849799676720963,76.21349274560154,BROKEN_PATCH,4,1,0.95
E_02956,BUS_001,PASS_03_001_02,SEG_143,2026-09-20T09:00:04.800000,2026-09-20T09:00:05.800000,2026-09-20T09:00:06.800000,9.849862775303901,76.21433192388051,BROKEN_PATCH,4,1,0.923
E_02957,BUS_001,PASS_03_001_02,SEG_139,2026-09-20T09:00:05.600000,2026-09-20T09:00:06.900000,2026-09-20T09:00:08.200000,9.850928487100889,76.21821296388532,BROKEN_PATCH,3,1,0.825
E_02958,BUS_001,PASS_03_001_02,SEG_137,2026-09-20T09:00:07.500000,2026-09-20T09:00:08.900000,2026-09-20T09:00:10.300000,9.85159620505179,76.21997614798249,BROKEN_PATCH,4,1,0.909
E_02959,BUS_001,PASS_03_001_02,SEG_136,2026-09-20T09:00:08.300000,2026-09-20T09:00:09.600000,2026-09-20T09:00:10.900000,9.851971275339015,76.22135777974678,BROKEN_PATCH,1,1,0.826
E_02960,BUS_001,PASS_03_001_02,SEG_133,2026-09-20T09:00:07.500000,2026-09-20T09:00:08.800000,2026-09-20T09:00:10.100000,9.853148508897808,76.22417859032423,BROKEN_PATCH,2,1,0.78
E_02961,BUS_001,PASS_03_001_02,SEG_132,2026-09-20T09:00:06.800000,2026-09-20T09:00:08.100000,2026-09-20T09:00:09.400000,9.853416930565437,76.22488947710593,BROKEN_PATCH,1,1,0.752
E_02962,BUS_001,PASS_03_001_02,SEG_128,2026-09-20T09:00:05.900000,2026-09-20T09:00:07.200000,2026-09-20T09:00:08.500000,9.855197799816503,76.22909679038288,BROKEN_PATCH,4,1,0.947
E_02963,BUS_001,PASS_03_001_02,SEG_125,2026-09-20T09:00:06.400000,2026-09-20T09:00:10,2026-09-20T09:00:13.600000,9.857476435242393,76.2314339467656,ROUGHNESS,4,1,0.83
E_02964,BUS_001,PASS_03_001_02,SEG_124,2026-09-20T09:00:04.900000,2026-09-20T09:00:08.800000,2026-09-20T09:00:12.700000,9.858169313009991,76.23204878186426,ROUGHNESS,1,1,0.78
E_02965,BUS_001,PASS_03_001_02,SEG_123,2026-09-20T09:00:08.400000,2026-09-20T09:00:08.900000,2026-09-20T09:00:09.400000,9.85931765819117,76.2328411017535,POTHOLE,3,1,0.89
E_02966,BUS_001,PASS_03_001_02,SEG_121,2026-09-20T09:00:06.700000,2026-09-20T09:00:10.600000,2026-09-20T09:00:14.500000,9.861233649363657,76.23425256376468,ROUGHNESS,4,1,0.889
E_02967,BUS_001,PASS_03_001_02,SEG_119,2026-09-20T09:00:06.300000,2026-09-20T09:00:10.200000,2026-09-20T09:00:14.100000,9.862908116162233,76.23574595606581,ROUGHNESS,4,1,0.916
E_02968,BUS_001,PASS_03_001_02,SEG_117,2026-09-20T09:00:09.400000,2026-09-20T09:00:09.900000,2026-09-20T09:00:10.400000,9.864724990756674,76.23717342482156,POTHOLE,5,1,0.97
E_02969,BUS_001,PASS_03_001_02,SEG_116,2026-09-20T09:00:03.100000,2026-09-20T09:00:07,2026-09-20T09:00:10.900000,9.865841571417091,76.23813055070721,ROUGHNESS,2,1,0.824
E_02970,BUS_001,PASS_03_001_02,SEG_115,2026-09-20T09:00:06.700000,2026-09-20T09:00:10.600000,2026-09-20T09:00:14.500000,9.866825543903868,76.2388502752043,ROUGHNESS,4,1,0.836
E_02971,BUS_001,PASS_03_001_02,SEG_114,2026-09-20T09:00:04.700000,2026-09-20T09:00:08,2026-09-20T09:00:11.300000,9.868004041247527,76.23944382075624,ROUGHNESS,3,1,0.832
E_02972,BUS_001,PASS_03_001_02,SEG_112,2026-09-20T09:00:02.600000,2026-09-20T09:00:05.600000,2026-09-20T09:00:08.600000,9.869904414535293,76.24076498781415,ROUGHNESS,4,1,0.92
E_02973,BUS_001,PASS_03_001_02,SEG_111,2026-09-20T09:00:08.800000,2026-09-20T09:00:09.300000,2026-09-20T09:00:09.800000,9.870921180191504,76.24084424219672,POTHOLE,2,1,0.781
E_02974,BUS_001,PASS_03_001_02,SEG_110,2026-09-20T09:00:07.800000,2026-09-20T09:00:08.300000,2026-09-20T09:00:08.800000,9.872323002853028,76.24050334493614,POTHOLE,3,1,0.919
E_02975,BUS_001,PASS_03_001_02,SEG_109,2026-09-20T09:00:07.200000,2026-09-20T09:00:11.100000,2026-09-20T09:00:15,9.873270850183783,76.24032803323368,ROUGHNESS,2,1,0.824
E_02976,BUS_001,PASS_03_001_02,SEG_108,2026-09-20T09:00:08.400000,2026-09-20T09:00:08.900000,2026-09-20T09:00:09.400000,9.874231709540888,76.24004403006705,POTHOLE,5,1,0.97
E_02977,BUS_001,PASS_03_001_02,SEG_107,2026-09-20T09:00:07.200000,2026-09-20T09:00:11.100000,2026-09-20T09:00:15,9.875327027160216,76.23972530012672,ROUGHNESS,3,1,0.89
E_02978,BUS_001,PASS_03_001_02,SEG_106,2026-09-20T09:00:05.900000,2026-09-20T09:00:09.800000,2026-09-20T09:00:13.700000,9.876694235469543,76.23916350887279,ROUGHNESS,1,1,0.769
E_02979,BUS_001,PASS_03_001_02,SEG_104,2026-09-20T09:00:09.500000,2026-09-20T09:00:10.100000,2026-09-20T09:00:10.700000,9.879217243247536,76.23841251051932,SPEED_BREAKER,1,1,0.741
E_02980,BUS_001,PASS_03_001_02,SEG_101,2026-09-20T09:00:03.600000,2026-09-20T09:00:07.400000,2026-09-20T09:00:11.200000,9.882654109258887,76.23846743780013,ROUGHNESS,5,1,0.97
E_02981,BUS_001,PASS_03_001_02,SEG_100,2026-09-20T09:00:09.700000,2026-09-20T09:00:10.300000,2026-09-20T09:00:10.900000,9.883738270918016,76.23843949507052,SPEED_BREAKER,1,1,0.762
E_02982,BUS_001,PASS_03_001_02,SEG_095,2026-09-20T09:00:08,2026-09-20T09:00:08.600000,2026-09-20T09:00:09.200000,9.889500692078183,76.23854712053675,SPEED_BREAKER,3,1,0.86
E_02983,BUS_001,PASS_03_001_02,SEG_094,2026-09-20T09:00:06.300000,2026-09-20T09:00:06.900000,2026-09-20T09:00:07.500000,9.89102453893213,76.23866924857724,SPEED_BREAKER,4,1,0.91
E_02984,BUS_001,PASS_03_001_02,SEG_093,2026-09-20T09:00:08.700000,2026-09-20T09:00:09.300000,2026-09-20T09:00:09.900000,9.892139194526314,76.23876236909042,SPEED_BREAKER,2,1,0.773
E_02985,BUS_001,PASS_03_001_02,SEG_087,2026-09-20T09:00:06.700000,2026-09-20T09:00:07.200000,2026-09-20T09:00:07.700000,9.899770208939785,76.23776241307203,SPEED_BREAKER,1,1,0.707
E_02986,BUS_001,PASS_03_001_02,SEG_078,2026-09-20T09:00:04.200000,2026-09-20T09:00:05.200000,2026-09-20T09:00:06.200000,9.909547238956467,76.23570668834108,BROKEN_PATCH,3,1,0.851
E_02987,BUS_001,PASS_03_001_02,SEG_074,2026-09-20T09:00:06.200000,2026-09-20T09:00:07.300000,2026-09-20T09:00:08.400000,9.913410986900516,76.23524188295556,BROKEN_PATCH,1,1,0.775
E_02988,BUS_001,PASS_03_001_02,SEG_070,2026-09-20T09:00:07.600000,2026-09-20T09:00:08.100000,2026-09-20T09:00:08.600000,9.917299248782934,76.2385313155517,POTHOLE,5,1,0.929
E_02989,BUS_001,PASS_03_001_02,SEG_068,2026-09-20T09:00:10.800000,2026-09-20T09:00:11.300000,2026-09-20T09:00:11.800000,9.91983191904034,76.23944703636332,POTHOLE,2,1,0.778
E_02990,BUS_001,PASS_03_001_02,SEG_067,2026-09-20T09:00:06.300000,2026-09-20T09:00:06.800000,2026-09-20T09:00:07.300000,9.921306176279623,76.24031274532993,POTHOLE,5,1,0.97
E_02991,BUS_001,PASS_03_001_02,SEG_065,2026-09-20T09:00:08,2026-09-20T09:00:08,2026-09-20T09:00:08,9.923175953008702,76.24137190956246,POTHOLE,3,1,0.923
E_02992,BUS_001,PASS_03_001_02,SEG_065,2026-09-20T09:00:06.100000,2026-09-20T09:00:07,2026-09-20T09:00:07.900000,9.92313144414996,76.24152110265335,BROKEN_PATCH,2,1,0.8
E_02993,BUS_001,PASS_03_001_02,SEG_064,2026-09-20T09:00:06.500000,2026-09-20T09:00:07,2026-09-20T09:00:07.500000,9.923675624679266,76.2419826342886,POTHOLE,4,1,0.97
E_02994,BUS_001,PASS_03_001_02,SEG_063,2026-09-20T09:00:05.700000,2026-09-20T09:00:08.700000,2026-09-20T09:00:11.700000,9.924404029408699,76.24286273160702,ROUGHNESS,4,1,0.95
E_02995,BUS_001,PASS_03_001_02,SEG_061,2026-09-20T09:00:06.600000,2026-09-20T09:00:07.100000,2026-09-20T09:00:07.600000,9.925579294964157,76.24401100212503,POTHOLE,4,1,0.918
E_02996,BUS_001,PASS_03_001_02,SEG_060,2026-09-20T09:00:08.900000,2026-09-20T09:00:09.400000,2026-09-20T09:00:09.900000,9.926411208393517,76.24458471242295,POTHOLE,2,1,0.855
E_02997,BUS_001,PASS_03_001_02,SEG_059,2026-09-20T09:00:06.400000,2026-09-20T09:00:09.800000,2026-09-20T09:00:13.200000,9.927282368396918,76.24534720628333,ROUGHNESS,2,1,0.883
E_02998,BUS_001,PASS_03_001_02,SEG_058,2026-09-20T09:00:09.800000,2026-09-20T09:00:10.300000,2026-09-20T09:00:10.800000,9.928193129966285,76.24631444330632,POTHOLE,1,1,0.762
E_02999,BUS_001,PASS_03_001_02,SEG_057,2026-09-20T09:00:04.200000,2026-09-20T09:00:04.700000,2026-09-20T09:00:05.200000,9.929225891454331,76.24740570127918,POTHOLE,1,1,0.734
E_03000,BUS_001,PASS_03_001_02,SEG_054,2026-09-20T09:00:05.300000,2026-09-20T09:00:05.800000,2026-09-20T09:00:06.300000,9.930737014956119,76.25006072920948,POTHOLE,5,1,0.895
E_03001,BUS_001,PASS_03_001_02,SEG_053,2026-09-20T09:00:10,2026-09-20T09:00:10.100000,2026-09-20T09:00:10.200000,9.931049768039323,76.25080107281947,POTHOLE,2,1,0.79
E_03002,BUS_001,PASS_03_001_02,SEG_053,2026-09-20T09:00:02.500000,2026-09-20T09:00:06.200000,2026-09-20T09:00:09.900000,9.931104804769912,76.25105222710971,ROUGHNESS,2,1,0.804
E_03003,BUS_001,PASS_03_001_02,SEG_051,2026-09-20T09:00:07.900000,2026-09-20T09:00:08.400000,2026-09-20T09:00:08.900000,9.932177325572331,76.25306675512569,POTHOLE,3,1,0.909
E_03004,BUS_001,PASS_03_001_02,SEG_050,2026-09-20T09:00:07,2026-09-20T09:00:10.900000,2026-09-20T09:00:14.800000,9.932838403656142,76.25383121632319,ROUGHNESS,4,1,0.841
E_03005,BUS_001,PASS_03_001_02,SEG_049,2026-09-20T09:00:08.200000,2026-09-20T09:00:08.700000,2026-09-20T09:00:09.200000,9.933474873354022,76.25511186398735,POTHOLE,4,1,0.849
E_03006,BUS_001,PASS_03_001_02,SEG_048,2026-09-20T09:00:03.700000,2026-09-20T09:00:07.400000,2026-09-20T09:00:11.100000,9.93386808372015,76.25616582587801,ROUGHNESS,2,1,0.795
E_03007,BUS_001,PASS_03_001_02,SEG_044,2026-09-20T09:00:04.900000,2026-09-20T09:00:05.400000,2026-09-20T09:00:05.900000,9.93477189209499,76.26014311548836,POTHOLE,4,1,0.878
E_03008,BUS_001,PASS_03_001_02,SEG_043,2026-09-20T09:00:07.400000,2026-09-20T09:00:07.900000,2026-09-20T09:00:08.400000,9.935040367163095,76.26111904424053,POTHOLE,4,1,0.97
E_03009,BUS_001,PASS_03_001_02,SEG_042,2026-09-20T09:00:04.400000,2026-09-20T09:00:04.900000,2026-09-20T09:00:05.400000,9.935367495211674,76.26216468476109,POTHOLE,5,1,0.97
E_03010,BUS_001,PASS_03_001_02,SEG_041,2026-09-20T09:00:08.400000,2026-09-20T09:00:08.900000,2026-09-20T09:00:09.400000,9.935578067965587,76.26341159059955,POTHOLE,2,1,0.805
E_03011,BUS_001,PASS_03_001_02,SEG_040,2026-09-20T09:00:06,2026-09-20T09:00:06.500000,2026-09-20T09:00:07,9.935991171921344,76.26490293430714,POTHOLE,2,1,0.78
E_03012,BUS_001,PASS_03_001_02,SEG_038,2026-09-20T09:00:03.700000,2026-09-20T09:00:04.200000,2026-09-20T09:00:04.700000,9.93633925792746,76.26738589974586,POTHOLE,2,1,0.824
E_03013,BUS_001,PASS_03_001_02,SEG_037,2026-09-20T09:00:04.900000,2026-09-20T09:00:05.400000,2026-09-20T09:00:05.900000,9.936665415891053,76.26809539141736,POTHOLE,5,1,0.97
E_03014,BUS_001,PASS_03_001_02,SEG_036,2026-09-20T09:00:06.400000,2026-09-20T09:00:06.900000,2026-09-20T09:00:07.400000,9.937528807241975,76.26866433831708,POTHOLE,3,1,0.84
E_03015,BUS_001,PASS_03_001_02,SEG_035,2026-09-20T09:00:05.500000,2026-09-20T09:00:06,2026-09-20T09:00:06.500000,9.938438600758477,76.26947160117618,SPEED_BREAKER,3,1,0.829
E_03016,BUS_001,PASS_03_001_02,SEG_033,2026-09-20T09:00:04.800000,2026-09-20T09:00:05.300000,2026-09-20T09:00:05.800000,9.940111007554277,76.27094681415367,SPEED_BREAKER,5,1,0.951
E_03017,BUS_001,PASS_03_001_02,SEG_029,2026-09-20T09:00:06,2026-09-20T09:00:06.500000,2026-09-20T09:00:07,9.943274499556727,76.2742413617295,SPEED_BREAKER,3,1,0.904
E_03018,BUS_001,PASS_03_001_02,SEG_028,2026-09-20T09:00:06.800000,2026-09-20T09:00:07.300000,2026-09-20T09:00:07.800000,9.94396323073751,76.27520182852687,SPEED_BREAKER,3,1,0.876
E_03019,BUS_001,PASS_03_001_02,SEG_025,2026-09-20T09:00:03.500000,2026-09-20T09:00:04,2026-09-20T09:00:04.500000,9.945445315416679,76.27842081615739,SPEED_BREAKER,3,1,0.885
E_03020,BUS_001,PASS_03_001_02,SEG_023,2026-09-20T09:00:05.100000,2026-09-20T09:00:05.600000,2026-09-20T09:00:06.100000,9.946583416004092,76.28026308968317,SPEED_BREAKER,4,1,0.9
E_03021,BUS_002,PASS_03_002_01,SEG_152,2026-09-20T06:40:05.100000,2026-09-20T06:40:05.600000,2026-09-20T06:40:06.100000,9.852381198101527,76.20484587601185,SPEED_BREAKER,2,1,0.83
E_03022,BUS_002,PASS_03_002_01,SEG_149,2026-09-20T06:40:06.500000,2026-09-20T06:40:07,2026-09-20T06:40:07.500000,9.849871267045721,76.20722416625944,SPEED_BREAKER,4,1,0.901
E_03023,BUS_002,PASS_03_002_01,SEG_148,2026-09-20T06:40:03.800000,2026-09-20T06:40:04.300000,2026-09-20T06:40:04.800000,9.849524414192855,76.20826635116141,SPEED_BREAKER,1,1,0.749
E_03024,BUS_002,PASS_03_002_01,SEG_147,2026-09-20T06:40:05,2026-09-20T06:40:05.500000,2026-09-20T06:40:06,9.849614413047421,76.2095871980331,SPEED_BREAKER,2,1,0.68
E_03025,BUS_002,PASS_03_002_01,SEG_146,2026-09-20T06:40:05.600000,2026-09-20T06:40:06.100000,2026-09-20T06:40:06.600000,9.849756474318276,76.2110168508848,SPEED_BREAKER,3,1,0.855
E_03026,BUS_002,PASS_03_002_01,SEG_145,2026-09-20T06:40:05.700000,2026-09-20T06:40:07,2026-09-20T06:40:08.300000,9.849755885516574,76.21243062998177,BROKEN_PATCH,5,1,0.939
E_03027,BUS_002,PASS_03_002_01,SEG_143,2026-09-20T06:40:05.300000,2026-09-20T06:40:06,2026-09-20T06:40:06.700000,9.849797906875354,76.21412875090876,BROKEN_PATCH,4,1,0.953
E_03028,BUS_002,PASS_03_002_01,SEG_141,2026-09-20T06:40:04.300000,2026-09-20T06:40:05.300000,2026-09-20T06:40:06.300000,9.850279161875784,76.21601708793153,BROKEN_PATCH,2,1,0.8
E_03029,BUS_002,PASS_03_002_01,SEG_137,2026-09-20T06:40:08.600000,2026-09-20T06:40:10,2026-09-20T06:40:11.400000,9.851604811981375,76.2199928403007,BROKEN_PATCH,2,1,0.81
E_03030,BUS_002,PASS_03_002_01,SEG_136,2026-09-20T06:40:07,2026-09-20T06:40:08,2026-09-20T06:40:09,9.852079243160548,76.22108208590232,BROKEN_PATCH,4,1,0.885
E_03031,BUS_002,PASS_03_002_01,SEG_132,2026-09-20T06:40:07.300000,2026-09-20T06:40:08.400000,2026-09-20T06:40:09.500000,9.853448295540518,76.22497256076495,BROKEN_PATCH,3,1,0.795
E_03032,BUS_002,PASS_03_002_01,SEG_128,2026-09-20T06:40:04.800000,2026-09-20T06:40:06.100000,2026-09-20T06:40:07.400000,9.855383521466539,76.22931681021774,BROKEN_PATCH,3,1,0.809
E_03033,BUS_002,PASS_03_002_01,SEG_125,2026-09-20T06:40:03.500000,2026-09-20T06:40:07.400000,2026-09-20T06:40:11.300000,9.857618712875897,76.23144235617237,ROUGHNESS,3,1,0.803
E_03034,BUS_002,PASS_03_002_01,SEG_124,2026-09-20T06:40:04.700000,2026-09-20T06:40:08.600000,2026-09-20T06:40:12.500000,9.858285635766117,76.2320664008043,ROUGHNESS,5,1,0.912
E_03035,BUS_002,PASS_03_002_01,SEG_123,2026-09-20T06:40:03.100000,2026-09-20T06:40:07,2026-09-20T06:40:10.900000,9.859538114323787,76.23297643231342,ROUGHNESS,2,1,0.847
E_03036,BUS_002,PASS_03_002_01,SEG_122,2026-09-20T06:40:09.400000,2026-09-20T06:40:10.800000,2026-09-20T06:40:12.200000,9.860229729033824,76.2335701237669,BROKEN_PATCH,5,1,0.946
E_03037,BUS_002,PASS_03_002_01,SEG_121,2026-09-20T06:40:04.100000,2026-09-20T06:40:08,2026-09-20T06:40:11.900000,9.861328214758757,76.23435471116792,ROUGHNESS,5,1,0.912
E_03038,BUS_002,PASS_03_002_01,SEG_119,2026-09-20T06:40:06,2026-09-20T06:40:09.900000,2026-09-20T06:40:13.800000,9.86300192526041,76.23579408604739,ROUGHNESS,4,1,0.91
E_03039,BUS_002,PASS_03_002_01,SEG_118,2026-09-20T06:40:09.200000,2026-09-20T06:40:09.700000,2026-09-20T06:40:10.200000,9.863803333414909,76.23651797501766,POTHOLE,2,1,0.837
E_03040,BUS_002,PASS_03_002_01,SEG_117,2026-09-20T06:40:08.800000,2026-09-20T06:40:09.300000,2026-09-20T06:40:09.800000,9.864627779737862,76.237186547029,POTHOLE,1,1,0.812
E_03041,BUS_002,PASS_03_002_01,SEG_116,2026-09-20T06:40:04.800000,2026-09-20T06:40:08.700000,2026-09-20T06:40:12.600000,9.865760776708182,76.23817085681284,ROUGHNESS,4,1,0.904
E_03042,BUS_002,PASS_03_002_01,SEG_115,2026-09-20T06:40:03.100000,2026-09-20T06:40:07,2026-09-20T06:40:10.900000,9.86702148392949,76.23903055233586,ROUGHNESS,3,1,0.796
E_03043,BUS_002,PASS_03_002_01,SEG_114,2026-09-20T06:40:06.900000,2026-09-20T06:40:10.800000,2026-09-20T06:40:14.700000,9.86795133980441,76.23955742495447,ROUGHNESS,2,1,0.824
E_03044,BUS_002,PASS_03_002_01,SEG_113,2026-09-20T06:40:09.600000,2026-09-20T06:40:10.100000,2026-09-20T06:40:10.600000,9.868791252901627,76.23997005270859,POTHOLE,3,1,0.841
E_03045,BUS_002,PASS_03_002_01,SEG_112,2026-09-20T06:40:10.800000,2026-09-20T06:40:11.300000,2026-09-20T06:40:11.800000,9.869657268541026,76.24062609368342,POTHOLE,3,1,0.889
E_03046,BUS_002,PASS_03_002_01,SEG_111,2026-09-20T06:40:09.400000,2026-09-20T06:40:09.900000,2026-09-20T06:40:10.400000,9.87085232394358,76.24080101868088,POTHOLE,5,1,0.97
E_03047,BUS_002,PASS_03_002_01,SEG_110,2026-09-20T06:40:10.300000,2026-09-20T06:40:10.800000,2026-09-20T06:40:11.300000,9.872153587991978,76.24048176284285,POTHOLE,5,1,0.916
E_03048,BUS_002,PASS_03_002_01,SEG_109,2026-09-20T06:40:02.800000,2026-09-20T06:40:06.700000,2026-09-20T06:40:10.600000,9.873607914110064,76.24028263115947,ROUGHNESS,5,1,0.958
E_03049,BUS_002,PASS_03_002_01,SEG_108,2026-09-20T06:40:08.600000,2026-09-20T06:40:09.100000,2026-09-20T06:40:09.600000,9.87429759310161,76.24000735915313,POTHOLE,3,1,0.835
E_03050,BUS_002,PASS_03_002_01,SEG_107,2026-09-20T06:40:06.700000,2026-09-20T06:40:10.600000,2026-09-20T06:40:14.500000,9.875353984639972,76.23954368921362,ROUGHNESS,2,1,0.869
E_03051,BUS_002,PASS_03_002_01,SEG_106,2026-09-20T06:40:04.300000,2026-09-20T06:40:08.200000,2026-09-20T06:40:12.100000,9.876838890178501,76.2390007219079,ROUGHNESS,3,1,0.842
E_03052,BUS_002,PASS_03_002_01,SEG_105,2026-09-20T06:40:06.200000,2026-09-20T06:40:06.800000,2026-09-20T06:40:07.400000,9.87816114250433,76.23861239605435,SPEED_BREAKER,2,1,0.814
E_03053,BUS_002,PASS_03_002_01,SEG_101,2026-09-20T06:40:04.100000,2026-09-20T06:40:08,2026-09-20T06:40:11.900000,9.882643767427677,76.23844149447105,ROUGHNESS,4,1,0.903
E_03054,BUS_002,PASS_03_002_01,SEG_100,2026-09-20T06:40:09.800000,2026-09-20T06:40:10.400000,2026-09-20T06:40:11,9.883758905417617,76.23844494569688,SPEED_BREAKER,2,1,0.812
E_03055,BUS_002,PASS_03_002_01,SEG_098,2026-09-20T06:40:06.400000,2026-09-20T06:40:07,2026-09-20T06:40:07.600000,9.886400685349347,76.23845669738235,SPEED_BREAKER,5,1,0.914
E_03056,BUS_002,PASS_03_002_01,SEG_095,2026-09-20T06:40:05.700000,2026-09-20T06:40:06.300000,2026-09-20T06:40:06.900000,9.889628051577256,76.23868362628704,SPEED_BREAKER,5,1,0.951
E_03057,BUS_002,PASS_03_002_01,SEG_094,2026-09-20T06:40:09.100000,2026-09-20T06:40:09.700000,2026-09-20T06:40:10.300000,9.891003034968522,76.2386744222838,SPEED_BREAKER,5,1,0.951
E_03058,BUS_002,PASS_03_002_01,SEG_093,2026-09-20T06:40:10.400000,2026-09-20T06:40:11,2026-09-20T06:40:11.600000,9.892012136939424,76.23869435186126,SPEED_BREAKER,1,1,0.751
E_03059,BUS_002,PASS_03_002_01,SEG_081,2026-09-20T06:40:05,2026-09-20T06:40:06.100000,2026-09-20T06:40:07.200000,9.906440926730328,76.2366907042938,BROKEN_PATCH,1,1,0.739
E_03060,BUS_002,PASS_03_002_01,SEG_078,2026-09-20T06:40:05,2026-09-20T06:40:06.100000,2026-09-20T06:40:07.200000,9.90959248770047,76.2356197826146,BROKEN_PATCH,1,1,0.773
E_03061,BUS_002,PASS_03_002_01,SEG_076,2026-09-20T06:40:06.500000,2026-09-20T06:40:07.400000,2026-09-20T06:40:08.300000,9.911061963320893,76.23527335706137,BROKEN_PATCH,3,1,0.825
E_03062,BUS_002,PASS_03_002_01,SEG_074,2026-09-20T06:40:07,2026-09-20T06:40:08.200000,2026-09-20T06:40:09.400000,9.913550236070686,76.23544580901564,BROKEN_PATCH,1,1,0.765
E_03063,BUS_002,PASS_03_002_01,SEG_071,2026-09-20T06:40:07.100000,2026-09-20T06:40:08.500000,2026-09-20T06:40:09.900000,9.916267363003836,76.23764695566422,BROKEN_PATCH,4,1,0.848
E_03064,BUS_002,PASS_03_002_01,SEG_070,2026-09-20T06:40:05.400000,2026-09-20T06:40:05.900000,2026-09-20T06:40:06.400000,9.917444208716567,76.23844240476983,POTHOLE,5,1,0.945
E_03065,BUS_002,PASS_03_002_01,SEG_067,2026-09-20T06:40:06.200000,2026-09-20T06:40:06.700000,2026-09-20T06:40:07.200000,9.921367291415441,76.2401577912049,POTHOLE,4,1,0.933
E_03066,BUS_002,PASS_03_002_01,SEG_065,2026-09-20T06:40:04.900000,2026-09-20T06:40:05.300000,2026-09-20T06:40:05.700000,9.92306407388401,76.24152290284837,POTHOLE,4,1,0.942
E_03067,BUS_002,PASS_03_002_01,SEG_065,2026-09-20T06:40:03.200000,2026-09-20T06:40:04,2026-09-20T06:40:04.800000,9.923258284544035,76.24161266804563,BROKEN_PATCH,3,1,0.871
E_03068,BUS_002,PASS_03_002_01,SEG_063,2026-09-20T06:40:02,2026-09-20T06:40:04.400000,2026-09-20T06:40:06.800000,9.924487743735268,76.24299318099997,ROUGHNESS,2,1,0.856
E_03069,BUS_002,PASS_03_002_01,SEG_061,2026-09-20T06:40:03.200000,2026-09-20T06:40:03.700000,2026-09-20T06:40:04.200000,9.92577120278706,76.24412646384164,POTHOLE,4,1,0.856
E_03070,BUS_002,PASS_03_002_01,SEG_060,2026-09-20T06:40:03.800000,2026-09-20T06:40:06.600000,2026-09-20T06:40:09.400000,9.926460058363736,76.24477054698426,ROUGHNESS,3,1,0.804
E_03071,BUS_002,PASS_03_002_01,SEG_059,2026-09-20T06:40:05.100000,2026-09-20T06:40:07.700000,2026-09-20T06:40:10.300000,9.92732566929876,76.24527973492475,ROUGHNESS,2,1,0.821
E_03072,BUS_002,PASS_03_002_01,SEG_058,2026-09-20T06:40:02,2026-09-20T06:40:05.300000,2026-09-20T06:40:08.600000,9.928551224861346,76.24663785675465,ROUGHNESS,2,1,0.837
E_03073,BUS_002,PASS_03_002_01,SEG_054,2026-09-20T06:40:03.600000,2026-09-20T06:40:04.100000,2026-09-20T06:40:07.600000,9.93074627343537,76.24988720445178,ROUGHNESS,2,1,0.798
E_03074,BUS_002,PASS_03_002_01,SEG_053,2026-09-20T06:40:03.800000,2026-09-20T06:40:06.600000,2026-09-20T06:40:09.400000,9.931148259836545,76.25107791784215,ROUGHNESS,2,1,0.823
E_03075,BUS_002,PASS_03_002_01,SEG_051,2026-09-20T06:40:06.700000,2026-09-20T06:40:07.200000,2026-09-20T06:40:07.700000,9.93220404761541,76.25302733660469,POTHOLE,4,1,0.922
E_03076,BUS_002,PASS_03_002_01,SEG_050,2026-09-20T06:40:02.400000,2026-09-20T06:40:06.300000,2026-09-20T06:40:10.200000,9.933047047350874,76.25441323708083,ROUGHNESS,2,1,0.752
E_03077,BUS_002,PASS_03_002_01,SEG_049,2026-09-20T06:40:03.400000,2026-09-20T06:40:05.600000,2026-09-20T06:40:07.800000,9.933453688386743,76.25507711432108,ROUGHNESS,3,1,0.822
E_03078,BUS_002,PASS_03_002_01,SEG_048,2026-09-20T06:40:01.900000,2026-09-20T06:40:04.700000,2026-09-20T06:40:07.500000,9.93394675128369,76.25636902193466,ROUGHNESS,5,1,0.965
E_03079,BUS_002,PASS_03_002_01,SEG_046,2026-09-20T06:40:06.700000,2026-09-20T06:40:07.200000,2026-09-20T06:40:07.700000,9.934208831046803,76.25842170579183,POTHOLE,2,1,0.817
E_03080,BUS_002,PASS_03_002_01,SEG_044,2026-09-20T06:40:02.600000,2026-09-20T06:40:03.100000,2026-09-20T06:40:03.600000,9.934732024513114,76.26017340337481,POTHOLE,2,1,0.763
E_03081,BUS_002,PASS_03_002_01,SEG_042,2026-09-20T06:40:02.500000,2026-09-20T06:40:03,2026-09-20T06:40:03.500000,9.935326147820914,76.26237925469086,POTHOLE,5,1,0.891
E_03082,BUS_002,PASS_03_002_01,SEG_041,2026-09-20T06:40:06.900000,2026-09-20T06:40:07.400000,2026-09-20T06:40:07.900000,9.935540737599656,76.26329074053862,POTHOLE,5,1,0.93
E_03083,BUS_002,PASS_03_002_01,SEG_040,2026-09-20T06:40:06.200000,2026-09-20T06:40:06.700000,2026-09-20T06:40:07.200000,9.935820270780008,76.26469408145371,POTHOLE,5,1,0.904
E_03084,BUS_002,PASS_03_002_01,SEG_039,2026-09-20T06:40:05,2026-09-20T06:40:05.500000,2026-09-20T06:40:06,9.936036609388903,76.26617412438557,POTHOLE,5,1,0.97
E_03085,BUS_002,PASS_03_002_01,SEG_037,2026-09-20T06:40:02.700000,2026-09-20T06:40:03.200000,2026-09-20T06:40:03.700000,9.93689534964347,76.26817652823584,POTHOLE,3,1,0.822
E_03086,BUS_002,PASS_03_002_01,SEG_036,2026-09-20T06:40:03.500000,2026-09-20T06:40:04,2026-09-20T06:40:04.500000,9.937617788376977,76.2688146655583,POTHOLE,3,1,0.881
E_03087,BUS_002,PASS_03_002_01,SEG_035,2026-09-20T06:40:03.400000,2026-09-20T06:40:03.900000,2026-09-20T06:40:04.400000,9.938473987009964,76.26957603325378,SPEED_BREAKER,2,1,0.808
E_03088,BUS_002,PASS_03_002_01,SEG_033,2026-09-20T06:40:05.800000,2026-09-20T06:40:06.300000,2026-09-20T06:40:06.800000,9.940145387722962,76.2709569061426,SPEED_BREAKER,3,1,0.838
E_03089,BUS_002,PASS_03_002_01,SEG_029,2026-09-20T06:40:04.800000,2026-09-20T06:40:05.300000,2026-09-20T06:40:05.800000,9.943319554758272,76.27424215020955,SPEED_BREAKER,1,1,0.762
E_03090,BUS_002,PASS_03_002_01,SEG_028,2026-09-20T06:40:04.800000,2026-09-20T06:40:05.300000,2026-09-20T06:40:05.800000,9.944163437246273,76.27547380270212,SPEED_BREAKER,3,1,0.865
E_03091,BUS_002,PASS_03_002_01,SEG_024,2026-09-20T06:40:04,2026-09-20T06:40:04.500000,2026-09-20T06:40:05,9.945885417170999,76.27918526281994,SPEED_BREAKER,5,1,0.967
E_03092,BUS_002,PASS_03_002_01,SEG_023,2026-09-20T06:40:03.900000,2026-09-20T06:40:04.400000,2026-09-20T06:40:04.900000,9.946677317567039,76.28043544569987,SPEED_BREAKER,3,1,0.844
E_03093,BUS_002,PASS_03_002_02,SEG_024,2026-09-20T09:10:06,2026-09-20T09:10:06.500000,2026-09-20T09:10:07,9.945930498342035,76.27921703721425,SPEED_BREAKER,3,1,0.896
E_03094,BUS_002,PASS_03_002_02,SEG_026,2026-09-20T09:10:03.800000,2026-09-20T09:10:04.300000,2026-09-20T09:10:04.800000,9.945156065743555,76.2776050520193,SPEED_BREAKER,1,1,0.744
E_03095,BUS_002,PASS_03_002_02,SEG_028,2026-09-20T09:10:05.800000,2026-09-20T09:10:06.300000,2026-09-20T09:10:06.800000,9.944033486847188,76.27551447524776,SPEED_BREAKER,3,1,0.821
E_03096,BUS_002,PASS_03_002_02,SEG_029,2026-09-20T09:10:05,2026-09-20T09:10:05.500000,2026-09-20T09:10:06,9.94339826316531,76.27443026025531,SPEED_BREAKER,4,1,0.842
E_03097,BUS_002,PASS_03_002_02,SEG_035,2026-09-20T09:10:06.400000,2026-09-20T09:10:06.900000,2026-09-20T09:10:07.400000,9.938359291519468,76.2694869146722,SPEED_BREAKER,5,1,0.93
E_03098,BUS_002,PASS_03_002_02,SEG_036,2026-09-20T09:10:04.700000,2026-09-20T09:10:05.200000,2026-09-20T09:10:05.700000,9.93759899099913,76.26878305138457,POTHOLE,3,1,0.837
E_03099,BUS_002,PASS_03_002_02,SEG_037,2026-09-20T09:10:06,2026-09-20T09:10:06.500000,2026-09-20T09:10:07,9.936738719048696,76.26798180911557,POTHOLE,2,1,0.811
E_03100,BUS_002,PASS_03_002_02,SEG_039,2026-09-20T09:10:08.800000,2026-09-20T09:10:09.300000,2026-09-20T09:10:09.800000,9.936149822908298,76.26593756801525,POTHOLE,1,1,0.714
E_03101,BUS_002,PASS_03_002_02,SEG_041,2026-09-20T09:10:05.600000,2026-09-20T09:10:06.100000,2026-09-20T09:10:06.600000,9.93563772792871,76.26363939377096,POTHOLE,3,1,0.838
E_03102,BUS_002,PASS_03_002_02,SEG_042,2026-09-20T09:10:04.400000,2026-09-20T09:10:04.900000,2026-09-20T09:10:05.400000,9.935309187884995,76.26229331069814,POTHOLE,2,1,0.817
E_03103,BUS_002,PASS_03_002_02,SEG_043,2026-09-20T09:10:07.400000,2026-09-20T09:10:07.900000,2026-09-20T09:10:08.400000,9.934991842948856,76.26129844900133,POTHOLE,1,1,0.769
E_03104,BUS_002,PASS_03_002_02,SEG_044,2026-09-20T09:10:03.600000,2026-09-20T09:10:04.100000,2026-09-20T09:10:04.600000,9.934793355874705,76.2603041815648,POTHOLE,1,1,0.722
E_03105,BUS_002,PASS_03_002_02,SEG_046,2026-09-20T09:10:10.700000,2026-09-20T09:10:11.200000,2026-09-20T09:10:11.700000,9.934088562372196,76.25807045854637,POTHOLE,2,1,0.855
E_03106,BUS_002,PASS_03_002_02,SEG_048,2026-09-20T09:10:06,2026-09-20T09:10:09.900000,2026-09-20T09:10:13.800000,9.933763230342041,76.25624113059041,ROUGHNESS,2,1,0.87
E_03107,BUS_002,PASS_03_002_02,SEG_049,2026-09-20T09:10:03,2026-09-20T09:10:06.300000,2026-09-20T09:10:09.600000,9.933485237263486,76.2552629157679,ROUGHNESS,2,1,0.779
E_03108,BUS_002,PASS_03_002_02,SEG_050,2026-09-20T09:10:06.700000,2026-09-20T09:10:10.600000,2026-09-20T09:10:14.500000,9.932903500767143,76.25397389771652,ROUGHNESS,5,1,0.889
E_03109,BUS_002,PASS_03_002_02,SEG_054,2026-09-20T09:10:02.300000,2026-09-20T09:10:05.400000,2026-09-20T09:10:08.500000,9.930694921848803,76.24999905113474,ROUGHNESS,1,1,0.738
E_03110,BUS_002,PASS_03_002_02,SEG_058,2026-09-20T09:10:04.800000,2026-09-20T09:10:08.700000,2026-09-20T09:10:12.600000,9.92838841449759,76.24648138209336,ROUGHNESS,2,1,0.818
E_03111,BUS_002,PASS_03_002_02,SEG_059,2026-09-20T09:10:07,2026-09-20T09:10:10.900000,2026-09-20T09:10:14.800000,9.927134158212473,76.24545473099518,ROUGHNESS,2,1,0.821
E_03112,BUS_002,PASS_03_002_02,SEG_061,2026-09-20T09:10:07.700000,2026-09-20T09:10:08.200000,2026-09-20T09:10:08.700000,9.925573796377973,76.24386769706888,POTHOLE,5,1,0.97
E_03113,BUS_002,PASS_03_002_02,SEG_062,2026-09-20T09:10:05.800000,2026-09-20T09:10:06.300000,2026-09-20T09:10:06.800000,9.925049719203788,76.24359988855926,POTHOLE,5,1,0.97
E_03114,BUS_002,PASS_03_002_02,SEG_063,2026-09-20T09:10:05.700000,2026-09-20T09:10:09.300000,2026-09-20T09:10:12.900000,9.924373876937688,76.24291233096794,ROUGHNESS,3,1,0.843
E_03115,BUS_002,PASS_03_002_02,SEG_064,2026-09-20T09:10:05.300000,2026-09-20T09:10:05.800000,2026-09-20T09:10:06.300000,9.923702746558533,76.24215219556157,POTHOLE,3,1,0.815
E_03116,BUS_002,PASS_03_002_02,SEG_065,2026-09-20T09:10:07.600000,2026-09-20T09:10:08.700000,2026-09-20T09:10:09.800000,9.923092133951302,76.24141762963094,BROKEN_PATCH,5,1,0.932
E_03117,BUS_002,PASS_03_002_02,SEG_067,2026-09-20T09:10:09.100000,2026-09-20T09:10:09.600000,2026-09-20T09:10:10.100000,9.921364951353974,76.24008927320688,POTHOLE,1,1,0.79
E_03118,BUS_002,PASS_03_002_02,SEG_068,2026-09-20T09:10:07.400000,2026-09-20T09:10:07.900000,2026-09-20T09:10:08.400000,9.920121309874228,76.2396157105457,POTHOLE,5,1,0.941
E_03119,BUS_002,PASS_03_002_02,SEG_071,2026-09-20T09:10:06.800000,2026-09-20T09:10:08.200000,2026-09-20T09:10:09.600000,9.916398842905343,76.23762214913945,BROKEN_PATCH,3,1,0.856
E_03120,BUS_002,PASS_03_002_02,SEG_074,2026-09-20T09:10:08.900000,2026-09-20T09:10:10.300000,2026-09-20T09:10:11.700000,9.913582575688718,76.23522668656662,BROKEN_PATCH,5,1,0.954
E_03121,BUS_002,PASS_03_002_02,SEG_078,2026-09-20T09:10:08.600000,2026-09-20T09:10:09.800000,2026-09-20T09:10:11,9.909405521220469,76.23577571697082,BROKEN_PATCH,1,1,0.756
E_03122,BUS_002,PASS_03_002_02,SEG_087,2026-09-20T09:10:08,2026-09-20T09:10:08.500000,2026-09-20T09:10:09,9.89982699192935,76.2377373135532,SPEED_BREAKER,5,1,0.95
E_03123,BUS_002,PASS_03_002_02,SEG_089,2026-09-20T09:10:07.800000,2026-09-20T09:10:08.400000,2026-09-20T09:10:09,9.897642590873772,76.23826930211976,SPEED_BREAKER,3,1,0.859
E_03124,BUS_002,PASS_03_002_02,SEG_093,2026-09-20T09:10:08.700000,2026-09-20T09:10:09.300000,2026-09-20T09:10:09.900000,9.892053541711656,76.23867034564218,SPEED_BREAKER,3,1,0.869
E_03125,BUS_002,PASS_03_002_02,SEG_095,2026-09-20T09:10:09.500000,2026-09-20T09:10:10.100000,2026-09-20T09:10:10.700000,9.88936044842234,76.2385301429732,SPEED_BREAKER,3,1,0.913
E_03126,BUS_002,PASS_03_002_02,SEG_098,2026-09-20T09:10:09.900000,2026-09-20T09:10:10.500000,2026-09-20T09:10:11.100000,9.88615651470796,76.238443837177,SPEED_BREAKER,4,1,0.88
E_03127,BUS_002,PASS_03_002_02,SEG_100,2026-09-20T09:10:06.700000,2026-09-20T09:10:07.300000,2026-09-20T09:10:07.900000,9.884052192103356,76.23850984023773,SPEED_BREAKER,1,1,0.723
E_03128,BUS_002,PASS_03_002_02,SEG_101,2026-09-20T09:10:04,2026-09-20T09:10:07.900000,2026-09-20T09:10:11.800000,9.882608064696646,76.23857897886548,ROUGHNESS,4,1,0.907
E_03129,BUS_002,PASS_03_002_02,SEG_104,2026-09-20T09:10:10,2026-09-20T09:10:10.600000,2026-09-20T09:10:11.200000,9.879123764103129,76.23841658735981,SPEED_BREAKER,5,1,0.945
E_03130,BUS_002,PASS_03_002_02,SEG_105,2026-09-20T09:10:07.600000,2026-09-20T09:10:08.200000,2026-09-20T09:10:08.800000,9.87816952397718,76.23855771802569,SPEED_BREAKER,3,1,0.885
E_03131,BUS_002,PASS_03_002_02,SEG_106,2026-09-20T09:10:04.100000,2026-09-20T09:10:08,2026-09-20T09:10:11.900000,9.876932468303101,76.23915579415676,ROUGHNESS,3,1,0.85
E_03132,BUS_002,PASS_03_002_02,SEG_107,2026-09-20T09:10:03.900000,2026-09-20T09:10:07.800000,2026-09-20T09:10:11.700000,9.875619459902321,76.23960449108469,ROUGHNESS,4,1,0.957
E_03133,BUS_002,PASS_03_002_02,SEG_108,2026-09-20T09:10:10.900000,2026-09-20T09:10:11.400000,2026-09-20T09:10:11.900000,9.87417370632271,76.24003799876232,POTHOLE,4,1,0.865
E_03134,BUS_002,PASS_03_002_02,SEG_109,2026-09-20T09:10:10.500000,2026-09-20T09:10:11,2026-09-20T09:10:11.500000,9.873182526136231,76.24025953684274,POTHOLE,5,1,0.97
E_03135,BUS_002,PASS_03_002_02,SEG_111,2026-09-20T09:10:10.800000,2026-09-20T09:10:11.300000,2026-09-20T09:10:11.800000,9.870734085000272,76.24078270787408,POTHOLE,1,1,0.743
E_03136,BUS_002,PASS_03_002_02,SEG_112,2026-09-20T09:10:06.900000,2026-09-20T09:10:10.500000,2026-09-20T09:10:14.100000,9.869878882663436,76.2407144759978,ROUGHNESS,1,1,0.749
E_03137,BUS_002,PASS_03_002_02,SEG_114,2026-09-20T09:10:07.200000,2026-09-20T09:10:11,2026-09-20T09:10:14.800000,9.867952978646633,76.23955106505429,ROUGHNESS,1,1,0.715
E_03138,BUS_002,PASS_03_002_02,SEG_115,2026-09-20T09:10:03.300000,2026-09-20T09:10:07.200000,2026-09-20T09:10:11.100000,9.867199440094403,76.23919773662791,ROUGHNESS,1,1,0.735
E_03139,BUS_002,PASS_03_002_02,SEG_116,2026-09-20T09:10:06.800000,2026-09-20T09:10:10.700000,2026-09-20T09:10:14.600000,9.865583342800898,76.23798261690524,ROUGHNESS,4,1,0.904
E_03140,BUS_002,PASS_03_002_02,SEG_117,2026-09-20T09:10:07.100000,2026-09-20T09:10:07.600000,2026-09-20T09:10:08.100000,9.864673784428065,76.23727483840986,POTHOLE,5,1,0.97
E_03141,BUS_002,PASS_03_002_02,SEG_119,2026-09-20T09:10:03.900000,2026-09-20T09:10:07.800000,2026-09-20T09:10:11.700000,9.863109383510755,76.23590046553497,ROUGHNESS,2,1,0.866
E_03142,BUS_002,PASS_03_002_02,SEG_121,2026-09-20T09:10:04.100000,2026-09-20T09:10:08,2026-09-20T09:10:11.900000,9.861304072303417,76.23441365220637,ROUGHNESS,4,1,0.867
E_03143,BUS_002,PASS_03_002_02,SEG_123,2026-09-20T09:10:05.900000,2026-09-20T09:10:09.800000,2026-09-20T09:10:13.700000,9.859197106667082,76.23287934497208,ROUGHNESS,5,1,0.962
E_03144,BUS_002,PASS_03_002_02,SEG_124,2026-09-20T09:10:07.300000,2026-09-20T09:10:11.200000,2026-09-20T09:10:15.100000,9.858232233045312,76.23206372759489,ROUGHNESS,1,1,0.745
E_03145,BUS_002,PASS_03_002_02,SEG_125,2026-09-20T09:10:06.600000,2026-09-20T09:10:10.500000,2026-09-20T09:10:14.400000,9.857394083940493,76.23150040408335,ROUGHNESS,4,1,0.955
E_03146,BUS_002,PASS_03_002_02,SEG_128,2026-09-20T09:10:07.900000,2026-09-20T09:10:09.300000,2026-09-20T09:10:10.700000,9.855232420660297,76.22903208190341,BROKEN_PATCH,4,1,0.93
E_03147,BUS_002,PASS_03_002_02,SEG_132,2026-09-20T09:10:09.800000,2026-09-20T09:10:11.200000,2026-09-20T09:10:12.600000,9.853457163119218,76.22479510344348,BROKEN_PATCH,3,1,0.809
E_03148,BUS_002,PASS_03_002_02,SEG_133,2026-09-20T09:10:07.200000,2026-09-20T09:10:08.500000,2026-09-20T09:10:09.800000,9.85315296287317,76.22433118901081,BROKEN_PATCH,2,1,0.828
E_03149,BUS_002,PASS_03_002_02,SEG_137,2026-09-20T09:10:07.300000,2026-09-20T09:10:08.700000,2026-09-20T09:10:10.100000,9.851756939932686,76.22016677292767,BROKEN_PATCH,4,1,0.967
E_03150,BUS_002,PASS_03_002_02,SEG_139,2026-09-20T09:10:04.900000,2026-09-20T09:10:06.200000,2026-09-20T09:10:07.500000,9.851003402030585,76.2181479521359,BROKEN_PATCH,5,1,0.96
E_03151,BUS_002,PASS_03_002_02,SEG_141,2026-09-20T09:10:08.500000,2026-09-20T09:10:09.900000,2026-09-20T09:10:11.300000,9.850328360790671,76.2159645948552,BROKEN_PATCH,1,1,0.723
E_03152,BUS_002,PASS_03_002_02,SEG_143,2026-09-20T09:10:06.200000,2026-09-20T09:10:07.300000,2026-09-20T09:10:08.400000,9.84981039830587,76.21426051438694,BROKEN_PATCH,1,1,0.762
E_03153,BUS_002,PASS_03_002_02,SEG_144,2026-09-20T09:10:06.200000,2026-09-20T09:10:07.300000,2026-09-20T09:10:08.400000,9.849739235785682,76.21340760972782,BROKEN_PATCH,5,1,0.932
E_03154,BUS_002,PASS_03_002_02,SEG_145,2026-09-20T09:10:07.400000,2026-09-20T09:10:08.800000,2026-09-20T09:10:10.200000,9.849788581878752,76.2122970554042,BROKEN_PATCH,2,1,0.837
E_03155,BUS_002,PASS_03_002_02,SEG_147,2026-09-20T09:10:07.600000,2026-09-20T09:10:08.200000,2026-09-20T09:10:08.800000,9.849625264414604,76.20954276912703,SPEED_BREAKER,3,1,0.813
E_03156,BUS_002,PASS_03_002_02,SEG_148,2026-09-20T09:10:04.700000,2026-09-20T09:10:05.200000,2026-09-20T09:10:05.700000,9.849519480998932,76.2083523431472,SPEED_BREAKER,2,1,0.833
E_03157,BUS_002,PASS_03_002_02,SEG_149,2026-09-20T09:10:08.800000,2026-09-20T09:10:09.400000,2026-09-20T09:10:10,9.849654099113394,76.20742271829222,SPEED_BREAKER,5,1,0.905
E_03158,BUS_002,PASS_03_002_02,SEG_152,2026-09-20T09:10:05,2026-09-20T09:10:05.500000,2026-09-20T09:10:06,9.852241372289624,76.20489577124617,SPEED_BREAKER,4,1,0.891
E_03159,BUS_002,PASS_03_002_02,SEG_154,2026-09-20T09:10:06.100000,2026-09-20T09:10:06.600000,2026-09-20T09:10:07.100000,9.85362209098868,76.20324997638346,SPEED_BREAKER,5,1,0.97
E_03160,BUS_003,PASS_03_003_01,SEG_025,2026-09-20T06:51:04,2026-09-20T06:51:04.500000,2026-09-20T06:51:05,9.945329455190826,76.27830547261642,SPEED_BREAKER,3,1,0.835
E_03161,BUS_003,PASS_03_003_01,SEG_026,2026-09-20T06:51:03.700000,2026-09-20T06:51:04.200000,2026-09-20T06:51:04.700000,9.945112732219867,76.27749478677518,SPEED_BREAKER,1,1,0.748
E_03162,BUS_003,PASS_03_003_01,SEG_028,2026-09-20T06:51:06.600000,2026-09-20T06:51:07.100000,2026-09-20T06:51:07.600000,9.943888724470543,76.27538151269096,SPEED_BREAKER,4,1,0.94
E_03163,BUS_003,PASS_03_003_01,SEG_029,2026-09-20T06:51:04.100000,2026-09-20T06:51:04.600000,2026-09-20T06:51:05.100000,9.94337688600545,76.27427644283114,SPEED_BREAKER,2,1,0.826
E_03164,BUS_003,PASS_03_003_01,SEG_033,2026-09-20T06:51:04.900000,2026-09-20T06:51:05.400000,2026-09-20T06:51:05.900000,9.940118655103545,76.27083104495479,SPEED_BREAKER,5,1,0.875
E_03165,BUS_003,PASS_03_003_01,SEG_035,2026-09-20T06:51:02.700000,2026-09-20T06:51:03.200000,2026-09-20T06:51:03.700000,9.938516577994369,76.2696364875033,SPEED_BREAKER,1,1,0.724
E_03166,BUS_003,PASS_03_003_01,SEG_036,2026-09-20T06:51:05,2026-09-20T06:51:05.500000,2026-09-20T06:51:06,9.937411993458525,76.26860998382037,POTHOLE,2,1,0.771
E_03167,BUS_003,PASS_03_003_01,SEG_037,2026-09-20T06:51:02.100000,2026-09-20T06:51:02.600000,2026-09-20T06:51:03.100000,9.936911838742887,76.26818460514576,POTHOLE,5,1,0.97
E_03168,BUS_003,PASS_03_003_01,SEG_038,2026-09-20T06:51:02.400000,2026-09-20T06:51:02.900000,2026-09-20T06:51:03.400000,9.936350155476223,76.26742596502666,POTHOLE,4,1,0.901
E_03169,BUS_003,PASS_03_003_01,SEG_039,2026-09-20T06:51:04.100000,2026-09-20T06:51:04.600000,2026-09-20T06:51:05.100000,9.93597537818383,76.26608712731654,POTHOLE,1,1,0.743
E_03170,BUS_003,PASS_03_003_01,SEG_040,2026-09-20T06:51:05,2026-09-20T06:51:05.500000,2026-09-20T06:51:06,9.935889903969352,76.2649170781843,POTHOLE,2,1,0.746
E_03171,BUS_003,PASS_03_003_01,SEG_041,2026-09-20T06:51:03.500000,2026-09-20T06:51:04,2026-09-20T06:51:04.500000,9.935620042788653,76.26374611230676,POTHOLE,3,1,0.834
E_03172,BUS_003,PASS_03_003_01,SEG_042,2026-09-20T06:51:02.300000,2026-09-20T06:51:02.800000,2026-09-20T06:51:03.300000,9.935469291746381,76.26224304058977,POTHOLE,1,1,0.757
E_03173,BUS_003,PASS_03_003_01,SEG_043,2026-09-20T06:51:03.300000,2026-09-20T06:51:03.800000,2026-09-20T06:51:04.300000,9.935083738011722,76.26141102145567,POTHOLE,2,1,0.739
E_03174,BUS_003,PASS_03_003_01,SEG_046,2026-09-20T06:51:04.200000,2026-09-20T06:51:04.700000,2026-09-20T06:51:05.200000,9.934262319682642,76.25846016425785,POTHOLE,4,1,0.922
E_03175,BUS_003,PASS_03_003_01,SEG_048,2026-09-20T06:51:02.600000,2026-09-20T06:51:05.100000,2026-09-20T06:51:07.600000,9.93383196610771,76.25624634497002,ROUGHNESS,4,1,0.845
E_03176,BUS_003,PASS_03_003_01,SEG_049,2026-09-20T06:51:04.800000,2026-09-20T06:51:05.300000,2026-09-20T06:51:05.800000,9.933446228982543,76.25516594570018,POTHOLE,4,1,0.907
E_03177,BUS_003,PASS_03_003_01,SEG_053,2026-09-20T06:51:05.900000,2026-09-20T06:51:06.400000,2026-09-20T06:51:06.900000,9.931092381388364,76.2508751168317,POTHOLE,3,1,0.877
E_03178,BUS_003,PASS_03_003_01,SEG_054,2026-09-20T06:51:03.400000,2026-09-20T06:51:03.900000,2026-09-20T06:51:04.400000,9.930746870380668,76.24997757227375,POTHOLE,3,1,0.816
E_03179,BUS_003,PASS_03_003_01,SEG_058,2026-09-20T06:51:05.200000,2026-09-20T06:51:08.400000,2026-09-20T06:51:11.600000,9.928331355927396,76.24632906675662,ROUGHNESS,1,1,0.707
E_03180,BUS_003,PASS_03_003_01,SEG_059,2026-09-20T06:51:03.900000,2026-09-20T06:51:06.400000,2026-09-20T06:51:08.900000,9.927295365685003,76.2454540170979,ROUGHNESS,5,1,0.942
E_03181,BUS_003,PASS_03_003_01,SEG_060,2026-09-20T06:51:04.600000,2026-09-20T06:51:07.400000,2026-09-20T06:51:10.200000,9.926407921644842,76.24468523337218,ROUGHNESS,3,1,0.834
E_03182,BUS_003,PASS_03_003_01,SEG_062,2026-09-20T06:51:03.300000,2026-09-20T06:51:03.800000,2026-09-20T06:51:04.300000,9.924964033006209,76.24359490933114,POTHOLE,2,1,0.839
E_03183,BUS_003,PASS_03_003_01,SEG_063,2026-09-20T06:51:06.200000,2026-09-20T06:51:06.700000,2026-09-20T06:51:07.200000,9.924394405591915,76.24279264526201,POTHOLE,2,1,0.922
E_03184,BUS_003,PASS_03_003_01,SEG_064,2026-09-20T06:51:04.100000,2026-09-20T06:51:04.600000,2026-09-20T06:51:05.100000,9.923531937995879,76.24221825268577,POTHOLE,3,1,0.899
E_03185,BUS_003,PASS_03_003_01,SEG_065,2026-09-20T06:51:04.900000,2026-09-20T06:51:05.600000,2026-09-20T06:51:06.300000,9.923107412635538,76.24142895571852,BROKEN_PATCH,3,1,0.868
E_03186,BUS_003,PASS_03_003_01,SEG_067,2026-09-20T06:51:05.100000,2026-09-20T06:51:05.600000,2026-09-20T06:51:06.100000,9.921310409612648,76.24013466842581,POTHOLE,3,1,0.887
E_03187,BUS_003,PASS_03_003_01,SEG_068,2026-09-20T06:51:08.600000,2026-09-20T06:51:09.100000,2026-09-20T06:51:09.600000,9.91993963807758,76.23945917609305,POTHOLE,3,1,0.875
E_03188,BUS_003,PASS_03_003_01,SEG_071,2026-09-20T06:51:07.200000,2026-09-20T06:51:08.500000,2026-09-20T06:51:09.800000,9.916267339412745,76.23760899243204,BROKEN_PATCH,2,1,0.773
E_03189,BUS_003,PASS_03_003_01,SEG_074,2026-09-20T06:51:05.100000,2026-09-20T06:51:06.100000,2026-09-20T06:51:07.100000,9.913538125033185,76.2353183708185,BROKEN_PATCH,4,1,0.949
E_03190,BUS_003,PASS_03_003_01,SEG_076,2026-09-20T06:51:03.500000,2026-09-20T06:51:04.200000,2026-09-20T06:51:04.900000,9.911305153905209,76.23529253522531,BROKEN_PATCH,3,1,0.89
E_03191,BUS_003,PASS_03_003_01,SEG_078,2026-09-20T06:51:05.500000,2026-09-20T06:51:06.300000,2026-09-20T06:51:07.100000,9.90934110809406,76.23575031362112,BROKEN_PATCH,3,1,0.914
E_03192,BUS_003,PASS_03_003_01,SEG_081,2026-09-20T06:51:06,2026-09-20T06:51:06.800000,2026-09-20T06:51:07.600000,9.906235394596184,76.2367950644302,BROKEN_PATCH,2,1,0.794
E_03193,BUS_003,PASS_03_003_01,SEG_093,2026-09-20T06:51:08.700000,2026-09-20T06:51:09.200000,2026-09-20T06:51:09.700000,9.891942023968625,76.23869355704672,SPEED_BREAKER,2,1,0.79
E_03194,BUS_003,PASS_03_003_01,SEG_094,2026-09-20T06:51:10.300000,2026-09-20T06:51:10.900000,2026-09-20T06:51:11.500000,9.890750435112622,76.23863591697166,SPEED_BREAKER,5,1,0.921
E_03195,BUS_003,PASS_03_003_01,SEG_098,2026-09-20T06:51:07.500000,2026-09-20T06:51:08,2026-09-20T06:51:08.500000,9.886378127483683,76.2383516894017,SPEED_BREAKER,5,1,0.936
E_03196,BUS_003,PASS_03_003_01,SEG_100,2026-09-20T06:51:08,2026-09-20T06:51:08.600000,2026-09-20T06:51:09.200000,9.883917748399869,76.23847459531731,SPEED_BREAKER,2,1,0.82
E_03197,BUS_003,PASS_03_003_01,SEG_101,2026-09-20T06:51:02,2026-09-20T06:51:04.400000,2026-09-20T06:51:06.800000,9.882668781543725,76.23853773546472,ROUGHNESS,5,1,0.956
E_03198,BUS_003,PASS_03_003_01,SEG_104,2026-09-20T06:51:08,2026-09-20T06:51:08.500000,2026-09-20T06:51:09,9.879144808440314,76.23841888980562,SPEED_BREAKER,2,1,0.794
E_03199,BUS_003,PASS_03_003_01,SEG_106,2026-09-20T06:51:03.300000,2026-09-20T06:51:07.200000,2026-09-20T06:51:11.100000,9.876931311861522,76.23908474956296,ROUGHNESS,2,1,0.809
E_03200,BUS_003,PASS_03_003_01,SEG_107,2026-09-20T06:51:07.600000,2026-09-20T06:51:11.500000,2026-09-20T06:51:15.400000,9.875160811096682,76.23960418107444,ROUGHNESS,5,1,0.92
E_03201,BUS_003,PASS_03_003_01,SEG_108,2026-09-20T06:51:07.400000,2026-09-20T06:51:07.900000,2026-09-20T06:51:08.400000,9.874274681808684,76.24000123601166,POTHOLE,2,1,0.847
E_03202,BUS_003,PASS_03_003_01,SEG_109,2026-09-20T06:51:06.900000,2026-09-20T06:51:07.400000,2026-09-20T06:51:07.900000,9.873476790225599,76.24021569022237,POTHOLE,4,1,0.893
E_03203,BUS_003,PASS_03_003_01,SEG_110,2026-09-20T06:51:08.100000,2026-09-20T06:51:08.600000,2026-09-20T06:51:09.100000,9.872326656706658,76.24049295254306,POTHOLE,1,1,0.742
E_03204,BUS_003,PASS_03_003_01,SEG_111,2026-09-20T06:51:07,2026-09-20T06:51:07.500000,2026-09-20T06:51:08,9.871071407268147,76.24084766850643,POTHOLE,2,1,0.796
E_03205,BUS_003,PASS_03_003_01,SEG_112,2026-09-20T06:51:05.200000,2026-09-20T06:51:07.900000,2026-09-20T06:51:10.600000,9.869638574701062,76.24073586807224,ROUGHNESS,2,1,0.85
E_03206,BUS_003,PASS_03_003_01,SEG_113,2026-09-20T06:51:10.800000,2026-09-20T06:51:11.300000,2026-09-20T06:51:11.800000,9.86877912384936,76.24008260847178,POTHOLE,4,1,0.879
E_03207,BUS_003,PASS_03_003_01,SEG_114,2026-09-20T06:51:04.300000,2026-09-20T06:51:07.500000,2026-09-20T06:51:10.700000,9.868054019634787,76.23956942434079,ROUGHNESS,5,1,0.97
E_03208,BUS_003,PASS_03_003_01,SEG_115,2026-09-20T06:51:09.900000,2026-09-20T06:51:10.400000,2026-09-20T06:51:10.900000,9.866789397369066,76.23891718019736,POTHOLE,4,1,0.909
E_03209,BUS_003,PASS_03_003_01,SEG_116,2026-09-20T06:51:06.200000,2026-09-20T06:51:10.100000,2026-09-20T06:51:14,9.865619019215009,76.23798328056466,ROUGHNESS,1,1,0.765
E_03210,BUS_003,PASS_03_003_01,SEG_117,2026-09-20T06:51:06,2026-09-20T06:51:06.500000,2026-09-20T06:51:07,9.86480222444709,76.23727796746432,POTHOLE,5,1,0.97
E_03211,BUS_003,PASS_03_003_01,SEG_118,2026-09-20T06:51:06.600000,2026-09-20T06:51:07.100000,2026-09-20T06:51:07.600000,9.863839098064133,76.2365820113202,POTHOLE,2,1,0.794
E_03212,BUS_003,PASS_03_003_01,SEG_119,2026-09-20T06:51:05.900000,2026-09-20T06:51:09.800000,2026-09-20T06:51:13.700000,9.863014447013242,76.23573325806542,ROUGHNESS,2,1,0.856
E_03213,BUS_003,PASS_03_003_01,SEG_121,2026-09-20T06:51:05.500000,2026-09-20T06:51:09.400000,2026-09-20T06:51:13.300000,9.861168313908976,76.2342995288534,ROUGHNESS,4,1,0.9
E_03214,BUS_003,PASS_03_003_01,SEG_122,2026-09-20T06:51:08.600000,2026-09-20T06:51:09.100000,2026-09-20T06:51:09.600000,9.860200954148958,76.23361431921394,POTHOLE,1,1,0.694
E_03215,BUS_003,PASS_03_003_01,SEG_123,2026-09-20T06:51:05.700000,2026-09-20T06:51:07.100000,2026-09-20T06:51:08.500000,9.859457052245233,76.2329449468663,BROKEN_PATCH,5,1,0.97
E_03216,BUS_003,PASS_03_003_01,SEG_125,2026-09-20T06:51:05.600000,2026-09-20T06:51:09.500000,2026-09-20T06:51:13.400000,9.85755196923435,76.23138833937641,ROUGHNESS,4,1,0.896
E_03217,BUS_003,PASS_03_003_01,SEG_128,2026-09-20T06:51:07.200000,2026-09-20T06:51:08.600000,2026-09-20T06:51:10,9.85551903183893,76.22899004157895,BROKEN_PATCH,4,1,0.869
E_03218,BUS_003,PASS_03_003_01,SEG_133,2026-09-20T06:51:06,2026-09-20T06:51:07.300000,2026-09-20T06:51:08.600000,9.853121307026644,76.22420285064696,BROKEN_PATCH,3,1,0.865
E_03219,BUS_003,PASS_03_003_01,SEG_139,2026-09-20T06:51:06.700000,2026-09-20T06:51:07.800000,2026-09-20T06:51:08.900000,9.850838246451788,76.21808578120502,BROKEN_PATCH,2,1,0.77
E_03220,BUS_003,PASS_03_003_01,SEG_141,2026-09-20T06:51:08.100000,2026-09-20T06:51:09.400000,2026-09-20T06:51:10.700000,9.850311143615675,76.21600963607074,BROKEN_PATCH,2,1,0.81
E_03221,BUS_003,PASS_03_003_01,SEG_143,2026-09-20T06:51:06.700000,2026-09-20T06:51:07.600000,2026-09-20T06:51:08.500000,9.849814048251233,76.21426472409688,BROKEN_PATCH,1,1,0.755
E_03222,BUS_003,PASS_03_003_01,SEG_144,2026-09-20T06:51:03.900000,2026-09-20T06:51:04.900000,2026-09-20T06:51:05.900000,9.849704744213977,76.21363629653064,BROKEN_PATCH,4,1,0.917
E_03223,BUS_003,PASS_03_003_01,SEG_145,2026-09-20T06:51:08.600000,2026-09-20T06:51:10,2026-09-20T06:51:11.400000,9.849605363046823,76.21218694330878,BROKEN_PATCH,1,1,0.738
E_03224,BUS_003,PASS_03_003_01,SEG_147,2026-09-20T06:51:06.800000,2026-09-20T06:51:07.400000,2026-09-20T06:51:08,9.849649790725167,76.20936346810473,SPEED_BREAKER,2,1,0.797
E_03225,BUS_003,PASS_03_003_01,SEG_149,2026-09-20T06:51:10,2026-09-20T06:51:10.600000,2026-09-20T06:51:11.200000,9.849938309353737,76.20736680998199,SPEED_BREAKER,4,1,0.924
E_03226,BUS_003,PASS_03_003_01,SEG_150,2026-09-20T06:51:08.800000,2026-09-20T06:51:09.400000,2026-09-20T06:51:10,9.850790767470357,76.20644640970498,SPEED_BREAKER,4,1,0.884
E_03227,BUS_003,PASS_03_003_01,SEG_152,2026-09-20T06:51:06.300000,2026-09-20T06:51:06.800000,2026-09-20T06:51:07.300000,9.852299604416904,76.20481950623038,SPEED_BREAKER,1,1,0.741
E_03228,BUS_003,PASS_03_003_01,SEG_154,2026-09-20T06:51:09.900000,2026-09-20T06:51:10.500000,2026-09-20T06:51:11.100000,9.853879630745544,76.20313243640092,SPEED_BREAKER,2,1,0.785
E_03229,BUS_003,PASS_03_003_02,SEG_023,2026-09-20T09:21:07.200000,2026-09-20T09:21:07.700000,2026-09-20T09:21:08.200000,9.946650713428525,76.28039969927372,SPEED_BREAKER,1,1,0.816
E_03230,BUS_003,PASS_03_003_02,SEG_024,2026-09-20T09:21:04.800000,2026-09-20T09:21:05.300000,2026-09-20T09:21:05.800000,9.945981664663446,76.27925053714048,SPEED_BREAKER,2,1,0.801
E_03231,BUS_003,PASS_03_003_02,SEG_025,2026-09-20T09:21:03.600000,2026-09-20T09:21:04.100000,2026-09-20T09:21:04.600000,9.945362511709172,76.2785044687026,SPEED_BREAKER,2,1,0.787
E_03232,BUS_003,PASS_03_003_02,SEG_026,2026-09-20T09:21:02.900000,2026-09-20T09:21:03.400000,2026-09-20T09:21:03.900000,9.94505455068451,76.27762920077024,SPEED_BREAKER,4,1,0.895
E_03233,BUS_003,PASS_03_003_02,SEG_028,2026-09-20T09:21:08.500000,2026-09-20T09:21:09,2026-09-20T09:21:09.500000,9.94401344872267,76.27535325363394,SPEED_BREAKER,4,1,0.901
E_03234,BUS_003,PASS_03_003_02,SEG_033,2026-09-20T09:21:06.300000,2026-09-20T09:21:06.800000,2026-09-20T09:21:07.300000,9.940046770912604,76.27081067091862,SPEED_BREAKER,1,1,0.77
E_03235,BUS_003,PASS_03_003_02,SEG_035,2026-09-20T09:21:03.700000,2026-09-20T09:21:04.200000,2026-09-20T09:21:04.700000,9.938517197403689,76.26960148621397,SPEED_BREAKER,3,1,0.913
E_03236,BUS_003,PASS_03_003_02,SEG_036,2026-09-20T09:21:04.200000,2026-09-20T09:21:04.700000,2026-09-20T09:21:05.200000,9.937590650300937,76.26877099262128,POTHOLE,4,1,0.927
E_03237,BUS_003,PASS_03_003_02,SEG_039,2026-09-20T09:21:05.100000,2026-09-20T09:21:05.600000,2026-09-20T09:21:06.100000,9.935922913608218,76.26614961007007,POTHOLE,3,1,0.839
E_03238,BUS_003,PASS_03_003_02,SEG_041,2026-09-20T09:21:06.200000,2026-09-20T09:21:06.700000,2026-09-20T09:21:07.200000,9.935661709507958,76.26348414097271,POTHOLE,5,1,0.97
E_03239,BUS_003,PASS_03_003_02,SEG_042,2026-09-20T09:21:04.100000,2026-09-20T09:21:04.600000,2026-09-20T09:21:05.100000,9.935236677542655,76.2622107318715,POTHOLE,4,1,0.898
E_03240,BUS_003,PASS_03_003_02,SEG_043,2026-09-20T09:21:06,2026-09-20T09:21:06.500000,2026-09-20T09:21:07,9.935103750089178,76.26130668368158,POTHOLE,2,1,0.781
E_03241,BUS_003,PASS_03_003_02,SEG_044,2026-09-20T09:21:03.900000,2026-09-20T09:21:04.400000,2026-09-20T09:21:04.900000,9.934766818232086,76.25999640027345,POTHOLE,3,1,0.895
E_03242,BUS_003,PASS_03_003_02,SEG_046,2026-09-20T09:21:09.300000,2026-09-20T09:21:09.800000,2026-09-20T09:21:10.300000,9.934257007538092,76.25819411341413,POTHOLE,2,1,0.877
E_03243,BUS_003,PASS_03_003_02,SEG_048,2026-09-20T09:21:02.600000,2026-09-20T09:21:06.100000,2026-09-20T09:21:09.600000,9.933979565600453,76.25622603623304,ROUGHNESS,3,1,0.827
E_03244,BUS_003,PASS_03_003_02,SEG_049,2026-09-20T09:21:04.700000,2026-09-20T09:21:07.600000,2026-09-20T09:21:10.500000,9.93359590122486,76.25517597127391,ROUGHNESS,5,1,0.97
E_03245,BUS_003,PASS_03_003_02,SEG_050,2026-09-20T09:21:05.100000,2026-09-20T09:21:09,2026-09-20T09:21:12.900000,9.93304664522578,76.25417427677789,ROUGHNESS,5,1,0.965
E_03246,BUS_003,PASS_03_003_02,SEG_051,2026-09-20T09:21:05.700000,2026-09-20T09:21:06.200000,2026-09-20T09:21:06.700000,9.932369964995551,76.25323352521198,POTHOLE,4,1,0.97
E_03247,BUS_003,PASS_03_003_02,SEG_053,2026-09-20T09:21:10.800000,2026-09-20T09:21:11.100000,2026-09-20T09:21:11.300000,9.930961122365984,76.25066776804819,POTHOLE,3,1,0.869
E_03248,BUS_003,PASS_03_003_02,SEG_053,2026-09-20T09:21:02.900000,2026-09-20T09:21:06.800000,2026-09-20T09:21:10.700000,9.931184120254567,76.25100672617414,ROUGHNESS,3,1,0.803
E_03249,BUS_003,PASS_03_003_02,SEG_057,2026-09-20T09:21:06.300000,2026-09-20T09:21:06.800000,2026-09-20T09:21:07.300000,9.929254921946223,76.24732306572339,POTHOLE,5,1,0.926
E_03250,BUS_003,PASS_03_003_02,SEG_058,2026-09-20T09:21:07.500000,2026-09-20T09:21:08,2026-09-20T09:21:08.500000,9.928405410254825,76.24644859354987,POTHOLE,5,1,0.97
E_03251,BUS_003,PASS_03_003_02,SEG_059,2026-09-20T09:21:02.400000,2026-09-20T09:21:06.300000,2026-09-20T09:21:10.200000,9.927474820065745,76.24568880532023,ROUGHNESS,3,1,0.849
E_03252,BUS_003,PASS_03_003_02,SEG_060,2026-09-20T09:21:05.800000,2026-09-20T09:21:06.300000,2026-09-20T09:21:06.800000,9.926484224454587,76.24488366238457,POTHOLE,5,1,0.97
E_03253,BUS_003,PASS_03_003_02,SEG_060,2026-09-20T09:21:07.700000,2026-09-20T09:21:11.600000,2026-09-20T09:21:15.500000,9.92631213785202,76.24454406004544,ROUGHNESS,4,1,0.927
E_03254,BUS_003,PASS_03_003_02,SEG_062,2026-09-20T09:21:07.100000,2026-09-20T09:21:07.600000,2026-09-20T09:21:08.100000,9.925055006065653,76.24359341095341,POTHOLE,1,1,0.737
E_03255,BUS_003,PASS_03_003_02,SEG_063,2026-09-20T09:21:11.700000,2026-09-20T09:21:11.900000,2026-09-20T09:21:12,9.92422290508691,76.24280965853602,POTHOLE,3,1,0.932
E_03256,BUS_003,PASS_03_003_02,SEG_063,2026-09-20T09:21:03.800000,2026-09-20T09:21:07.700000,2026-09-20T09:21:11.600000,9.92444087741605,76.24262174815703,ROUGHNESS,4,1,0.863
E_03257,BUS_003,PASS_03_003_02,SEG_064,2026-09-20T09:21:06.300000,2026-09-20T09:21:06.800000,2026-09-20T09:21:07.300000,9.923700826215493,76.24207753366139,POTHOLE,1,1,0.717
E_03258,BUS_003,PASS_03_003_02,SEG_065,2026-09-20T09:21:08.500000,2026-09-20T09:21:09.800000,2026-09-20T09:21:11.100000,9.923141202776696,76.24130371185828,BROKEN_PATCH,1,1,0.792
E_03259,BUS_003,PASS_03_003_02,SEG_067,2026-09-20T09:21:07.700000,2026-09-20T09:21:08.200000,2026-09-20T09:21:08.700000,9.921239650406575,76.24018111258671,POTHOLE,2,1,0.883
E_03260,BUS_003,PASS_03_003_02,SEG_068,2026-09-20T09:21:09,2026-09-20T09:21:09.500000,2026-09-20T09:21:10,9.920003971769143,76.23940751400637,POTHOLE,4,1,0.882
E_03261,BUS_003,PASS_03_003_02,SEG_071,2026-09-20T09:21:09.500000,2026-09-20T09:21:10.900000,2026-09-20T09:21:12.300000,9.91604014041929,76.23740752935043,BROKEN_PATCH,3,1,0.861
E_03262,BUS_003,PASS_03_003_02,SEG_074,2026-09-20T09:21:06.600000,2026-09-20T09:21:08,2026-09-20T09:21:09.400000,9.91355907042694,76.23535402266265,BROKEN_PATCH,1,1,0.727
E_03263,BUS_003,PASS_03_003_02,SEG_076,2026-09-20T09:21:03.900000,2026-09-20T09:21:04.900000,2026-09-20T09:21:05.900000,9.911310214027894,76.23528413232538,BROKEN_PATCH,5,1,0.909
E_03264,BUS_003,PASS_03_003_02,SEG_081,2026-09-20T09:21:05.400000,2026-09-20T09:21:06.400000,2026-09-20T09:21:07.400000,9.90649223524542,76.23664575746035,BROKEN_PATCH,3,1,0.84
E_03265,BUS_003,PASS_03_003_02,SEG_087,2026-09-20T09:21:05.900000,2026-09-20T09:21:06.400000,2026-09-20T09:21:06.900000,9.899945494089113,76.23783065538855,SPEED_BREAKER,1,1,0.695
E_03266,BUS_003,PASS_03_003_02,SEG_089,2026-09-20T09:21:10.500000,2026-09-20T09:21:11.100000,2026-09-20T09:21:11.700000,9.897491783058648,76.2382120387917,SPEED_BREAKER,2,1,0.813
E_03267,BUS_003,PASS_03_003_02,SEG_095,2026-09-20T09:21:05.700000,2026-09-20T09:21:06.300000,2026-09-20T09:21:06.900000,9.889660280547643,76.23856811830832,SPEED_BREAKER,3,1,0.819
E_03268,BUS_003,PASS_03_003_02,SEG_098,2026-09-20T09:21:09.400000,2026-09-20T09:21:10,2026-09-20T09:21:10.600000,9.886100067263692,76.23831224461496,SPEED_BREAKER,1,1,0.71
E_03269,BUS_003,PASS_03_003_02,SEG_100,2026-09-20T09:21:10.100000,2026-09-20T09:21:10.700000,2026-09-20T09:21:11.300000,9.88362652000642,76.23837622738495,SPEED_BREAKER,3,1,0.891
E_03270,BUS_003,PASS_03_003_02,SEG_101,2026-09-20T09:21:02.600000,2026-09-20T09:21:06.300000,2026-09-20T09:21:10,9.882712211315086,76.23848266463749,ROUGHNESS,1,1,0.756
E_03271,BUS_003,PASS_03_003_02,SEG_104,2026-09-20T09:21:08.600000,2026-09-20T09:21:09.200000,2026-09-20T09:21:09.800000,9.879233620539354,76.2383431322835,SPEED_BREAKER,1,1,0.798
E_03272,BUS_003,PASS_03_003_02,SEG_105,2026-09-20T09:21:08.200000,2026-09-20T09:21:08.800000,2026-09-20T09:21:09.400000,9.878055044054562,76.23870118187796,SPEED_BREAKER,4,1,0.872
E_03273,BUS_003,PASS_03_003_02,SEG_106,2026-09-20T09:21:06.100000,2026-09-20T09:21:10,2026-09-20T09:21:13.900000,9.876671708723668,76.2392206506478,ROUGHNESS,5,1,0.97
E_03274,BUS_003,PASS_03_003_02,SEG_107,2026-09-20T09:21:03.700000,2026-09-20T09:21:07.600000,2026-09-20T09:21:11.500000,9.875665953908022,76.239575754752,ROUGHNESS,4,1,0.958
E_03275,BUS_003,PASS_03_003_02,SEG_109,2026-09-20T09:21:11.300000,2026-09-20T09:21:11.500000,2026-09-20T09:21:11.600000,9.8733893813259,76.24014748582738,POTHOLE,1,1,0.758
E_03276,BUS_003,PASS_03_003_02,SEG_109,2026-09-20T09:21:03.400000,2026-09-20T09:21:07.300000,2026-09-20T09:21:11.200000,9.873503430041898,76.24018778652135,ROUGHNESS,1,1,0.713
E_03277,BUS_003,PASS_03_003_02,SEG_110,2026-09-20T09:21:09.800000,2026-09-20T09:21:10.300000,2026-09-20T09:21:10.800000,9.872187734458397,76.24053062194943,POTHOLE,4,1,0.856
E_03278,BUS_003,PASS_03_003_02,SEG_111,2026-09-20T09:21:08.700000,2026-09-20T09:21:09.200000,2026-09-20T09:21:09.700000,9.87086468541982,76.2407440983811,POTHOLE,4,1,0.911
E_03279,BUS_003,PASS_03_003_02,SEG_112,2026-09-20T09:21:05.200000,2026-09-20T09:21:08.200000,2026-09-20T09:21:11.200000,9.869884828576078,76.24066182204974,ROUGHNESS,3,1,0.821
E_03280,BUS_003,PASS_03_003_02,SEG_113,2026-09-20T09:21:08.900000,2026-09-20T09:21:09.400000,2026-09-20T09:21:09.900000,9.86882267949472,76.2401941129233,POTHOLE,5,1,0.97
E_03281,BUS_003,PASS_03_003_02,SEG_114,2026-09-20T09:21:09.600000,2026-09-20T09:21:09.800000,2026-09-20T09:21:09.900000,9.867988558693195,76.23949013541849,POTHOLE,2,1,0.818
E_03282,BUS_003,PASS_03_003_02,SEG_114,2026-09-20T09:21:02.700000,2026-09-20T09:21:06.100000,2026-09-20T09:21:09.500000,9.868113482413303,76.23944578869025,ROUGHNESS,2,1,0.799
E_03283,BUS_003,PASS_03_003_02,SEG_115,2026-09-20T09:21:09.800000,2026-09-20T09:21:10.300000,2026-09-20T09:21:10.800000,9.866753858446804,76.23897587128462,POTHOLE,4,1,0.918
E_03284,BUS_003,PASS_03_003_02,SEG_116,2026-09-20T09:21:05.800000,2026-09-20T09:21:09.700000,2026-09-20T09:21:13.600000,9.86558050965391,76.23797053077368,ROUGHNESS,1,1,0.734
E_03285,BUS_003,PASS_03_003_02,SEG_117,2026-09-20T09:21:09.700000,2026-09-20T09:21:10.200000,2026-09-20T09:21:10.700000,9.864547253930796,76.23721862871392,POTHOLE,3,1,0.836
E_03286,BUS_003,PASS_03_003_02,SEG_118,2026-09-20T09:21:06,2026-09-20T09:21:06.500000,2026-09-20T09:21:07,9.863922194889238,76.23653217869565,POTHOLE,4,1,0.919
E_03287,BUS_003,PASS_03_003_02,SEG_119,2026-09-20T09:21:03.700000,2026-09-20T09:21:07.600000,2026-09-20T09:21:11.500000,9.863051101490028,76.23598920423295,ROUGHNESS,5,1,0.939
E_03288,BUS_003,PASS_03_003_02,SEG_121,2026-09-20T09:21:03.500000,2026-09-20T09:21:07.400000,2026-09-20T09:21:11.300000,9.86129990887916,76.23435313090084,ROUGHNESS,1,1,0.745
E_03289,BUS_003,PASS_03_003_02,SEG_122,2026-09-20T09:21:07.500000,2026-09-20T09:21:08,2026-09-20T09:21:08.500000,9.860368700857276,76.23362102926791,POTHOLE,5,1,0.97
E_03290,BUS_003,PASS_03_003_02,SEG_123,2026-09-20T09:21:06,2026-09-20T09:21:09.900000,2026-09-20T09:21:13.800000,9.859374552508845,76.23275234130112,ROUGHNESS,3,1,0.861
E_03291,BUS_003,PASS_03_003_02,SEG_124,2026-09-20T09:21:05,2026-09-20T09:21:08.900000,2026-09-20T09:21:12.800000,9.858183102150111,76.23207369811941,ROUGHNESS,3,1,0.837
E_03292,BUS_003,PASS_03_003_02,SEG_125,2026-09-20T09:21:04.700000,2026-09-20T09:21:08.300000,2026-09-20T09:21:11.900000,9.857447063108603,76.23140001634223,ROUGHNESS,1,1,0.824
E_03293,BUS_003,PASS_03_003_02,SEG_128,2026-09-20T09:21:06.600000,2026-09-20T09:21:07.800000,2026-09-20T09:21:09,9.855187073095292,76.2291777241206,BROKEN_PATCH,1,1,0.742
E_03294,BUS_003,PASS_03_003_02,SEG_132,2026-09-20T09:21:05.800000,2026-09-20T09:21:06.900000,2026-09-20T09:21:08,9.853395793755503,76.22495190669433,BROKEN_PATCH,2,1,0.798
E_03295,BUS_003,PASS_03_003_02,SEG_133,2026-09-20T09:21:05.800000,2026-09-20T09:21:06.900000,2026-09-20T09:21:08,9.853172281164573,76.2242203671357,BROKEN_PATCH,3,1,0.837
E_03296,BUS_003,PASS_03_003_02,SEG_136,2026-09-20T09:21:04.200000,2026-09-20T09:21:05.300000,2026-09-20T09:21:06.400000,9.852043720758502,76.22137848167903,BROKEN_PATCH,1,1,0.827
E_03297,BUS_003,PASS_03_003_02,SEG_137,2026-09-20T09:21:08.700000,2026-09-20T09:21:10.100000,2026-09-20T09:21:11.500000,9.851598889920313,76.21993292302513,BROKEN_PATCH,1,1,0.725
E_03298,BUS_003,PASS_03_003_02,SEG_143,2026-09-20T09:21:04.500000,2026-09-20T09:21:05.400000,2026-09-20T09:21:06.300000,9.849837990277424,76.21430641497669,BROKEN_PATCH,1,1,0.744
E_03299,BUS_003,PASS_03_003_02,SEG_144,2026-09-20T09:21:04.700000,2026-09-20T09:21:05.600000,2026-09-20T09:21:06.500000,9.849797523948778,76.21341835261485,BROKEN_PATCH,3,1,0.868
E_03300,BUS_003,PASS_03_003_02,SEG_145,2026-09-20T09:21:07.300000,2026-09-20T09:21:08.700000,2026-09-20T09:21:10.100000,9.849733564153077,76.21225850949364,BROKEN_PATCH,1,1,0.806
E_03301,BUS_003,PASS_03_003_02,SEG_146,2026-09-20T09:21:07.200000,2026-09-20T09:21:07.800000,2026-09-20T09:21:08.400000,9.849658107046066,76.21076106070828,SPEED_BREAKER,2,1,0.767
E_03302,BUS_003,PASS_03_003_02,SEG_149,2026-09-20T09:21:07.200000,2026-09-20T09:21:07.800000,2026-09-20T09:21:08.400000,9.849765757080778,76.20735607137357,SPEED_BREAKER,4,1,0.845
E_03303,BUS_003,PASS_03_003_02,SEG_150,2026-09-20T09:21:06.700000,2026-09-20T09:21:07.300000,2026-09-20T09:21:07.900000,9.85053917628637,76.20642484540657,SPEED_BREAKER,3,1,0.869
E_03304,BUS_003,PASS_03_003_02,SEG_152,2026-09-20T09:21:08.200000,2026-09-20T09:21:08.700000,2026-09-20T09:21:09.200000,9.852404771260515,76.20475402273533,SPEED_BREAKER,1,1,0.746
E_03305,BUS_003,PASS_03_003_02,SEG_154,2026-09-20T09:21:08.100000,2026-09-20T09:21:08.700000,2026-09-20T09:21:09.300000,9.853840661230596,76.20329125854913,SPEED_BREAKER,5,1,0.918
E_03306,BUS_004,PASS_03_004_01,SEG_023,2026-09-20T06:30:04.500000,2026-09-20T06:30:05,2026-09-20T06:30:05.500000,9.946699692133182,76.28043396441888,SPEED_BREAKER,4,1,0.912
E_03307,BUS_004,PASS_03_004_01,SEG_026,2026-09-20T06:30:02.400000,2026-09-20T06:30:02.900000,2026-09-20T06:30:03.400000,9.945153922839756,76.27762942350276,SPEED_BREAKER,5,1,0.919
E_03308,BUS_004,PASS_03_004_01,SEG_028,2026-09-20T06:30:04.400000,2026-09-20T06:30:04.900000,2026-09-20T06:30:05.400000,9.944107626658774,76.27554978655198,SPEED_BREAKER,2,1,0.868
E_03309,BUS_004,PASS_03_004_01,SEG_029,2026-09-20T06:30:03.400000,2026-09-20T06:30:03.900000,2026-09-20T06:30:04.400000,9.943392859250864,76.27440006016712,SPEED_BREAKER,5,1,0.97
E_03310,BUS_004,PASS_03_004_01,SEG_033,2026-09-20T06:30:03.400000,2026-09-20T06:30:03.900000,2026-09-20T06:30:04.400000,9.940249737680103,76.27103628228775,SPEED_BREAKER,5,1,0.913
E_03311,BUS_004,PASS_03_004_01,SEG_035,2026-09-20T06:30:03,2026-09-20T06:30:03.500000,2026-09-20T06:30:04,9.938437070699916,76.26956465802874,SPEED_BREAKER,1,1,0.764
E_03312,BUS_004,PASS_03_004_01,SEG_036,2026-09-20T06:30:02.700000,2026-09-20T06:30:03.200000,2026-09-20T06:30:03.700000,9.93768408100051,76.26874412643492,POTHOLE,3,1,0.84
E_03313,BUS_004,PASS_03_004_01,SEG_037,2026-09-20T06:30:03,2026-09-20T06:30:03.500000,2026-09-20T06:30:04,9.936720640295329,76.26800642263616,POTHOLE,1,1,0.722
E_03314,BUS_004,PASS_03_004_01,SEG_038,2026-09-20T06:30:04.300000,2026-09-20T06:30:04.800000,2026-09-20T06:30:05.300000,9.93622699420343,76.26715121017858,POTHOLE,1,1,0.68
E_03315,BUS_004,PASS_03_004_01,SEG_039,2026-09-20T06:30:05,2026-09-20T06:30:05.500000,2026-09-20T06:30:06,9.936005196617797,76.26598512619506,POTHOLE,4,1,0.9
E_03316,BUS_004,PASS_03_004_01,SEG_040,2026-09-20T06:30:03.700000,2026-09-20T06:30:04.200000,2026-09-20T06:30:04.700000,9.935809674861135,76.26488108579406,POTHOLE,3,1,0.87
E_03317,BUS_004,PASS_03_004_01,SEG_041,2026-09-20T06:30:04.500000,2026-09-20T06:30:05,2026-09-20T06:30:05.500000,9.935491856117004,76.26348187911377,POTHOLE,1,1,0.752
E_03318,BUS_004,PASS_03_004_01,SEG_043,2026-09-20T06:30:05.300000,2026-09-20T06:30:05.800000,2026-09-20T06:30:06.300000,9.935030125873041,76.26109457112027,POTHOLE,4,1,0.883
E_03319,BUS_004,PASS_03_004_01,SEG_044,2026-09-20T06:30:02.300000,2026-09-20T06:30:02.800000,2026-09-20T06:30:03.300000,9.934653617134622,76.26016850649744,POTHOLE,2,1,0.781
E_03320,BUS_004,PASS_03_004_01,SEG_046,2026-09-20T06:30:06.100000,2026-09-20T06:30:06.600000,2026-09-20T06:30:07.100000,9.934147393629912,76.25830576451335,POTHOLE,1,1,0.685
E_03321,BUS_004,PASS_03_004_01,SEG_048,2026-09-20T06:30:03.800000,2026-09-20T06:30:04.300000,2026-09-20T06:30:04.800000,9.933732400551808,76.25634299038308,POTHOLE,5,1,0.939
E_03322,BUS_004,PASS_03_004_01,SEG_049,2026-09-20T06:30:03.500000,2026-09-20T06:30:04,2026-09-20T06:30:04.500000,9.93353173727716,76.25538234197185,POTHOLE,1,1,0.749
E_03323,BUS_004,PASS_03_004_01,SEG_050,2026-09-20T06:30:04.700000,2026-09-20T06:30:08.300000,2026-09-20T06:30:11.900000,9.932809348951007,76.2541322054058,ROUGHNESS,5,1,0.97
E_03324,BUS_004,PASS_03_004_01,SEG_051,2026-09-20T06:30:04.300000,2026-09-20T06:30:04.800000,2026-09-20T06:30:05.300000,9.93224226433341,76.25310564355179,POTHOLE,5,1,0.97
E_03325,BUS_004,PASS_03_004_01,SEG_053,2026-09-20T06:30:04.600000,2026-09-20T06:30:07.300000,2026-09-20T06:30:10,9.931049424125172,76.25071880715115,ROUGHNESS,2,1,0.787
E_03326,BUS_004,PASS_03_004_01,SEG_054,2026-09-20T06:30:02.800000,2026-09-20T06:30:04.800000,2026-09-20T06:30:06.800000,9.930703794929997,76.2499197916464,ROUGHNESS,2,1,0.828
E_03327,BUS_004,PASS_03_004_01,SEG_057,2026-09-20T06:30:04.900000,2026-09-20T06:30:05.400000,2026-09-20T06:30:05.900000,9.929084707883366,76.24723899945205,POTHOLE,2,1,0.802
E_03328,BUS_004,PASS_03_004_01,SEG_058,2026-09-20T06:30:05.200000,2026-09-20T06:30:05.700000,2026-09-20T06:30:06.200000,9.928498876432853,76.24656881993089,POTHOLE,5,1,0.957
E_03329,BUS_004,PASS_03_004_01,SEG_059,2026-09-20T06:30:02.100000,2026-09-20T06:30:04.800000,2026-09-20T06:30:07.500000,9.927476839522132,76.24560087945302,ROUGHNESS,1,1,0.688
E_03330,BUS_004,PASS_03_004_01,SEG_060,2026-09-20T06:30:08.100000,2026-09-20T06:30:08.600000,2026-09-20T06:30:09.100000,9.926184526356163,76.24468252170043,POTHOLE,4,1,0.953
E_03331,BUS_004,PASS_03_004_01,SEG_061,2026-09-20T06:30:03.800000,2026-09-20T06:30:04.300000,2026-09-20T06:30:04.800000,9.925701774092971,76.2440836812611,POTHOLE,4,1,0.864
E_03332,BUS_004,PASS_03_004_01,SEG_062,2026-09-20T06:30:04.500000,2026-09-20T06:30:05,2026-09-20T06:30:05.500000,9.9249536853249,76.24337955264865,POTHOLE,2,1,0.838
E_03333,BUS_004,PASS_03_004_01,SEG_063,2026-09-20T06:30:04.300000,2026-09-20T06:30:06.800000,2026-09-20T06:30:09.300000,9.924245651950887,76.242880534057,ROUGHNESS,3,1,0.85
E_03334,BUS_004,PASS_03_004_01,SEG_064,2026-09-20T06:30:05.500000,2026-09-20T06:30:06,2026-09-20T06:30:06.500000,9.923734968652742,76.2421439795813,POTHOLE,2,1,0.789
E_03335,BUS_004,PASS_03_004_01,SEG_065,2026-09-20T06:30:05.400000,2026-09-20T06:30:06.200000,2026-09-20T06:30:07,9.923113917058618,76.24148389999327,BROKEN_PATCH,2,1,0.846
E_03336,BUS_004,PASS_03_004_01,SEG_067,2026-09-20T06:30:06.600000,2026-09-20T06:30:07.100000,2026-09-20T06:30:07.600000,9.92127193671673,76.24029167818568,POTHOLE,4,1,0.852
E_03337,BUS_004,PASS_03_004_01,SEG_068,2026-09-20T06:30:09.200000,2026-09-20T06:30:09.700000,2026-09-20T06:30:10.200000,9.919966282003841,76.2395415232157,POTHOLE,4,1,0.909
E_03338,BUS_004,PASS_03_004_01,SEG_076,2026-09-20T06:30:04.500000,2026-09-20T06:30:05.300000,2026-09-20T06:30:06.100000,9.911156700369261,76.23518018066207,BROKEN_PATCH,2,1,0.794
E_03339,BUS_004,PASS_03_004_01,SEG_081,2026-09-20T06:30:05.200000,2026-09-20T06:30:06.100000,2026-09-20T06:30:07,9.906347418425185,76.23683797781625,BROKEN_PATCH,5,1,0.97
E_03340,BUS_004,PASS_03_004_01,SEG_087,2026-09-20T06:30:05.500000,2026-09-20T06:30:06,2026-09-20T06:30:06.500000,9.899751196240588,76.23784968847167,SPEED_BREAKER,1,1,0.724
E_03341,BUS_004,PASS_03_004_01,SEG_089,2026-09-20T06:30:07.500000,2026-09-20T06:30:08.100000,2026-09-20T06:30:08.700000,9.89759784627273,76.23828640068632,SPEED_BREAKER,3,1,0.884
E_03342,BUS_004,PASS_03_004_01,SEG_093,2026-09-20T06:30:08.900000,2026-09-20T06:30:09.400000,2026-09-20T06:30:09.900000,9.892045739281727,76.23864715113797,SPEED_BREAKER,2,1,0.759
E_03343,BUS_004,PASS_03_004_01,SEG_094,2026-09-20T06:30:06.200000,2026-09-20T06:30:06.800000,2026-09-20T06:30:07.400000,9.891076868825833,76.2386069901997,SPEED_BREAKER,4,1,0.931
E_03344,BUS_004,PASS_03_004_01,SEG_095,2026-09-20T06:30:07.600000,2026-09-20T06:30:08.200000,2026-09-20T06:30:08.800000,9.889507893675882,76.23853388983264,SPEED_BREAKER,5,1,0.97
E_03345,BUS_004,PASS_03_004_01,SEG_101,2026-09-20T06:30:07.600000,2026-09-20T06:30:08.100000,2026-09-20T06:30:08.600000,9.882428487318956,76.23841794104091,SPEED_BREAKER,4,1,0.894
E_03346,BUS_004,PASS_03_004_01,SEG_105,2026-09-20T06:30:07.300000,2026-09-20T06:30:07.900000,2026-09-20T06:30:08.500000,9.878054203506975,76.23858628579183,SPEED_BREAKER,5,1,0.961
E_03347,BUS_004,PASS_03_004_01,SEG_106,2026-09-20T06:30:06.300000,2026-09-20T06:30:10.200000,2026-09-20T06:30:14.100000,9.876698227926658,76.23925522640513,ROUGHNESS,5,1,0.944
E_03348,BUS_004,PASS_03_004_01,SEG_107,2026-09-20T06:30:10.500000,2026-09-20T06:30:11,2026-09-20T06:30:11.500000,9.875346020143809,76.23967156085781,POTHOLE,2,1,0.866
E_03349,BUS_004,PASS_03_004_01,SEG_109,2026-09-20T06:30:03.500000,2026-09-20T06:30:07.400000,2026-09-20T06:30:11.300000,9.87349768392776,76.24022251026733,ROUGHNESS,5,1,0.97
E_03350,BUS_004,PASS_03_004_01,SEG_110,2026-09-20T06:30:06.600000,2026-09-20T06:30:07.100000,2026-09-20T06:30:07.600000,9.872502779049798,76.24047469935708,POTHOLE,1,1,0.692
E_03351,BUS_004,PASS_03_004_01,SEG_112,2026-09-20T06:30:03.900000,2026-09-20T06:30:07,2026-09-20T06:30:10.100000,9.869871949291632,76.24079540640855,ROUGHNESS,5,1,0.874
E_03352,BUS_004,PASS_03_004_01,SEG_114,2026-09-20T06:30:06.300000,2026-09-20T06:30:10,2026-09-20T06:30:13.700000,9.867942625377497,76.23952769446436,ROUGHNESS,3,1,0.889
E_03353,BUS_004,PASS_03_004_01,SEG_115,2026-09-20T06:30:07.200000,2026-09-20T06:30:11.100000,2026-09-20T06:30:15,9.866921588224372,76.23887418991671,ROUGHNESS,5,1,0.97
E_03354,BUS_004,PASS_03_004_01,SEG_116,2026-09-20T06:30:02.400000,2026-09-20T06:30:06.300000,2026-09-20T06:30:10.200000,9.865791937102063,76.23825058750172,ROUGHNESS,3,1,0.891
E_03355,BUS_004,PASS_03_004_01,SEG_117,2026-09-20T06:30:08.200000,2026-09-20T06:30:08.700000,2026-09-20T06:30:09.200000,9.864537786726455,76.23724795311955,POTHOLE,3,1,0.843
E_03356,BUS_004,PASS_03_004_01,SEG_118,2026-09-20T06:30:07.800000,2026-09-20T06:30:08.300000,2026-09-20T06:30:08.800000,9.86385264385488,76.2366729224681,POTHOLE,2,1,0.886
E_03357,BUS_004,PASS_03_004_01,SEG_119,2026-09-20T06:30:04.900000,2026-09-20T06:30:08.800000,2026-09-20T06:30:12.700000,9.86306009389306,76.23560348386151,ROUGHNESS,3,1,0.861
E_03358,BUS_004,PASS_03_004_01,SEG_121,2026-09-20T06:30:05.900000,2026-09-20T06:30:06.500000,2026-09-20T06:30:07,9.861358044305392,76.23443512888633,BROKEN_PATCH,2,1,0.799
E_03359,BUS_004,PASS_03_004_01,SEG_121,2026-09-20T06:30:07.100000,2026-09-20T06:30:11,2026-09-20T06:30:14.900000,9.861126337325992,76.23420350251502,ROUGHNESS,1,1,0.793
E_03360,BUS_004,PASS_03_004_01,SEG_122,2026-09-20T06:30:08.400000,2026-09-20T06:30:08.700000,2026-09-20T06:30:09,9.860265589455215,76.23360773617009,POTHOLE,3,1,0.831
E_03361,BUS_004,PASS_03_004_01,SEG_122,2026-09-20T06:30:05.500000,2026-09-20T06:30:06.900000,2026-09-20T06:30:08.300000,9.860362340154898,76.23360997167921,BROKEN_PATCH,5,1,0.906
E_03362,BUS_004,PASS_03_004_01,SEG_124,2026-09-20T06:30:04.700000,2026-09-20T06:30:08.600000,2026-09-20T06:30:12.500000,9.858361535899885,76.2320806790335,ROUGHNESS,2,1,0.745
E_03363,BUS_004,PASS_03_004_01,SEG_125,2026-09-20T06:30:04.600000,2026-09-20T06:30:08.500000,2026-09-20T06:30:12.400000,9.857431169609308,76.23151467827095,ROUGHNESS,2,1,0.821
E_03364,BUS_004,PASS_03_004_01,SEG_128,2026-09-20T06:30:08.600000,2026-09-20T06:30:10,2026-09-20T06:30:11.400000,9.855261566003342,76.22909455565079,BROKEN_PATCH,4,1,0.923
E_03365,BUS_004,PASS_03_004_01,SEG_133,2026-09-20T06:30:06.100000,2026-09-20T06:30:07.200000,2026-09-20T06:30:08.300000,9.853207922052114,76.22426450189036,BROKEN_PATCH,5,1,0.97
E_03366,BUS_004,PASS_03_004_01,SEG_136,2026-09-20T06:30:06.200000,2026-09-20T06:30:07.200000,2026-09-20T06:30:08.200000,9.85200971087992,76.22129767096432,BROKEN_PATCH,1,1,0.775
E_03367,BUS_004,PASS_03_004_01,SEG_137,2026-09-20T06:30:09,2026-09-20T06:30:10.400000,2026-09-20T06:30:11.800000,9.851467554549226,76.21990960110432,BROKEN_PATCH,4,1,0.83
E_03368,BUS_004,PASS_03_004_01,SEG_139,2026-09-20T06:30:04.300000,2026-09-20T06:30:05.300000,2026-09-20T06:30:06.300000,9.850941459819039,76.21817429818533,BROKEN_PATCH,5,1,0.923
E_03369,BUS_004,PASS_03_004_01,SEG_141,2026-09-20T06:30:05.600000,2026-09-20T06:30:06.600000,2026-09-20T06:30:07.600000,9.850183608739295,76.21593439472721,BROKEN_PATCH,5,1,0.888
E_03370,BUS_004,PASS_03_004_01,SEG_143,2026-09-20T06:30:03.800000,2026-09-20T06:30:04.600000,2026-09-20T06:30:05.400000,9.849831198031751,76.21439223727758,BROKEN_PATCH,2,1,0.81
E_03371,BUS_004,PASS_03_004_01,SEG_144,2026-09-20T06:30:05.400000,2026-09-20T06:30:06.200000,2026-09-20T06:30:07,9.849762297774843,76.21339788990423,BROKEN_PATCH,2,1,0.824
E_03372,BUS_004,PASS_03_004_01,SEG_145,2026-09-20T06:30:07.100000,2026-09-20T06:30:08.500000,2026-09-20T06:30:09.900000,9.849677749601485,76.21237096833417,BROKEN_PATCH,5,1,0.89
E_03373,BUS_004,PASS_03_004_01,SEG_146,2026-09-20T06:30:05.900000,2026-09-20T06:30:06.500000,2026-09-20T06:30:07.100000,9.84980048731987,76.21087189977084,SPEED_BREAKER,1,1,0.779
E_03374,BUS_004,PASS_03_004_01,SEG_147,2026-09-20T06:30:09.600000,2026-09-20T06:30:10.100000,2026-09-20T06:30:10.600000,9.849633454266922,76.20926824003178,SPEED_BREAKER,5,1,0.892
E_03375,BUS_004,PASS_03_004_01,SEG_148,2026-09-20T06:30:05.900000,2026-09-20T06:30:06.400000,2026-09-20T06:30:06.900000,9.84956184525037,76.20802298004861,SPEED_BREAKER,2,1,0.849
E_03376,BUS_004,PASS_03_004_01,SEG_149,2026-09-20T06:30:08.900000,2026-09-20T06:30:09.400000,2026-09-20T06:30:09.900000,9.850030480984055,76.20715773922882,SPEED_BREAKER,1,1,0.74
E_03377,BUS_004,PASS_03_004_01,SEG_150,2026-09-20T06:30:08.700000,2026-09-20T06:30:09.200000,2026-09-20T06:30:09.700000,9.850697529746618,76.20626908682918,SPEED_BREAKER,2,1,0.792
E_03378,BUS_004,PASS_03_004_01,SEG_152,2026-09-20T06:30:06.100000,2026-09-20T06:30:06.600000,2026-09-20T06:30:07.100000,9.852376606558778,76.20466295142577,SPEED_BREAKER,2,1,0.804
E_03379,BUS_004,PASS_03_004_01,SEG_157,2026-09-20T06:30:07.800000,2026-09-20T06:30:08.400000,2026-09-20T06:30:09,9.856551540920703,76.2009677063563,SPEED_BREAKER,2,1,0.855
E_03380,BUS_004,PASS_03_004_02,SEG_023,2026-09-20T09:00:04.100000,2026-09-20T09:00:04.600000,2026-09-20T09:00:05.100000,9.946840813325576,76.28046584514395,SPEED_BREAKER,2,1,0.815
E_03381,BUS_004,PASS_03_004_02,SEG_024,2026-09-20T09:00:02.400000,2026-09-20T09:00:02.900000,2026-09-20T09:00:03.400000,9.94601631204969,76.27940478535432,SPEED_BREAKER,5,1,0.901
E_03382,BUS_004,PASS_03_004_02,SEG_025,2026-09-20T09:00:02.100000,2026-09-20T09:00:02.600000,2026-09-20T09:00:03.100000,9.945430957078054,76.27851613357466,SPEED_BREAKER,4,1,0.919
E_03383,BUS_004,PASS_03_004_02,SEG_026,2026-09-20T09:00:01.800000,2026-09-20T09:00:02.300000,2026-09-20T09:00:02.800000,9.945075828265479,76.27774002833786,SPEED_BREAKER,1,1,0.814
E_03384,BUS_004,PASS_03_004_02,SEG_028,2026-09-20T09:00:03.700000,2026-09-20T09:00:04.200000,2026-09-20T09:00:04.700000,9.944181241651776,76.27577683097718,SPEED_BREAKER,5,1,0.97
E_03385,BUS_004,PASS_03_004_02,SEG_029,2026-09-20T09:00:05.900000,2026-09-20T09:00:06.400000,2026-09-20T09:00:06.900000,9.943275317510183,76.27402938784525,SPEED_BREAKER,4,1,0.882
E_03386,BUS_004,PASS_03_004_02,SEG_033,2026-09-20T09:00:03.600000,2026-09-20T09:00:04.100000,2026-09-20T09:00:04.600000,9.940287579092773,76.27107284455703,SPEED_BREAKER,3,1,0.837
E_03387,BUS_004,PASS_03_004_02,SEG_035,2026-09-20T09:00:05.200000,2026-09-20T09:00:05.700000,2026-09-20T09:00:06.200000,9.938304710999471,76.26953288138077,SPEED_BREAKER,2,1,0.875
E_03388,BUS_004,PASS_03_004_02,SEG_036,2026-09-20T09:00:05.300000,2026-09-20T09:00:05.800000,2026-09-20T09:00:06.300000,9.937414110599777,76.26874217920624,POTHOLE,4,1,0.851
E_03389,BUS_004,PASS_03_004_02,SEG_038,2026-09-20T09:00:04.700000,2026-09-20T09:00:05.200000,2026-09-20T09:00:05.700000,9.936258015790576,76.26715730874106,POTHOLE,3,1,0.874
E_03390,BUS_004,PASS_03_004_02,SEG_039,2026-09-20T09:00:03.900000,2026-09-20T09:00:04.400000,2026-09-20T09:00:04.900000,9.936038864813085,76.26622529911494,POTHOLE,1,1,0.694
E_03391,BUS_004,PASS_03_004_02,SEG_041,2026-09-20T09:00:04.400000,2026-09-20T09:00:04.900000,2026-09-20T09:00:05.400000,9.935421226122987,76.26370316202713,POTHOLE,1,1,0.749
E_03392,BUS_004,PASS_03_004_02,SEG_042,2026-09-20T09:00:03.800000,2026-09-20T09:00:04.300000,2026-09-20T09:00:04.800000,9.935311242501134,76.26227370019149,POTHOLE,4,1,0.893
E_03393,BUS_004,PASS_03_004_02,SEG_044,2026-09-20T09:00:04.500000,2026-09-20T09:00:05,2026-09-20T09:00:05.500000,9.934617821251193,76.26009007352368,POTHOLE,5,1,0.958
E_03394,BUS_004,PASS_03_004_02,SEG_046,2026-09-20T09:00:08.800000,2026-09-20T09:00:09.300000,2026-09-20T09:00:09.800000,9.93418711384879,76.25811739535118,POTHOLE,2,1,0.77
E_03395,BUS_004,PASS_03_004_02,SEG_048,2026-09-20T09:00:07.700000,2026-09-20T09:00:08.200000,2026-09-20T09:00:08.700000,9.933645825317427,76.2560951771951,POTHOLE,2,1,0.802
E_03396,BUS_004,PASS_03_004_02,SEG_049,2026-09-20T09:00:04.600000,2026-09-20T09:00:07.100000,2026-09-20T09:00:09.600000,9.933369510502718,76.25520207431214,ROUGHNESS,3,1,0.861
E_03397,BUS_004,PASS_03_004_02,SEG_051,2026-09-20T09:00:04.800000,2026-09-20T09:00:05.300000,2026-09-20T09:00:05.800000,9.932374692510592,76.25321314477615,POTHOLE,1,1,0.818
E_03398,BUS_004,PASS_03_004_02,SEG_053,2026-09-20T09:00:04.500000,2026-09-20T09:00:07.800000,2026-09-20T09:00:11.100000,9.93101972410734,76.2508401935835,ROUGHNESS,4,1,0.97
E_03399,BUS_004,PASS_03_004_02,SEG_054,2026-09-20T09:00:04.400000,2026-09-20T09:00:04.900000,2026-09-20T09:00:05.400000,9.930889443922306,76.24983795298472,POTHOLE,4,1,0.875
E_03400,BUS_004,PASS_03_004_02,SEG_057,2026-09-20T09:00:07.500000,2026-09-20T09:00:08,2026-09-20T09:00:08.500000,9.929020056258395,76.2470513138063,POTHOLE,3,1,0.837
E_03401,BUS_004,PASS_03_004_02,SEG_058,2026-09-20T09:00:06.200000,2026-09-20T09:00:10.100000,2026-09-20T09:00:14,9.928342542219193,76.24634041547239,ROUGHNESS,4,1,0.912
E_03402,BUS_004,PASS_03_004_02,SEG_060,2026-09-20T09:00:04.200000,2026-09-20T09:00:07.900000,2026-09-20T09:00:11.600000,9.926442186600703,76.24480598824488,ROUGHNESS,1,1,0.777
E_03403,BUS_004,PASS_03_004_02,SEG_061,2026-09-20T09:00:06,2026-09-20T09:00:06.500000,2026-09-20T09:00:07,9.925662873262613,76.24409858339276,POTHOLE,3,1,0.828
E_03404,BUS_004,PASS_03_004_02,SEG_062,2026-09-20T09:00:03.800000,2026-09-20T09:00:04.300000,2026-09-20T09:00:04.800000,9.925030300305975,76.24357691936918,POTHOLE,5,1,0.942
E_03405,BUS_004,PASS_03_004_02,SEG_063,2026-09-20T09:00:04.100000,2026-09-20T09:00:07.300000,2026-09-20T09:00:10.500000,9.924358276980325,76.24305275855738,ROUGHNESS,2,1,0.769
E_03406,BUS_004,PASS_03_004_02,SEG_064,2026-09-20T09:00:06.200000,2026-09-20T09:00:06.700000,2026-09-20T09:00:07.200000,9.923646339291347,76.24232598525684,POTHOLE,3,1,0.836
E_03407,BUS_004,PASS_03_004_02,SEG_065,2026-09-20T09:00:07.300000,2026-09-20T09:00:08.300000,2026-09-20T09:00:09.300000,9.92312727884364,76.2414964292928,BROKEN_PATCH,1,1,0.759
E_03408,BUS_004,PASS_03_004_02,SEG_070,2026-09-20T09:00:05.900000,2026-09-20T09:00:06.400000,2026-09-20T09:00:06.900000,9.91745692173701,76.2384155447945,POTHOLE,3,1,0.814
E_03409,BUS_004,PASS_03_004_02,SEG_071,2026-09-20T09:00:07,2026-09-20T09:00:08.400000,2026-09-20T09:00:09.800000,9.916418595260748,76.23775010139484,BROKEN_PATCH,2,1,0.802
E_03410,BUS_004,PASS_03_004_02,SEG_078,2026-09-20T09:00:06.200000,2026-09-20T09:00:07.500000,2026-09-20T09:00:08.800000,9.909595965191107,76.23569659951183,BROKEN_PATCH,4,1,0.878
E_03411,BUS_004,PASS_03_004_02,SEG_089,2026-09-20T09:00:10.700000,2026-09-20T09:00:11.300000,2026-09-20T09:00:11.900000,9.897469386232919,76.23833415076443,SPEED_BREAKER,3,1,0.835
E_03412,BUS_004,PASS_03_004_02,SEG_093,2026-09-20T09:00:08,2026-09-20T09:00:08.600000,2026-09-20T09:00:09.200000,9.892239123387277,76.23864234242629,SPEED_BREAKER,4,1,0.867
E_03413,BUS_004,PASS_03_004_02,SEG_094,2026-09-20T09:00:07.600000,2026-09-20T09:00:08.200000,2026-09-20T09:00:08.800000,9.89107742463774,76.23872965253497,SPEED_BREAKER,2,1,0.699
E_03414,BUS_004,PASS_03_004_02,SEG_098,2026-09-20T09:00:10.700000,2026-09-20T09:00:11.300000,2026-09-20T09:00:11.900000,9.886120034528568,76.23853873509624,SPEED_BREAKER,5,1,0.97
E_03415,BUS_004,PASS_03_004_02,SEG_100,2026-09-20T09:00:05.700000,2026-09-20T09:00:06.300000,2026-09-20T09:00:06.900000,9.883966419210811,76.2384452301248,SPEED_BREAKER,4,1,0.938
E_03416,BUS_004,PASS_03_004_02,SEG_101,2026-09-20T09:00:02.900000,2026-09-20T09:00:06,2026-09-20T09:00:09.100000,9.88257525769466,76.23840378976634,ROUGHNESS,3,1,0.85
E_03417,BUS_004,PASS_03_004_02,SEG_104,2026-09-20T09:00:10.500000,2026-09-20T09:00:11.100000,2026-09-20T09:00:11.700000,9.879029375430395,76.23846274917084,SPEED_BREAKER,2,1,0.817
E_03418,BUS_004,PASS_03_004_02,SEG_107,2026-09-20T09:00:09.700000,2026-09-20T09:00:10.200000,2026-09-20T09:00:10.700000,9.875333161851193,76.23975086865838,POTHOLE,5,1,0.97
E_03419,BUS_004,PASS_03_004_02,SEG_108,2026-09-20T09:00:05,2026-09-20T09:00:05.500000,2026-09-20T09:00:06,9.874407562597346,76.23994592995551,POTHOLE,4,1,0.899
E_03420,BUS_004,PASS_03_004_02,SEG_109,2026-09-20T09:00:04.600000,2026-09-20T09:00:07.100000,2026-09-20T09:00:09.600000,9.87359291364277,76.24013766625335,ROUGHNESS,3,1,0.875
E_03421,BUS_004,PASS_03_004_02,SEG_110,2026-09-20T09:00:07.200000,2026-09-20T09:00:07.700000,2026-09-20T09:00:08.200000,9.872449566872616,76.24031718678974,POTHOLE,4,1,0.925
E_03422,BUS_004,PASS_03_004_02,SEG_111,2026-09-20T09:00:07.100000,2026-09-20T09:00:07.600000,2026-09-20T09:00:08.100000,9.8710818021611,76.24075677159435,POTHOLE,5,1,0.958
E_03423,BUS_004,PASS_03_004_02,SEG_112,2026-09-20T09:00:03.100000,2026-09-20T09:00:05.700000,2026-09-20T09:00:08.300000,9.86982776354626,76.24072584917423,ROUGHNESS,2,1,0.827
E_03424,BUS_004,PASS_03_004_02,SEG_113,2026-09-20T09:00:06.300000,2026-09-20T09:00:06.800000,2026-09-20T09:00:07.300000,9.869079770630762,76.24027048306415,POTHOLE,4,1,0.919
E_03425,BUS_004,PASS_03_004_02,SEG_114,2026-09-20T09:00:07.300000,2026-09-20T09:00:07.800000,2026-09-20T09:00:08.300000,9.86804161834569,76.23951288195241,POTHOLE,5,1,0.97
E_03426,BUS_004,PASS_03_004_02,SEG_115,2026-09-20T09:00:02.600000,2026-09-20T09:00:06.500000,2026-09-20T09:00:10.400000,9.8670660975657,76.23910371303295,ROUGHNESS,5,1,0.97
E_03427,BUS_004,PASS_03_004_02,SEG_116,2026-09-20T09:00:10.700000,2026-09-20T09:00:11.200000,2026-09-20T09:00:11.600000,9.865476080330849,76.23800230574135,POTHOLE,1,1,0.774
E_03428,BUS_004,PASS_03_004_02,SEG_116,2026-09-20T09:00:02.800000,2026-09-20T09:00:06.700000,2026-09-20T09:00:10.600000,9.865852242751775,76.2382280232763,ROUGHNESS,2,1,0.801
E_03429,BUS_004,PASS_03_004_02,SEG_117,2026-09-20T09:00:06.600000,2026-09-20T09:00:07.100000,2026-09-20T09:00:07.600000,9.864626012455432,76.23716871623596,POTHOLE,3,1,0.928
E_03430,BUS_004,PASS_03_004_02,SEG_118,2026-09-20T09:00:05.700000,2026-09-20T09:00:06.200000,2026-09-20T09:00:06.700000,9.86376759306145,76.23660533022431,POTHOLE,5,1,0.97
E_03431,BUS_004,PASS_03_004_02,SEG_119,2026-09-20T09:00:06.900000,2026-09-20T09:00:07.400000,2026-09-20T09:00:07.900000,9.863119892374083,76.23588803828399,POTHOLE,2,1,0.785
E_03432,BUS_004,PASS_03_004_02,SEG_121,2026-09-20T09:00:07.300000,2026-09-20T09:00:11.200000,2026-09-20T09:00:15.100000,9.861190211429617,76.23422917641003,ROUGHNESS,2,1,0.842
E_03433,BUS_004,PASS_03_004_02,SEG_122,2026-09-20T09:00:09.100000,2026-09-20T09:00:10.400000,2026-09-20T09:00:11.700000,9.860125339672992,76.23345084828546,BROKEN_PATCH,3,1,0.824
E_03434,BUS_004,PASS_03_004_02,SEG_123,2026-09-20T09:00:06.300000,2026-09-20T09:00:10.200000,2026-09-20T09:00:14.100000,9.859323008649639,76.23265900039348,ROUGHNESS,1,1,0.68
E_03435,BUS_004,PASS_03_004_02,SEG_124,2026-09-20T09:00:07.100000,2026-09-20T09:00:11,2026-09-20T09:00:14.900000,9.858172522513877,76.23205059054632,ROUGHNESS,5,1,0.9
E_03436,BUS_004,PASS_03_004_02,SEG_125,2026-09-20T09:00:02.800000,2026-09-20T09:00:06.200000,2026-09-20T09:00:09.600000,9.85768505287292,76.2314561608078,ROUGHNESS,1,1,0.76
E_03437,BUS_004,PASS_03_004_02,SEG_132,2026-09-20T09:00:06.400000,2026-09-20T09:00:07.700000,2026-09-20T09:00:09,9.853484931757084,76.22510195975211,BROKEN_PATCH,1,1,0.738
E_03438,BUS_004,PASS_03_004_02,SEG_133,2026-09-20T09:00:04.700000,2026-09-20T09:00:05.900000,2026-09-20T09:00:07.100000,9.853205378087326,76.22445663463971,BROKEN_PATCH,2,1,0.777
E_03439,BUS_004,PASS_03_004_02,SEG_137,2026-09-20T09:00:08.900000,2026-09-20T09:00:10.300000,2026-09-20T09:00:11.700000,9.851656136915501,76.22008727731338,BROKEN_PATCH,4,1,0.923
E_03440,BUS_004,PASS_03_004_02,SEG_139,2026-09-20T09:00:09,2026-09-20T09:00:10.300000,2026-09-20T09:00:11.600000,9.850879039704175,76.218091535659,BROKEN_PATCH,2,1,0.781
E_03441,BUS_004,PASS_03_004_02,SEG_141,2026-09-20T09:00:08.200000,2026-09-20T09:00:09.600000,2026-09-20T09:00:11,9.850398123937744,76.21600714183306,BROKEN_PATCH,4,1,0.891
E_03442,BUS_004,PASS_03_004_02,SEG_143,2026-09-20T09:00:04.900000,2026-09-20T09:00:05.900000,2026-09-20T09:00:06.900000,9.849895552774454,76.21434013267275,BROKEN_PATCH,3,1,0.883
E_03443,BUS_004,PASS_03_004_02,SEG_144,2026-09-20T09:00:07.800000,2026-09-20T09:00:08.800000,2026-09-20T09:00:09.800000,9.849750724793244,76.21345029447765,BROKEN_PATCH,4,1,0.898
E_03444,BUS_004,PASS_03_004_02,SEG_145,2026-09-20T09:00:06.700000,2026-09-20T09:00:08.100000,2026-09-20T09:00:09.500000,9.849706798685883,76.2123340851843,BROKEN_PATCH,1,1,0.716
E_03445,BUS_004,PASS_03_004_02,SEG_146,2026-09-20T09:00:10.400000,2026-09-20T09:00:11,2026-09-20T09:00:11.600000,9.849734475661283,76.2105216435051,SPEED_BREAKER,2,1,0.818
E_03446,BUS_004,PASS_03_004_02,SEG_147,2026-09-20T09:00:08.600000,2026-09-20T09:00:09.200000,2026-09-20T09:00:09.800000,9.849684535711232,76.20940046799798,SPEED_BREAKER,4,1,0.912
E_03447,BUS_004,PASS_03_004_02,SEG_148,2026-09-20T09:00:04.800000,2026-09-20T09:00:05.300000,2026-09-20T09:00:05.800000,9.849402228144367,76.20837981082249,SPEED_BREAKER,5,1,0.953
E_03448,BUS_004,PASS_03_004_02,SEG_150,2026-09-20T09:00:10.200000,2026-09-20T09:00:10.700000,2026-09-20T09:00:11.200000,9.850791806039576,76.20635254281198,SPEED_BREAKER,3,1,0.841
E_03449,BUS_004,PASS_03_004_02,SEG_152,2026-09-20T09:00:04.700000,2026-09-20T09:00:05.200000,2026-09-20T09:00:05.700000,9.852354593818305,76.20482315083699,SPEED_BREAKER,4,1,0.876
E_03450,BUS_004,PASS_03_004_02,SEG_154,2026-09-20T09:00:05.500000,2026-09-20T09:00:06,2026-09-20T09:00:06.500000,9.853621888039894,76.20317956203652,SPEED_BREAKER,3,1,0.82
E_03451,BUS_004,PASS_03_004_02,SEG_157,2026-09-20T09:00:06.200000,2026-09-20T09:00:06.800000,2026-09-20T09:00:07.400000,9.856432193681963,76.20095667326363,SPEED_BREAKER,3,1,0.822
E_03452,BUS_005,PASS_03_005_01,SEG_023,2026-09-20T06:40:05.500000,2026-09-20T06:40:06,2026-09-20T06:40:06.500000,9.94654665453003,76.28022252027684,SPEED_BREAKER,1,1,0.763
E_03453,BUS_005,PASS_03_005_01,SEG_024,2026-09-20T06:40:04.800000,2026-09-20T06:40:05.300000,2026-09-20T06:40:05.800000,9.945937139886405,76.27914714861338,SPEED_BREAKER,2,1,0.754
E_03454,BUS_005,PASS_03_005_01,SEG_026,2026-09-20T06:40:02.900000,2026-09-20T06:40:03.400000,2026-09-20T06:40:03.900000,9.945151822908318,76.27755593202635,SPEED_BREAKER,4,1,0.928
E_03455,BUS_005,PASS_03_005_01,SEG_028,2026-09-20T06:40:06.200000,2026-09-20T06:40:06.700000,2026-09-20T06:40:07.200000,9.944087517636184,76.27527996147127,SPEED_BREAKER,2,1,0.712
E_03456,BUS_005,PASS_03_005_01,SEG_029,2026-09-20T06:40:04,2026-09-20T06:40:04.500000,2026-09-20T06:40:05,9.943394681410654,76.27437592999544,SPEED_BREAKER,1,1,0.803
E_03457,BUS_005,PASS_03_005_01,SEG_033,2026-09-20T06:40:04.600000,2026-09-20T06:40:05.100000,2026-09-20T06:40:05.600000,9.939920757833205,76.27080606064499,SPEED_BREAKER,5,1,0.943
E_03458,BUS_005,PASS_03_005_01,SEG_035,2026-09-20T06:40:05.300000,2026-09-20T06:40:05.800000,2026-09-20T06:40:06.300000,9.938267741128866,76.2694806463548,SPEED_BREAKER,2,1,0.736
E_03459,BUS_005,PASS_03_005_01,SEG_036,2026-09-20T06:40:04.800000,2026-09-20T06:40:05.300000,2026-09-20T06:40:05.800000,9.937486468648116,76.26871476743855,POTHOLE,3,1,0.844
E_03460,BUS_005,PASS_03_005_01,SEG_037,2026-09-20T06:40:03.400000,2026-09-20T06:40:03.900000,2026-09-20T06:40:04.400000,9.936821576834427,76.26804920077163,POTHOLE,1,1,0.723
E_03461,BUS_005,PASS_03_005_01,SEG_038,2026-09-20T06:40:04.600000,2026-09-20T06:40:05.100000,2026-09-20T06:40:05.600000,9.936183118783044,76.26710094568429,POTHOLE,5,1,0.946
E_03462,BUS_005,PASS_03_005_01,SEG_039,2026-09-20T06:40:04.400000,2026-09-20T06:40:04.900000,2026-09-20T06:40:05.400000,9.935935507986278,76.26611116226206,POTHOLE,3,1,0.815
E_03463,BUS_005,PASS_03_005_01,SEG_040,2026-09-20T06:40:05.800000,2026-09-20T06:40:06.300000,2026-09-20T06:40:06.800000,9.935775514469798,76.26474685504063,POTHOLE,3,1,0.883
E_03464,BUS_005,PASS_03_005_01,SEG_041,2026-09-20T06:40:04.400000,2026-09-20T06:40:04.900000,2026-09-20T06:40:05.400000,9.93559721402713,76.26352773285296,POTHOLE,5,1,0.963
E_03465,BUS_005,PASS_03_005_01,SEG_042,2026-09-20T06:40:03,2026-09-20T06:40:03.500000,2026-09-20T06:40:04,9.935309494076778,76.26229812805104,POTHOLE,2,1,0.804
E_03466,BUS_005,PASS_03_005_01,SEG_043,2026-09-20T06:40:04,2026-09-20T06:40:04.500000,2026-09-20T06:40:05,9.935216743448997,76.26143971671766,POTHOLE,2,1,0.712
E_03467,BUS_005,PASS_03_005_01,SEG_044,2026-09-20T06:40:03.700000,2026-09-20T06:40:04.200000,2026-09-20T06:40:04.700000,9.93455031498305,76.26015078681168,POTHOLE,3,1,0.906
E_03468,BUS_005,PASS_03_005_01,SEG_048,2026-09-20T06:40:03.800000,2026-09-20T06:40:06.700000,2026-09-20T06:40:09.600000,9.933690892638632,76.25618981100646,ROUGHNESS,4,1,0.864
E_03469,BUS_005,PASS_03_005_01,SEG_049,2026-09-20T06:40:05.300000,2026-09-20T06:40:05.800000,2026-09-20T06:40:06.300000,9.933497581782879,76.25518195554767,POTHOLE,4,1,0.883
E_03470,BUS_005,PASS_03_005_01,SEG_050,2026-09-20T06:40:04.400000,2026-09-20T06:40:08.300000,2026-09-20T06:40:12.200000,9.932948404135704,76.25417123735093,ROUGHNESS,3,1,0.886
E_03471,BUS_005,PASS_03_005_01,SEG_051,2026-09-20T06:40:05.200000,2026-09-20T06:40:05.700000,2026-09-20T06:40:06.200000,9.932302887761656,76.25306911539617,POTHOLE,3,1,0.825
E_03472,BUS_005,PASS_03_005_01,SEG_053,2026-09-20T06:40:02.900000,2026-09-20T06:40:06.200000,2026-09-20T06:40:09.500000,9.931125122811574,76.25091700627218,ROUGHNESS,3,1,0.811
E_03473,BUS_005,PASS_03_005_01,SEG_054,2026-09-20T06:40:02.700000,2026-09-20T06:40:05.200000,2026-09-20T06:40:07.700000,9.93075885977992,76.24999303024912,ROUGHNESS,3,1,0.859
E_03474,BUS_005,PASS_03_005_01,SEG_057,2026-09-20T06:40:06.500000,2026-09-20T06:40:07,2026-09-20T06:40:07.500000,9.929042008283751,76.24715360032543,POTHOLE,1,1,0.748
E_03475,BUS_005,PASS_03_005_01,SEG_058,2026-09-20T06:40:05.300000,2026-09-20T06:40:09.200000,2026-09-20T06:40:13.100000,9.928405663052466,76.24637860939262,ROUGHNESS,5,1,0.97
E_03476,BUS_005,PASS_03_005_01,SEG_060,2026-09-20T06:40:04,2026-09-20T06:40:07.900000,2026-09-20T06:40:11.800000,9.926532169891075,76.2447865437162,ROUGHNESS,3,1,0.825
E_03477,BUS_005,PASS_03_005_01,SEG_061,2026-09-20T06:40:05.900000,2026-09-20T06:40:06.400000,2026-09-20T06:40:06.900000,9.925727683983643,76.24406918059846,POTHOLE,5,1,0.97
E_03478,BUS_005,PASS_03_005_01,SEG_063,2026-09-20T06:40:02.200000,2026-09-20T06:40:05.600000,2026-09-20T06:40:09,9.924416693144728,76.24301198859791,ROUGHNESS,2,1,0.809
E_03479,BUS_005,PASS_03_005_01,SEG_064,2026-09-20T06:40:04.500000,2026-09-20T06:40:05,2026-09-20T06:40:05.500000,9.923908609241286,76.24214028456181,POTHOLE,3,1,0.845
E_03480,BUS_005,PASS_03_005_01,SEG_065,2026-09-20T06:40:04.200000,2026-09-20T06:40:04.700000,2026-09-20T06:40:05.200000,9.923280707560687,76.24157456350638,POTHOLE,5,1,0.934
E_03481,BUS_005,PASS_03_005_01,SEG_065,2026-09-20T06:40:05.900000,2026-09-20T06:40:06.900000,2026-09-20T06:40:07.900000,9.9232123095155,76.24135373949208,BROKEN_PATCH,5,1,0.944
E_03482,BUS_005,PASS_03_005_01,SEG_067,2026-09-20T06:40:08.800000,2026-09-20T06:40:09.300000,2026-09-20T06:40:09.800000,9.92130265983831,76.24012920409933,POTHOLE,4,1,0.904
E_03483,BUS_005,PASS_03_005_01,SEG_068,2026-09-20T06:40:07.100000,2026-09-20T06:40:07.600000,2026-09-20T06:40:08.100000,9.920051154182778,76.23954240076188,POTHOLE,5,1,0.941
E_03484,BUS_005,PASS_03_005_01,SEG_070,2026-09-20T06:40:07.700000,2026-09-20T06:40:08.200000,2026-09-20T06:40:08.700000,9.917361552305161,76.23837565827804,POTHOLE,2,1,0.831
E_03485,BUS_005,PASS_03_005_01,SEG_071,2026-09-20T06:40:09.100000,2026-09-20T06:40:10.500000,2026-09-20T06:40:11.900000,9.916227125060958,76.2375559861918,BROKEN_PATCH,5,1,0.97
E_03486,BUS_005,PASS_03_005_01,SEG_074,2026-09-20T06:40:07.300000,2026-09-20T06:40:08.600000,2026-09-20T06:40:09.900000,9.913561030946427,76.23534570145873,BROKEN_PATCH,3,1,0.92
E_03487,BUS_005,PASS_03_005_01,SEG_076,2026-09-20T06:40:07.400000,2026-09-20T06:40:08.400000,2026-09-20T06:40:09.400000,9.91108476054361,76.23523867084403,BROKEN_PATCH,2,1,0.814
E_03488,BUS_005,PASS_03_005_01,SEG_078,2026-09-20T06:40:07.900000,2026-09-20T06:40:09,2026-09-20T06:40:10.100000,9.909506890722133,76.23565226953005,BROKEN_PATCH,2,1,0.844
E_03489,BUS_005,PASS_03_005_01,SEG_081,2026-09-20T06:40:07.700000,2026-09-20T06:40:08.800000,2026-09-20T06:40:09.900000,9.906213705691789,76.23666983749816,BROKEN_PATCH,4,1,0.914
E_03490,BUS_005,PASS_03_005_01,SEG_087,2026-09-20T06:40:08,2026-09-20T06:40:08.500000,2026-09-20T06:40:09,9.900074688732648,76.23767958833322,SPEED_BREAKER,4,1,0.948
E_03491,BUS_005,PASS_03_005_01,SEG_089,2026-09-20T06:40:08.800000,2026-09-20T06:40:09.400000,2026-09-20T06:40:10,9.897501316102703,76.23803662365584,SPEED_BREAKER,4,1,0.897
E_03492,BUS_005,PASS_03_005_01,SEG_093,2026-09-20T06:40:06.800000,2026-09-20T06:40:07.400000,2026-09-20T06:40:08,9.892170585933556,76.23865034694263,SPEED_BREAKER,2,1,0.805
E_03493,BUS_005,PASS_03_005_01,SEG_094,2026-09-20T06:40:06.300000,2026-09-20T06:40:06.900000,2026-09-20T06:40:07.500000,9.891076580968688,76.23863799423371,SPEED_BREAKER,4,1,0.91
E_03494,BUS_005,PASS_03_005_01,SEG_095,2026-09-20T06:40:08.900000,2026-09-20T06:40:09.500000,2026-09-20T06:40:10.100000,9.889347043631568,76.2385224754177,SPEED_BREAKER,4,1,0.883
E_03495,BUS_005,PASS_03_005_01,SEG_098,2026-09-20T06:40:06.200000,2026-09-20T06:40:06.800000,2026-09-20T06:40:07.400000,9.886421250125164,76.23846206965898,SPEED_BREAKER,2,1,0.803
E_03496,BUS_005,PASS_03_005_01,SEG_101,2026-09-20T06:40:05.800000,2026-09-20T06:40:06.400000,2026-09-20T06:40:07,9.882711707937858,76.23843277700787,SPEED_BREAKER,2,1,0.799
E_03497,BUS_005,PASS_03_005_01,SEG_101,2026-09-20T06:40:07.300000,2026-09-20T06:40:11.200000,2026-09-20T06:40:15.100000,9.882381319346933,76.2384620085855,ROUGHNESS,5,1,0.942
E_03498,BUS_005,PASS_03_005_01,SEG_105,2026-09-20T06:40:10.300000,2026-09-20T06:40:10.900000,2026-09-20T06:40:11.500000,9.877794995848895,76.23877439639777,SPEED_BREAKER,1,1,0.689
E_03499,BUS_005,PASS_03_005_01,SEG_107,2026-09-20T06:40:04.300000,2026-09-20T06:40:08.200000,2026-09-20T06:40:12.100000,9.87558222000951,76.23958868133582,ROUGHNESS,4,1,0.923
E_03500,BUS_005,PASS_03_005_01,SEG_108,2026-09-20T06:40:06.800000,2026-09-20T06:40:07.300000,2026-09-20T06:40:07.800000,9.874391400689449,76.23993844814764,POTHOLE,5,1,0.954
E_03501,BUS_005,PASS_03_005_01,SEG_109,2026-09-20T06:40:04.800000,2026-09-20T06:40:08.700000,2026-09-20T06:40:12.600000,9.873286906711778,76.24029539475646,ROUGHNESS,5,1,0.963
E_03502,BUS_005,PASS_03_005_01,SEG_110,2026-09-20T06:40:08.900000,2026-09-20T06:40:09.400000,2026-09-20T06:40:09.900000,9.872338181519167,76.24055314468711,POTHOLE,4,1,0.924
E_03503,BUS_005,PASS_03_005_01,SEG_111,2026-09-20T06:40:10,2026-09-20T06:40:10.500000,2026-09-20T06:40:11,9.870717601641886,76.2408531142772,POTHOLE,1,1,0.753
E_03504,BUS_005,PASS_03_005_01,SEG_112,2026-09-20T06:40:08.100000,2026-09-20T06:40:08.600000,2026-09-20T06:40:09.100000,9.86971107036031,76.24065814152252,POTHOLE,3,1,0.817
E_03505,BUS_005,PASS_03_005_01,SEG_113,2026-09-20T06:40:10.100000,2026-09-20T06:40:10.600000,2026-09-20T06:40:11.100000,9.868805949442132,76.24007717237446,POTHOLE,4,1,0.885
E_03506,BUS_005,PASS_03_005_01,SEG_114,2026-09-20T06:40:03.100000,2026-09-20T06:40:06.600000,2026-09-20T06:40:10.100000,9.868117549222848,76.23963647087947,ROUGHNESS,4,1,0.865
E_03507,BUS_005,PASS_03_005_01,SEG_115,2026-09-20T06:40:02.700000,2026-09-20T06:40:06.600000,2026-09-20T06:40:10.500000,9.867115056624238,76.23910777352394,ROUGHNESS,4,1,0.902
E_03508,BUS_005,PASS_03_005_01,SEG_116,2026-09-20T06:40:06.600000,2026-09-20T06:40:10.500000,2026-09-20T06:40:14.400000,9.865477403276149,76.2379107545254,ROUGHNESS,1,1,0.775
E_03509,BUS_005,PASS_03_005_01,SEG_117,2026-09-20T06:40:07.700000,2026-09-20T06:40:08.200000,2026-09-20T06:40:08.700000,9.864553238816805,76.23721367641913,POTHOLE,4,1,0.872
E_03510,BUS_005,PASS_03_005_01,SEG_118,2026-09-20T06:40:05.100000,2026-09-20T06:40:05.600000,2026-09-20T06:40:06.100000,9.86385987568952,76.23660999304174,POTHOLE,3,1,0.861
E_03511,BUS_005,PASS_03_005_01,SEG_119,2026-09-20T06:40:07.200000,2026-09-20T06:40:11.100000,2026-09-20T06:40:15,9.86281715329875,76.23572075437784,ROUGHNESS,4,1,0.9
E_03512,BUS_005,PASS_03_005_01,SEG_121,2026-09-20T06:40:04.500000,2026-09-20T06:40:08.400000,2026-09-20T06:40:12.300000,9.861229942237774,76.23438770585993,ROUGHNESS,1,1,0.769
E_03513,BUS_005,PASS_03_005_01,SEG_122,2026-09-20T06:40:05.600000,2026-09-20T06:40:07,2026-09-20T06:40:08.400000,9.860314449590632,76.2336323855367,BROKEN_PATCH,4,1,0.913
E_03514,BUS_005,PASS_03_005_01,SEG_123,2026-09-20T06:40:10.800000,2026-09-20T06:40:11.300000,2026-09-20T06:40:11.800000,9.859180021690406,76.23276756389895,POTHOLE,3,1,0.855
E_03515,BUS_005,PASS_03_005_01,SEG_123,2026-09-20T06:40:02.600000,2026-09-20T06:40:06.500000,2026-09-20T06:40:10.400000,9.859409470959378,76.23308959266997,ROUGHNESS,3,1,0.844
E_03516,BUS_005,PASS_03_005_01,SEG_124,2026-09-20T06:40:03.500000,2026-09-20T06:40:07.400000,2026-09-20T06:40:11.300000,9.858379944216123,76.2321133083695,ROUGHNESS,2,1,0.808
E_03517,BUS_005,PASS_03_005_01,SEG_125,2026-09-20T06:40:04,2026-09-20T06:40:07.600000,2026-09-20T06:40:11.200000,9.857546619656969,76.23132542877774,ROUGHNESS,2,1,0.799
E_03518,BUS_005,PASS_03_005_01,SEG_128,2026-09-20T06:40:06.500000,2026-09-20T06:40:07.700000,2026-09-20T06:40:08.900000,9.8552123327069,76.22910876918628,BROKEN_PATCH,3,1,0.825
E_03519,BUS_005,PASS_03_005_01,SEG_132,2026-09-20T06:40:07.400000,2026-09-20T06:40:08.600000,2026-09-20T06:40:09.800000,9.85341402574475,76.22494104150468,BROKEN_PATCH,1,1,0.718
E_03520,BUS_005,PASS_03_005_01,SEG_136,2026-09-20T06:40:07.300000,2026-09-20T06:40:08.400000,2026-09-20T06:40:09.500000,9.851974899716783,76.22123430863118,BROKEN_PATCH,3,1,0.876
E_03521,BUS_005,PASS_03_005_01,SEG_137,2026-09-20T06:40:08.300000,2026-09-20T06:40:09.700000,2026-09-20T06:40:11.100000,9.851572916855266,76.22005804541875,BROKEN_PATCH,5,1,0.945
E_03522,BUS_005,PASS_03_005_01,SEG_139,2026-09-20T06:40:04.700000,2026-09-20T06:40:05.700000,2026-09-20T06:40:06.700000,9.850899009567701,76.21808950592303,BROKEN_PATCH,2,1,0.782
E_03523,BUS_005,PASS_03_005_01,SEG_141,2026-09-20T06:40:05,2026-09-20T06:40:06.100000,2026-09-20T06:40:07.200000,9.850269869446544,76.21615225640453,BROKEN_PATCH,1,1,0.699
E_03524,BUS_005,PASS_03_005_01,SEG_143,2026-09-20T06:40:04,2026-09-20T06:40:04.800000,2026-09-20T06:40:05.600000,9.849798778294199,76.21430170794613,BROKEN_PATCH,2,1,0.803
E_03525,BUS_005,PASS_03_005_01,SEG_144,2026-09-20T06:40:06.100000,2026-09-20T06:40:06.900000,2026-09-20T06:40:07.700000,9.849767701068307,76.21330126559499,BROKEN_PATCH,1,1,0.755
E_03526,BUS_005,PASS_03_005_01,SEG_145,2026-09-20T06:40:09.300000,2026-09-20T06:40:10.700000,2026-09-20T06:40:12.100000,9.849767283625933,76.21204488351917,BROKEN_PATCH,4,1,0.97
E_03527,BUS_005,PASS_03_005_01,SEG_146,2026-09-20T06:40:08.300000,2026-09-20T06:40:08.900000,2026-09-20T06:40:09.500000,9.84967520261325,76.2107155617951,SPEED_BREAKER,2,1,0.819
E_03528,BUS_005,PASS_03_005_01,SEG_148,2026-09-20T06:40:06.300000,2026-09-20T06:40:06.800000,2026-09-20T06:40:07.300000,9.84942962413799,76.20814981766402,SPEED_BREAKER,4,1,0.97
E_03529,BUS_005,PASS_03_005_01,SEG_149,2026-09-20T06:40:08.100000,2026-09-20T06:40:08.600000,2026-09-20T06:40:09.100000,9.849876522193805,76.20722910387823,SPEED_BREAKER,2,1,0.854
E_03530,BUS_005,PASS_03_005_01,SEG_150,2026-09-20T06:40:08.100000,2026-09-20T06:40:08.600000,2026-09-20T06:40:09.100000,9.850701970903254,76.20629038007269,SPEED_BREAKER,5,1,0.897
E_03531,BUS_005,PASS_03_005_02,SEG_157,2026-09-20T09:10:07.600000,2026-09-20T09:10:08.200000,2026-09-20T09:10:08.800000,9.856639673952984,76.200972491739,SPEED_BREAKER,4,1,0.884
E_03532,BUS_005,PASS_03_005_02,SEG_154,2026-09-20T09:10:06.600000,2026-09-20T09:10:07.200000,2026-09-20T09:10:07.800000,9.853629899316457,76.203305167426,SPEED_BREAKER,2,1,0.818
E_03533,BUS_005,PASS_03_005_02,SEG_152,2026-09-20T09:10:06.600000,2026-09-20T09:10:07.200000,2026-09-20T09:10:07.800000,9.85222941227211,76.20479485545331,SPEED_BREAKER,2,1,0.848
E_03534,BUS_005,PASS_03_005_02,SEG_150,2026-09-20T09:10:09.200000,2026-09-20T09:10:09.800000,2026-09-20T09:10:10.400000,9.850666317343233,76.20634597839518,SPEED_BREAKER,2,1,0.737
E_03535,BUS_005,PASS_03_005_02,SEG_149,2026-09-20T09:10:08.800000,2026-09-20T09:10:09.400000,2026-09-20T09:10:10,9.849833595082762,76.20726788183217,SPEED_BREAKER,4,1,0.912
E_03536,BUS_005,PASS_03_005_02,SEG_148,2026-09-20T09:10:07,2026-09-20T09:10:07.600000,2026-09-20T09:10:08.200000,9.849703074751453,76.20817017732028,SPEED_BREAKER,5,1,0.97
E_03537,BUS_005,PASS_03_005_02,SEG_147,2026-09-20T09:10:08.700000,2026-09-20T09:10:09.300000,2026-09-20T09:10:09.900000,9.849552780734124,76.20930306697494,SPEED_BREAKER,3,1,0.828
E_03538,BUS_005,PASS_03_005_02,SEG_145,2026-09-20T09:10:06.400000,2026-09-20T09:10:07.800000,2026-09-20T09:10:09.200000,9.84989320953594,76.21226525859001,BROKEN_PATCH,4,1,0.915
E_03539,BUS_005,PASS_03_005_02,SEG_144,2026-09-20T09:10:06.500000,2026-09-20T09:10:07.900000,2026-09-20T09:10:09.300000,9.849860335281432,76.2134294130361,BROKEN_PATCH,3,1,0.909
E_03540,BUS_005,PASS_03_005_02,SEG_141,2026-09-20T09:10:05.600000,2026-09-20T09:10:07,2026-09-20T09:10:08.400000,9.850206001993882,76.21614515019638,BROKEN_PATCH,2,1,0.803
E_03541,BUS_005,PASS_03_005_02,SEG_137,2026-09-20T09:10:06.800000,2026-09-20T09:10:08.200000,2026-09-20T09:10:09.600000,9.851771297968916,76.22014969141803,BROKEN_PATCH,1,1,0.68
E_03542,BUS_005,PASS_03_005_02,SEG_136,2026-09-20T09:10:05.300000,2026-09-20T09:10:06.700000,2026-09-20T09:10:08.100000,9.852106393627189,76.22139601698683,BROKEN_PATCH,1,1,0.787
E_03543,BUS_005,PASS_03_005_02,SEG_128,2026-09-20T09:10:08.200000,2026-09-20T09:10:09.600000,2026-09-20T09:10:11,9.855332464374804,76.22902370359591,BROKEN_PATCH,5,1,0.948
E_03544,BUS_005,PASS_03_005_02,SEG_125,2026-09-20T09:10:11.100000,2026-09-20T09:10:11.600000,2026-09-20T09:10:12.100000,9.8574084808977,76.23132014715269,POTHOLE,2,1,0.778
E_03545,BUS_005,PASS_03_005_02,SEG_123,2026-09-20T09:10:05.200000,2026-09-20T09:10:09.100000,2026-09-20T09:10:13,9.859367302992721,76.2328031261869,ROUGHNESS,2,1,0.814
E_03546,BUS_005,PASS_03_005_02,SEG_122,2026-09-20T09:10:10,2026-09-20T09:10:10.500000,2026-09-20T09:10:11,9.86022778344475,76.23353549018336,POTHOLE,4,1,0.91
E_03547,BUS_005,PASS_03_005_02,SEG_122,2026-09-20T09:10:07.100000,2026-09-20T09:10:08.500000,2026-09-20T09:10:09.900000,9.860310698131478,76.2335922616673,BROKEN_PATCH,4,1,0.952
E_03548,BUS_005,PASS_03_005_02,SEG_121,2026-09-20T09:10:08.800000,2026-09-20T09:10:10.200000,2026-09-20T09:10:11.600000,9.861131639898808,76.23430344842726,BROKEN_PATCH,5,1,0.935
E_03549,BUS_005,PASS_03_005_02,SEG_119,2026-09-20T09:10:07.600000,2026-09-20T09:10:11.500000,2026-09-20T09:10:15.400000,9.862996501011242,76.23562956695152,ROUGHNESS,3,1,0.822
E_03550,BUS_005,PASS_03_005_02,SEG_118,2026-09-20T09:10:08.400000,2026-09-20T09:10:08.900000,2026-09-20T09:10:09.400000,9.86388554860332,76.23659201320399,POTHOLE,4,1,0.936
E_03551,BUS_005,PASS_03_005_02,SEG_117,2026-09-20T09:10:10.500000,2026-09-20T09:10:11,2026-09-20T09:10:11.500000,9.864519582261,76.23706088061319,POTHOLE,2,1,0.771
E_03552,BUS_005,PASS_03_005_02,SEG_116,2026-09-20T09:10:03.300000,2026-09-20T09:10:07.200000,2026-09-20T09:10:11.100000,9.865764485748343,76.23817118030047,ROUGHNESS,2,1,0.777
E_03553,BUS_005,PASS_03_005_02,SEG_115,2026-09-20T09:10:09.600000,2026-09-20T09:10:10.100000,2026-09-20T09:10:10.600000,9.866855327108832,76.23895141736597,POTHOLE,5,1,0.93
E_03554,BUS_005,PASS_03_005_02,SEG_114,2026-09-20T09:10:04.100000,2026-09-20T09:10:08,2026-09-20T09:10:11.900000,9.868107931834691,76.23952874430368,ROUGHNESS,1,1,0.811
E_03555,BUS_005,PASS_03_005_02,SEG_109,2026-09-20T09:10:04.600000,2026-09-20T09:10:08.500000,2026-09-20T09:10:12.400000,9.873437921061567,76.24029821354094,ROUGHNESS,5,1,0.97
E_03556,BUS_005,PASS_03_005_02,SEG_108,2026-09-20T09:10:06.100000,2026-09-20T09:10:06.600000,2026-09-20T09:10:07.100000,9.874457297678584,76.23991317482906,POTHOLE,3,1,0.844
E_03557,BUS_005,PASS_03_005_02,SEG_107,2026-09-20T09:10:06.100000,2026-09-20T09:10:10,2026-09-20T09:10:13.900000,9.875392328385987,76.23960838704475,ROUGHNESS,2,1,0.793
E_03558,BUS_005,PASS_03_005_02,SEG_106,2026-09-20T09:10:04.800000,2026-09-20T09:10:08.700000,2026-09-20T09:10:12.600000,9.876869436111898,76.23916772990324,ROUGHNESS,4,1,0.918
E_03559,BUS_005,PASS_03_005_02,SEG_105,2026-09-20T09:10:06.600000,2026-09-20T09:10:07.200000,2026-09-20T09:10:07.800000,9.87820902871474,76.23872692406378,SPEED_BREAKER,3,1,0.837
E_03560,BUS_005,PASS_03_005_02,SEG_101,2026-09-20T09:10:03.100000,2026-09-20T09:10:07,2026-09-20T09:10:10.900000,9.882681896052405,76.23824139484684,ROUGHNESS,3,1,0.807
E_03561,BUS_005,PASS_03_005_02,SEG_100,2026-09-20T09:10:06.100000,2026-09-20T09:10:06.700000,2026-09-20T09:10:07.300000,9.883975732217392,76.23846104551959,SPEED_BREAKER,2,1,0.797
E_03562,BUS_005,PASS_03_005_02,SEG_095,2026-09-20T09:10:09.600000,2026-09-20T09:10:10.200000,2026-09-20T09:10:10.800000,9.889262013157296,76.23856584938285,SPEED_BREAKER,2,1,0.778
E_03563,BUS_005,PASS_03_005_02,SEG_089,2026-09-20T09:10:09.800000,2026-09-20T09:10:10.400000,2026-09-20T09:10:11,9.897503112201825,76.23823654623155,SPEED_BREAKER,1,1,0.806
E_03564,BUS_005,PASS_03_005_02,SEG_087,2026-09-20T09:10:05.800000,2026-09-20T09:10:06.400000,2026-09-20T09:10:07,9.900082727960372,76.23758846401442,SPEED_BREAKER,3,1,0.867
E_03565,BUS_005,PASS_03_005_02,SEG_078,2026-09-20T09:10:05.400000,2026-09-20T09:10:06.800000,2026-09-20T09:10:08.200000,9.909526766730544,76.2357512808628,BROKEN_PATCH,1,1,0.805
E_03566,BUS_005,PASS_03_005_02,SEG_076,2026-09-20T09:10:08.100000,2026-09-20T09:10:09.500000,2026-09-20T09:10:10.900000,9.911210878128227,76.23517316518132,BROKEN_PATCH,4,1,0.905
E_03567,BUS_005,PASS_03_005_02,SEG_074,2026-09-20T09:10:09.800000,2026-09-20T09:10:11.200000,2026-09-20T09:10:12.600000,9.91337290537203,76.23520147036963,BROKEN_PATCH,1,1,0.799
E_03568,BUS_005,PASS_03_005_02,SEG_071,2026-09-20T09:10:06.100000,2026-09-20T09:10:07.500000,2026-09-20T09:10:08.900000,9.916467947731,76.23784028581446,BROKEN_PATCH,5,1,0.97
E_03569,BUS_005,PASS_03_005_02,SEG_070,2026-09-20T09:10:08.700000,2026-09-20T09:10:09.200000,2026-09-20T09:10:09.700000,9.917376457659616,76.23842777688195,POTHOLE,2,1,0.82
E_03570,BUS_005,PASS_03_005_02,SEG_068,2026-09-20T09:10:10.200000,2026-09-20T09:10:10.700000,2026-09-20T09:10:11.200000,9.91977120739201,76.2393785899294,POTHOLE,1,1,0.776
E_03571,BUS_005,PASS_03_005_02,SEG_067,2026-09-20T09:10:06.900000,2026-09-20T09:10:07.400000,2026-09-20T09:10:07.900000,9.921381192669102,76.24011380261405,POTHOLE,5,1,0.901
E_03572,BUS_005,PASS_03_005_02,SEG_065,2026-09-20T09:10:08.400000,2026-09-20T09:10:08.400000,2026-09-20T09:10:08.400000,9.923250974714904,76.2415335862047,POTHOLE,2,1,0.8
E_03573,BUS_005,PASS_03_005_02,SEG_065,2026-09-20T09:10:05.500000,2026-09-20T09:10:06.900000,2026-09-20T09:10:08.300000,9.923208309189203,76.2415603736561,BROKEN_PATCH,2,1,0.771
E_03574,BUS_005,PASS_03_005_02,SEG_062,2026-09-20T09:10:05.900000,2026-09-20T09:10:06.400000,2026-09-20T09:10:06.900000,9.925132280610647,76.24354628575496,POTHOLE,5,1,0.969
E_03575,BUS_005,PASS_03_005_02,SEG_061,2026-09-20T09:10:06.400000,2026-09-20T09:10:06.900000,2026-09-20T09:10:07.400000,9.925716137968832,76.24409504783648,POTHOLE,2,1,0.787
E_03576,BUS_005,PASS_03_005_02,SEG_060,2026-09-20T09:10:04.600000,2026-09-20T09:10:08.500000,2026-09-20T09:10:12.400000,9.926620804129582,76.24471079716123,ROUGHNESS,5,1,0.97
E_03577,BUS_005,PASS_03_005_02,SEG_058,2026-09-20T09:10:07.500000,2026-09-20T09:10:11.400000,2026-09-20T09:10:15.300000,9.928244226045189,76.246344868563,ROUGHNESS,4,1,0.914
E_03578,BUS_005,PASS_03_005_02,SEG_057,2026-09-20T09:10:10.100000,2026-09-20T09:10:10.600000,2026-09-20T09:10:11.100000,9.928982856985508,76.2472309655361,POTHOLE,2,1,0.823
E_03579,BUS_005,PASS_03_005_02,SEG_054,2026-09-20T09:10:05.500000,2026-09-20T09:10:06,2026-09-20T09:10:06.500000,9.930657724788166,76.24991319191932,POTHOLE,2,1,0.81
E_03580,BUS_005,PASS_03_005_02,SEG_053,2026-09-20T09:10:07.100000,2026-09-20T09:10:11,2026-09-20T09:10:14.900000,9.931110863123784,76.25072380364115,ROUGHNESS,2,1,0.794
E_03581,BUS_005,PASS_03_005_02,SEG_051,2026-09-20T09:10:10,2026-09-20T09:10:10.500000,2026-09-20T09:10:11,9.93216668465248,76.25296699998943,POTHOLE,3,1,0.849
E_03582,BUS_005,PASS_03_005_02,SEG_050,2026-09-20T09:10:06.100000,2026-09-20T09:10:10,2026-09-20T09:10:13.900000,9.9328250536315,76.25404977582959,ROUGHNESS,4,1,0.956
E_03583,BUS_005,PASS_03_005_02,SEG_049,2026-09-20T09:10:04.700000,2026-09-20T09:10:08,2026-09-20T09:10:11.300000,9.933444329224569,76.25518714489691,ROUGHNESS,5,1,0.936
E_03584,BUS_005,PASS_03_005_02,SEG_046,2026-09-20T09:10:07.200000,2026-09-20T09:10:07.700000,2026-09-20T09:10:08.200000,9.934233797156141,76.2584077068576,POTHOLE,3,1,0.845
E_03585,BUS_005,PASS_03_005_02,SEG_044,2026-09-20T09:10:04.400000,2026-09-20T09:10:04.900000,2026-09-20T09:10:05.400000,9.934862737313548,76.2601884032565,POTHOLE,4,1,0.897
E_03586,BUS_005,PASS_03_005_02,SEG_043,2026-09-20T09:10:06.200000,2026-09-20T09:10:06.700000,2026-09-20T09:10:07.200000,9.935004725335341,76.26133855157596,POTHOLE,1,1,0.68
E_03587,BUS_005,PASS_03_005_02,SEG_041,2026-09-20T09:10:08.800000,2026-09-20T09:10:09.300000,2026-09-20T09:10:09.800000,9.935428411321993,76.26328424352987,POTHOLE,5,1,0.882
E_03588,BUS_005,PASS_03_005_02,SEG_039,2026-09-20T09:10:06.600000,2026-09-20T09:10:07.100000,2026-09-20T09:10:07.600000,9.936067929142204,76.26613747994587,POTHOLE,3,1,0.891
E_03589,BUS_005,PASS_03_005_02,SEG_037,2026-09-20T09:10:03.900000,2026-09-20T09:10:04.400000,2026-09-20T09:10:04.900000,9.936900042790015,76.26813962538198,POTHOLE,4,1,0.941
E_03590,BUS_005,PASS_03_005_02,SEG_036,2026-09-20T09:10:04.700000,2026-09-20T09:10:05.200000,2026-09-20T09:10:05.700000,9.937560301429402,76.26873231260898,POTHOLE,1,1,0.8
E_03591,BUS_005,PASS_03_005_02,SEG_035,2026-09-20T09:10:07.100000,2026-09-20T09:10:07.600000,2026-09-20T09:10:08.100000,9.938335416831244,76.26941896974736,SPEED_BREAKER,4,1,0.964
E_03592,BUS_005,PASS_03_005_02,SEG_029,2026-09-20T09:10:04.700000,2026-09-20T09:10:05.200000,2026-09-20T09:10:05.700000,9.943444230592513,76.27438028407519,SPEED_BREAKER,4,1,0.875
E_03593,BUS_005,PASS_03_005_02,SEG_028,2026-09-20T09:10:07.100000,2026-09-20T09:10:07.600000,2026-09-20T09:10:08.100000,9.944033304385709,76.27560441953464,SPEED_BREAKER,3,1,0.815
E_03594,BUS_005,PASS_03_005_02,SEG_026,2026-09-20T09:10:04.600000,2026-09-20T09:10:05.100000,2026-09-20T09:10:05.600000,9.945053105118692,76.27761399457111,SPEED_BREAKER,5,1,0.9
E_03595,BUS_005,PASS_03_005_02,SEG_025,2026-09-20T09:10:04.700000,2026-09-20T09:10:05.200000,2026-09-20T09:10:05.700000,9.945469193971256,76.2784786869946,SPEED_BREAKER,3,1,0.874
E_03596,BUS_005,PASS_03_005_02,SEG_024,2026-09-20T09:10:04,2026-09-20T09:10:04.500000,2026-09-20T09:10:05,9.945943377802346,76.27941957125289,SPEED_BREAKER,1,1,0.752
E_03597,BUS_005,PASS_03_005_02,SEG_023,2026-09-20T09:10:06.700000,2026-09-20T09:10:07.200000,2026-09-20T09:10:07.700000,9.946660308428676,76.28044403063647,SPEED_BREAKER,4,1,0.902
E_03598,BUS_006,PASS_03_006_01,SEG_157,2026-09-20T06:51:06.900000,2026-09-20T06:51:07.500000,2026-09-20T06:51:08.100000,9.856404644823028,76.2009096584958,SPEED_BREAKER,2,1,0.77
E_03599,BUS_006,PASS_03_006_01,SEG_154,2026-09-20T06:51:07.800000,2026-09-20T06:51:08.300000,2026-09-20T06:51:08.800000,9.853709712996393,76.20323743324565,SPEED_BREAKER,2,1,0.778
E_03600,BUS_006,PASS_03_006_01,SEG_152,2026-09-20T06:51:07,2026-09-20T06:51:07.500000,2026-09-20T06:51:08,9.852342199686243,76.20456934225577,SPEED_BREAKER,5,1,0.97
E_03601,BUS_006,PASS_03_006_01,SEG_147,2026-09-20T06:51:08.700000,2026-09-20T06:51:09.300000,2026-09-20T06:51:09.900000,9.849600344669657,76.20927919489834,SPEED_BREAKER,3,1,0.871
E_03602,BUS_006,PASS_03_006_01,SEG_146,2026-09-20T06:51:06.200000,2026-09-20T06:51:06.800000,2026-09-20T06:51:07.400000,9.849741968517302,76.21079928871477,SPEED_BREAKER,4,1,0.859
E_03603,BUS_006,PASS_03_006_01,SEG_144,2026-09-20T06:51:03.300000,2026-09-20T06:51:04.100000,2026-09-20T06:51:04.900000,9.849653868432519,76.21360376649008,BROKEN_PATCH,4,1,0.92
E_03604,BUS_006,PASS_03_006_01,SEG_143,2026-09-20T06:51:04.800000,2026-09-20T06:51:05.600000,2026-09-20T06:51:06.400000,9.849866289394965,76.21422435109903,BROKEN_PATCH,1,1,0.757
E_03605,BUS_006,PASS_03_006_01,SEG_141,2026-09-20T06:51:04.500000,2026-09-20T06:51:05.500000,2026-09-20T06:51:06.500000,9.850371305945028,76.21611296231731,BROKEN_PATCH,3,1,0.881
E_03606,BUS_006,PASS_03_006_01,SEG_137,2026-09-20T06:51:04.900000,2026-09-20T06:51:06.300000,2026-09-20T06:51:07.700000,9.85172046615679,76.220449981776,BROKEN_PATCH,5,1,0.917
E_03607,BUS_006,PASS_03_006_01,SEG_132,2026-09-20T06:51:05,2026-09-20T06:51:06,2026-09-20T06:51:07,9.853436027327307,76.22501336234261,BROKEN_PATCH,3,1,0.797
E_03608,BUS_006,PASS_03_006_01,SEG_128,2026-09-20T06:51:05.200000,2026-09-20T06:51:06.200000,2026-09-20T06:51:07.200000,9.85521694742464,76.22914174863428,BROKEN_PATCH,1,1,0.753
E_03609,BUS_006,PASS_03_006_01,SEG_125,2026-09-20T06:51:07.700000,2026-09-20T06:51:08.200000,2026-09-20T06:51:08.700000,9.857351195856529,76.23145995425293,POTHOLE,3,1,0.897
E_03610,BUS_006,PASS_03_006_01,SEG_124,2026-09-20T06:51:03.500000,2026-09-20T06:51:07,2026-09-20T06:51:10.500000,9.858391886918502,76.23211304977161,ROUGHNESS,5,1,0.918
E_03611,BUS_006,PASS_03_006_01,SEG_123,2026-09-20T06:51:05.400000,2026-09-20T06:51:05.800000,2026-09-20T06:51:06.200000,9.859579999510254,76.23291617147902,BROKEN_PATCH,3,1,0.907
E_03612,BUS_006,PASS_03_006_01,SEG_123,2026-09-20T06:51:06.300000,2026-09-20T06:51:10.200000,2026-09-20T06:51:14.100000,9.859291099197957,76.23274512487296,ROUGHNESS,2,1,0.791
E_03613,BUS_006,PASS_03_006_01,SEG_122,2026-09-20T06:51:07.900000,2026-09-20T06:51:08.400000,2026-09-20T06:51:08.900000,9.86017943146264,76.23354110483642,POTHOLE,4,1,0.836
E_03614,BUS_006,PASS_03_006_01,SEG_122,2026-09-20T06:51:04.400000,2026-09-20T06:51:05.600000,2026-09-20T06:51:06.800000,9.86041642262702,76.23371855534745,BROKEN_PATCH,1,1,0.692
E_03615,BUS_006,PASS_03_006_01,SEG_121,2026-09-20T06:51:04.900000,2026-09-20T06:51:08.700000,2026-09-20T06:51:12.500000,9.861265883290402,76.23423835530852,ROUGHNESS,3,1,0.806
E_03616,BUS_006,PASS_03_006_01,SEG_119,2026-09-20T06:51:03.800000,2026-09-20T06:51:07.700000,2026-09-20T06:51:11.600000,9.863054977311524,76.23595492301287,ROUGHNESS,3,1,0.813
E_03617,BUS_006,PASS_03_006_01,SEG_118,2026-09-20T06:51:04.700000,2026-09-20T06:51:05.200000,2026-09-20T06:51:05.700000,9.863717115621414,76.23664522255942,POTHOLE,2,1,0.802
E_03618,BUS_006,PASS_03_006_01,SEG_116,2026-09-20T06:51:05.800000,2026-09-20T06:51:09.700000,2026-09-20T06:51:13.600000,9.865494484623229,76.23816929918101,ROUGHNESS,5,1,0.937
E_03619,BUS_006,PASS_03_006_01,SEG_115,2026-09-20T06:51:07.600000,2026-09-20T06:51:08.100000,2026-09-20T06:51:08.600000,9.866959469754148,76.23905997782597,POTHOLE,4,1,0.891
E_03620,BUS_006,PASS_03_006_01,SEG_114,2026-09-20T06:51:02.500000,2026-09-20T06:51:05.300000,2026-09-20T06:51:08.100000,9.868089385861174,76.23959313058072,ROUGHNESS,3,1,0.838
E_03621,BUS_006,PASS_03_006_01,SEG_113,2026-09-20T06:51:11,2026-09-20T06:51:11.500000,2026-09-20T06:51:12,9.868808521226716,76.24004605593183,POTHOLE,1,1,0.753
E_03622,BUS_006,PASS_03_006_01,SEG_112,2026-09-20T06:51:01.900000,2026-09-20T06:51:04.500000,2026-09-20T06:51:07.100000,9.86992669072529,76.24076214466942,ROUGHNESS,1,1,0.74
E_03623,BUS_006,PASS_03_006_01,SEG_111,2026-09-20T06:51:11.100000,2026-09-20T06:51:11.600000,2026-09-20T06:51:12.100000,9.870639046239594,76.2408569151475,POTHOLE,1,1,0.739
E_03624,BUS_006,PASS_03_006_01,SEG_110,2026-09-20T06:51:06.200000,2026-09-20T06:51:06.700000,2026-09-20T06:51:07.200000,9.872456545702256,76.24047399331049,POTHOLE,5,1,0.966
E_03625,BUS_006,PASS_03_006_01,SEG_109,2026-09-20T06:51:03.700000,2026-09-20T06:51:07.500000,2026-09-20T06:51:11.300000,9.873434643537006,76.24016754106535,ROUGHNESS,3,1,0.827
E_03626,BUS_006,PASS_03_006_01,SEG_108,2026-09-20T06:51:05,2026-09-20T06:51:05.500000,2026-09-20T06:51:06,9.8744731072465,76.23999488253482,POTHOLE,2,1,0.845
E_03627,BUS_006,PASS_03_006_01,SEG_107,2026-09-20T06:51:07.100000,2026-09-20T06:51:11,2026-09-20T06:51:14.900000,9.875364759307482,76.23969325599265,ROUGHNESS,5,1,0.944
E_03628,BUS_006,PASS_03_006_01,SEG_101,2026-09-20T06:51:04.600000,2026-09-20T06:51:08,2026-09-20T06:51:11.400000,9.882594630006755,76.23840592194841,ROUGHNESS,4,1,0.939
E_03629,BUS_006,PASS_03_006_01,SEG_098,2026-09-20T06:51:10.100000,2026-09-20T06:51:10.700000,2026-09-20T06:51:11.300000,9.886118269039693,76.23848975442645,SPEED_BREAKER,1,1,0.765
E_03630,BUS_006,PASS_03_006_01,SEG_095,2026-09-20T06:51:08.700000,2026-09-20T06:51:09.300000,2026-09-20T06:51:09.900000,9.889516341203802,76.23853228851237,SPEED_BREAKER,1,1,0.749
E_03631,BUS_006,PASS_03_006_01,SEG_094,2026-09-20T06:51:10.500000,2026-09-20T06:51:11.100000,2026-09-20T06:51:11.700000,9.89082881030921,76.23870320992923,SPEED_BREAKER,2,1,0.861
E_03632,BUS_006,PASS_03_006_01,SEG_081,2026-09-20T06:51:08.800000,2026-09-20T06:51:10.100000,2026-09-20T06:51:11.400000,9.90636912421299,76.23672930562792,BROKEN_PATCH,2,1,0.844
E_03633,BUS_006,PASS_03_006_01,SEG_076,2026-09-20T06:51:04.300000,2026-09-20T06:51:05.300000,2026-09-20T06:51:06.300000,9.911256670961615,76.23528133447111,BROKEN_PATCH,3,1,0.892
E_03634,BUS_006,PASS_03_006_01,SEG_074,2026-09-20T06:51:08.100000,2026-09-20T06:51:09.300000,2026-09-20T06:51:10.500000,9.913463904655362,76.23533931994162,BROKEN_PATCH,4,1,0.939
E_03635,BUS_006,PASS_03_006_01,SEG_071,2026-09-20T06:51:05.800000,2026-09-20T06:51:07.200000,2026-09-20T06:51:08.600000,9.916400564011418,76.23774891294386,BROKEN_PATCH,4,1,0.887
E_03636,BUS_006,PASS_03_006_01,SEG_070,2026-09-20T06:51:08.200000,2026-09-20T06:51:08.700000,2026-09-20T06:51:09.200000,9.917409668335225,76.23832869701855,POTHOLE,3,1,0.805
E_03637,BUS_006,PASS_03_006_01,SEG_068,2026-09-20T06:51:09.700000,2026-09-20T06:51:10.200000,2026-09-20T06:51:10.700000,9.919926825204975,76.23942269307133,POTHOLE,3,1,0.825
E_03638,BUS_006,PASS_03_006_01,SEG_067,2026-09-20T06:51:09.100000,2026-09-20T06:51:09.600000,2026-09-20T06:51:10.100000,9.921209996128644,76.24006001439557,POTHOLE,1,1,0.696
E_03639,BUS_006,PASS_03_006_01,SEG_065,2026-09-20T06:51:03.700000,2026-09-20T06:51:04.500000,2026-09-20T06:51:05.300000,9.923194479923426,76.24142288538883,BROKEN_PATCH,1,1,0.72
E_03640,BUS_006,PASS_03_006_01,SEG_063,2026-09-20T06:51:03.300000,2026-09-20T06:51:05.700000,2026-09-20T06:51:08.100000,9.92441192653962,76.24290294055804,ROUGHNESS,3,1,0.82
E_03641,BUS_006,PASS_03_006_01,SEG_062,2026-09-20T06:51:04.400000,2026-09-20T06:51:04.900000,2026-09-20T06:51:05.400000,9.925074727974213,76.24378688577005,POTHOLE,5,1,0.944
E_03642,BUS_006,PASS_03_006_01,SEG_061,2026-09-20T06:51:04.700000,2026-09-20T06:51:05.200000,2026-09-20T06:51:05.700000,9.925685338437901,76.24413437435194,POTHOLE,4,1,0.928
E_03643,BUS_006,PASS_03_006_01,SEG_060,2026-09-20T06:51:08.600000,2026-09-20T06:51:08.700000,2026-09-20T06:51:08.800000,9.926300902282179,76.24452895076764,POTHOLE,2,1,0.756
E_03644,BUS_006,PASS_03_006_01,SEG_060,2026-09-20T06:51:02.900000,2026-09-20T06:51:05.700000,2026-09-20T06:51:08.500000,9.926621829287914,76.24483092195966,ROUGHNESS,4,1,0.839
E_03645,BUS_006,PASS_03_006_01,SEG_058,2026-09-20T06:51:06.600000,2026-09-20T06:51:07.100000,2026-09-20T06:51:07.600000,9.92834672465137,76.24641939519788,POTHOLE,4,1,0.865
E_03646,BUS_006,PASS_03_006_01,SEG_057,2026-09-20T06:51:04.200000,2026-09-20T06:51:04.700000,2026-09-20T06:51:05.200000,9.929123600362926,76.24729218532951,POTHOLE,1,1,0.693
E_03647,BUS_006,PASS_03_006_01,SEG_054,2026-09-20T06:51:02.400000,2026-09-20T06:51:04.300000,2026-09-20T06:51:06.200000,9.93070935697045,76.24993530154974,ROUGHNESS,3,1,0.873
E_03648,BUS_006,PASS_03_006_01,SEG_053,2026-09-20T06:51:03.400000,2026-09-20T06:51:06,2026-09-20T06:51:08.600000,9.931148772703702,76.25089275436464,ROUGHNESS,5,1,0.97
E_03649,BUS_006,PASS_03_006_01,SEG_051,2026-09-20T06:51:06.100000,2026-09-20T06:51:06.600000,2026-09-20T06:51:07.100000,9.932223125269106,76.25295525959355,POTHOLE,5,1,0.969
E_03650,BUS_006,PASS_03_006_01,SEG_050,2026-09-20T06:51:03.200000,2026-09-20T06:51:06.800000,2026-09-20T06:51:10.400000,9.932987434118758,76.25426079111098,ROUGHNESS,2,1,0.772
E_03651,BUS_006,PASS_03_006_01,SEG_049,2026-09-20T06:51:05.300000,2026-09-20T06:51:05.800000,2026-09-20T06:51:06.300000,9.933434188685435,76.2551517244461,POTHOLE,3,1,0.877
E_03652,BUS_006,PASS_03_006_01,SEG_048,2026-09-20T06:51:04.100000,2026-09-20T06:51:06.600000,2026-09-20T06:51:09.100000,9.93379012327238,76.25617904141774,ROUGHNESS,3,1,0.852
E_03653,BUS_006,PASS_03_006_01,SEG_046,2026-09-20T06:51:03.900000,2026-09-20T06:51:04.400000,2026-09-20T06:51:04.900000,9.934226088003776,76.25837626930046,POTHOLE,5,1,0.957
E_03654,BUS_006,PASS_03_006_01,SEG_044,2026-09-20T06:51:02.100000,2026-09-20T06:51:02.600000,2026-09-20T06:51:03.100000,9.93474341464003,76.26029372234272,POTHOLE,3,1,0.87
E_03655,BUS_006,PASS_03_006_01,SEG_042,2026-09-20T06:51:02.200000,2026-09-20T06:51:02.700000,2026-09-20T06:51:03.200000,9.93542280928524,76.26239320844614,POTHOLE,5,1,0.97
E_03656,BUS_006,PASS_03_006_01,SEG_040,2026-09-20T06:51:05.100000,2026-09-20T06:51:05.600000,2026-09-20T06:51:06.100000,9.935753231612258,76.26469960533237,POTHOLE,4,1,0.858
E_03657,BUS_006,PASS_03_006_01,SEG_039,2026-09-20T06:51:03.500000,2026-09-20T06:51:04,2026-09-20T06:51:04.500000,9.9361406034227,76.26620153830264,POTHOLE,2,1,0.817
E_03658,BUS_006,PASS_03_006_01,SEG_037,2026-09-20T06:51:02.300000,2026-09-20T06:51:02.800000,2026-09-20T06:51:03.300000,9.936900663600248,76.26810638157416,POTHOLE,4,1,0.868
E_03659,BUS_006,PASS_03_006_01,SEG_036,2026-09-20T06:51:04.400000,2026-09-20T06:51:04.900000,2026-09-20T06:51:05.400000,9.937546354639109,76.26849215972409,POTHOLE,4,1,0.873
E_03660,BUS_006,PASS_03_006_01,SEG_035,2026-09-20T06:51:03.400000,2026-09-20T06:51:03.900000,2026-09-20T06:51:04.400000,9.938503578400484,76.26958771522587,SPEED_BREAKER,1,1,0.726
E_03661,BUS_006,PASS_03_006_01,SEG_029,2026-09-20T06:51:03.800000,2026-09-20T06:51:04.300000,2026-09-20T06:51:04.800000,9.943390709670018,76.27433023442791,SPEED_BREAKER,5,1,0.859
E_03662,BUS_006,PASS_03_006_01,SEG_028,2026-09-20T06:51:06.400000,2026-09-20T06:51:06.900000,2026-09-20T06:51:07.400000,9.943976342308163,76.27530636265338,SPEED_BREAKER,1,1,0.763
E_03663,BUS_006,PASS_03_006_01,SEG_026,2026-09-20T06:51:03.300000,2026-09-20T06:51:03.800000,2026-09-20T06:51:04.300000,9.945183073594183,76.2776234395378,SPEED_BREAKER,1,1,0.788
E_03664,BUS_006,PASS_03_006_01,SEG_025,2026-09-20T06:51:03.600000,2026-09-20T06:51:04.100000,2026-09-20T06:51:04.600000,9.945450152619424,76.27839474708783,SPEED_BREAKER,3,1,0.873
E_03665,BUS_006,PASS_03_006_01,SEG_024,2026-09-20T06:51:02.800000,2026-09-20T06:51:03.300000,2026-09-20T06:51:03.800000,9.945978843810176,76.27934894657321,SPEED_BREAKER,5,1,0.872
E_03666,BUS_006,PASS_03_006_01,SEG_023,2026-09-20T06:51:06,2026-09-20T06:51:06.500000,2026-09-20T06:51:07,9.946566934139513,76.28021104910313,SPEED_BREAKER,3,1,0.909
E_03667,BUS_006,PASS_03_006_02,SEG_023,2026-09-20T09:21:07.400000,2026-09-20T09:21:07.900000,2026-09-20T09:21:08.400000,9.946607762088853,76.28017732943017,SPEED_BREAKER,5,1,0.97
E_03668,BUS_006,PASS_03_006_02,SEG_024,2026-09-20T09:21:05.800000,2026-09-20T09:21:06.300000,2026-09-20T09:21:06.800000,9.94571167032842,76.27911657333611,SPEED_BREAKER,2,1,0.786
E_03669,BUS_006,PASS_03_006_02,SEG_026,2026-09-20T09:21:03,2026-09-20T09:21:03.500000,2026-09-20T09:21:04,9.945079219116007,76.2776807964939,SPEED_BREAKER,1,1,0.697
E_03670,BUS_006,PASS_03_006_02,SEG_028,2026-09-20T09:21:06.200000,2026-09-20T09:21:06.700000,2026-09-20T09:21:07.200000,9.944075008806234,76.2755178716545,SPEED_BREAKER,2,1,0.849
E_03671,BUS_006,PASS_03_006_02,SEG_029,2026-09-20T09:21:04.900000,2026-09-20T09:21:05.400000,2026-09-20T09:21:05.900000,9.943360136871183,76.27428303129213,SPEED_BREAKER,5,1,0.9
E_03672,BUS_006,PASS_03_006_02,SEG_033,2026-09-20T09:21:06.300000,2026-09-20T09:21:06.800000,2026-09-20T09:21:07.300000,9.939805242807807,76.27090311289746,SPEED_BREAKER,2,1,0.802
E_03673,BUS_006,PASS_03_006_02,SEG_036,2026-09-20T09:21:04,2026-09-20T09:21:04.500000,2026-09-20T09:21:05,9.937636708471867,76.2688128564433,POTHOLE,4,1,0.899
E_03674,BUS_006,PASS_03_006_02,SEG_037,2026-09-20T09:21:03.600000,2026-09-20T09:21:04.100000,2026-09-20T09:21:04.600000,9.936824593902072,76.26805721637984,POTHOLE,5,1,0.97
E_03675,BUS_006,PASS_03_006_02,SEG_039,2026-09-20T09:21:05.900000,2026-09-20T09:21:06.400000,2026-09-20T09:21:06.900000,9.93593870592535,76.26597847868024,POTHOLE,2,1,0.864
E_03676,BUS_006,PASS_03_006_02,SEG_040,2026-09-20T09:21:06.200000,2026-09-20T09:21:06.700000,2026-09-20T09:21:07.200000,9.935832633771243,76.26460483925987,POTHOLE,3,1,0.812
E_03677,BUS_006,PASS_03_006_02,SEG_042,2026-09-20T09:21:02.600000,2026-09-20T09:21:03.100000,2026-09-20T09:21:03.600000,9.935365209018991,76.26236613909225,POTHOLE,5,1,0.97
E_03678,BUS_006,PASS_03_006_02,SEG_048,2026-09-20T09:21:04.600000,2026-09-20T09:21:08.200000,2026-09-20T09:21:11.800000,9.93375711277173,76.25612885641564,ROUGHNESS,4,1,0.877
E_03679,BUS_006,PASS_03_006_02,SEG_049,2026-09-20T09:21:07.200000,2026-09-20T09:21:07.700000,2026-09-20T09:21:08.200000,9.933510598628406,76.25522767390788,POTHOLE,4,1,0.932
E_03680,BUS_006,PASS_03_006_02,SEG_050,2026-09-20T09:21:03.100000,2026-09-20T09:21:07,2026-09-20T09:21:10.900000,9.933038630876037,76.25429010881471,ROUGHNESS,4,1,0.897
E_03681,BUS_006,PASS_03_006_02,SEG_051,2026-09-20T09:21:07.700000,2026-09-20T09:21:08.200000,2026-09-20T09:21:08.700000,9.932369866675653,76.25301034561686,POTHOLE,4,1,0.849
E_03682,BUS_006,PASS_03_006_02,SEG_053,2026-09-20T09:21:05.300000,2026-09-20T09:21:09.200000,2026-09-20T09:21:13.100000,9.931088460370768,76.25089702088324,ROUGHNESS,4,1,0.871
E_03683,BUS_006,PASS_03_006_02,SEG_054,2026-09-20T09:21:04.200000,2026-09-20T09:21:07.400000,2026-09-20T09:21:10.600000,9.930713198888673,76.24989078454466,ROUGHNESS,4,1,0.904
E_03684,BUS_006,PASS_03_006_02,SEG_057,2026-09-20T09:21:06.100000,2026-09-20T09:21:06.600000,2026-09-20T09:21:07.100000,9.929119269556756,76.24721791734923,POTHOLE,5,1,0.949
E_03685,BUS_006,PASS_03_006_02,SEG_058,2026-09-20T09:21:04,2026-09-20T09:21:07.900000,2026-09-20T09:21:11.800000,9.928407731622604,76.24639660484203,ROUGHNESS,5,1,0.97
E_03686,BUS_006,PASS_03_006_02,SEG_060,2026-09-20T09:21:04.200000,2026-09-20T09:21:08.100000,2026-09-20T09:21:12,9.926428169416939,76.24476013658149,ROUGHNESS,4,1,0.9
E_03687,BUS_006,PASS_03_006_02,SEG_061,2026-09-20T09:21:10.300000,2026-09-20T09:21:10.800000,2026-09-20T09:21:11.300000,9.925549861560183,76.24395775778075,POTHOLE,4,1,0.907
E_03688,BUS_006,PASS_03_006_02,SEG_062,2026-09-20T09:21:08.300000,2026-09-20T09:21:08.800000,2026-09-20T09:21:09.300000,9.925135992484512,76.24361285568126,POTHOLE,2,1,0.817
E_03689,BUS_006,PASS_03_006_02,SEG_063,2026-09-20T09:21:03.800000,2026-09-20T09:21:07.700000,2026-09-20T09:21:11.600000,9.92454653460815,76.24289389815348,ROUGHNESS,3,1,0.87
E_03690,BUS_006,PASS_03_006_02,SEG_064,2026-09-20T09:21:07,2026-09-20T09:21:07.500000,2026-09-20T09:21:08,9.923819477425495,76.2422035067457,POTHOLE,2,1,0.848
E_03691,BUS_006,PASS_03_006_02,SEG_065,2026-09-20T09:21:09.400000,2026-09-20T09:21:10.800000,2026-09-20T09:21:12.200000,9.923126998450792,76.24140390570062,BROKEN_PATCH,1,1,0.699
E_03692,BUS_006,PASS_03_006_02,SEG_067,2026-09-20T09:21:09.500000,2026-09-20T09:21:10,2026-09-20T09:21:10.500000,9.92112971523616,76.24009029805771,POTHOLE,2,1,0.794
E_03693,BUS_006,PASS_03_006_02,SEG_068,2026-09-20T09:21:10.700000,2026-09-20T09:21:11.200000,2026-09-20T09:21:11.700000,9.91973557549702,76.23932272843028,POTHOLE,5,1,0.92
E_03694,BUS_006,PASS_03_006_02,SEG_070,2026-09-20T09:21:07.600000,2026-09-20T09:21:08.100000,2026-09-20T09:21:08.600000,9.91741708429737,76.2384266038249,POTHOLE,3,1,0.866
E_03695,BUS_006,PASS_03_006_02,SEG_071,2026-09-20T09:21:08.700000,2026-09-20T09:21:10.100000,2026-09-20T09:21:11.500000,9.916293227892156,76.23748466691586,BROKEN_PATCH,5,1,0.953
E_03696,BUS_006,PASS_03_006_02,SEG_074,2026-09-20T09:21:07.900000,2026-09-20T09:21:09.300000,2026-09-20T09:21:10.700000,9.913692099405141,76.23528056147724,BROKEN_PATCH,1,1,0.776
E_03697,BUS_006,PASS_03_006_02,SEG_078,2026-09-20T09:21:09.900000,2026-09-20T09:21:11.300000,2026-09-20T09:21:12.700000,9.909358557437525,76.23563681457964,BROKEN_PATCH,5,1,0.965
E_03698,BUS_006,PASS_03_006_02,SEG_081,2026-09-20T09:21:06.600000,2026-09-20T09:21:08,2026-09-20T09:21:09.400000,9.90642617019903,76.23670090710614,BROKEN_PATCH,5,1,0.951
E_03699,BUS_006,PASS_03_006_02,SEG_087,2026-09-20T09:21:06.100000,2026-09-20T09:21:06.600000,2026-09-20T09:21:07.100000,9.899967675133228,76.23785262091447,SPEED_BREAKER,4,1,0.933
E_03700,BUS_006,PASS_03_006_02,SEG_089,2026-09-20T09:21:09.900000,2026-09-20T09:21:10.500000,2026-09-20T09:21:11.100000,9.897527030074604,76.23829225693783,SPEED_BREAKER,5,1,0.92
E_03701,BUS_006,PASS_03_006_02,SEG_093,2026-09-20T09:21:07.400000,2026-09-20T09:21:08,2026-09-20T09:21:08.600000,9.892206344904203,76.238611897524,SPEED_BREAKER,5,1,0.933
E_03702,BUS_006,PASS_03_006_02,SEG_095,2026-09-20T09:21:05.800000,2026-09-20T09:21:06.400000,2026-09-20T09:21:07,9.889520983594048,76.2385286237645,SPEED_BREAKER,4,1,0.933
E_03703,BUS_006,PASS_03_006_02,SEG_098,2026-09-20T09:21:07.600000,2026-09-20T09:21:08.200000,2026-09-20T09:21:08.800000,9.886247529466694,76.23834142480399,SPEED_BREAKER,5,1,0.96
E_03704,BUS_006,PASS_03_006_02,SEG_100,2026-09-20T09:21:08,2026-09-20T09:21:08.600000,2026-09-20T09:21:09.200000,9.883947313623969,76.23858078756678,SPEED_BREAKER,3,1,0.823
E_03705,BUS_006,PASS_03_006_02,SEG_101,2026-09-20T09:21:03.900000,2026-09-20T09:21:07.800000,2026-09-20T09:21:11.700000,9.882775553312321,76.23833530560675,ROUGHNESS,3,1,0.856
E_03706,BUS_006,PASS_03_006_02,SEG_105,2026-09-20T09:21:09.900000,2026-09-20T09:21:10.500000,2026-09-20T09:21:11.100000,9.878024201964589,76.23878928578716,SPEED_BREAKER,2,1,0.855
E_03707,BUS_006,PASS_03_006_02,SEG_107,2026-09-20T09:21:04.500000,2026-09-20T09:21:10.500000,2026-09-20T09:21:12.300000,9.87541363424911,76.2396490148936,ROUGHNESS,3,1,0.829
E_03708,BUS_006,PASS_03_006_02,SEG_108,2026-09-20T09:21:06.900000,2026-09-20T09:21:07.400000,2026-09-20T09:21:07.900000,9.874400202171367,76.2399501175529,POTHOLE,2,1,0.769
E_03709,BUS_006,PASS_03_006_02,SEG_109,2026-09-20T09:21:06.500000,2026-09-20T09:21:10.400000,2026-09-20T09:21:14.300000,9.873293102079094,76.24031204619988,ROUGHNESS,2,1,0.766
E_03710,BUS_006,PASS_03_006_02,SEG_110,2026-09-20T09:21:06.100000,2026-09-20T09:21:06.600000,2026-09-20T09:21:07.100000,9.872456928726134,76.24043595738046,POTHOLE,4,1,0.897
E_03711,BUS_006,PASS_03_006_02,SEG_111,2026-09-20T09:21:06.500000,2026-09-20T09:21:07,2026-09-20T09:21:07.500000,9.87108402680652,76.24080558789727,POTHOLE,1,1,0.802
E_03712,BUS_006,PASS_03_006_02,SEG_112,2026-09-20T09:21:04.700000,2026-09-20T09:21:08.300000,2026-09-20T09:21:11.900000,9.86980761065147,76.24087827338744,ROUGHNESS,5,1,0.953
E_03713,BUS_006,PASS_03_006_02,SEG_113,2026-09-20T09:21:09.300000,2026-09-20T09:21:09.800000,2026-09-20T09:21:10.300000,9.868892777162895,76.24009517718984,POTHOLE,4,1,0.949
E_03714,BUS_006,PASS_03_006_02,SEG_114,2026-09-20T09:21:06.300000,2026-09-20T09:21:06.800000,2026-09-20T09:21:07.300000,9.86810927884729,76.23948859264235,POTHOLE,3,1,0.808
E_03715,BUS_006,PASS_03_006_02,SEG_115,2026-09-20T09:21:05.800000,2026-09-20T09:21:06.100000,2026-09-20T09:21:06.400000,9.867207956922952,76.23916717987827,POTHOLE,1,1,0.767
E_03716,BUS_006,PASS_03_006_02,SEG_115,2026-09-20T09:21:06.500000,2026-09-20T09:21:10.400000,2026-09-20T09:21:14.300000,9.866856941047997,76.23897343738214,ROUGHNESS,5,1,0.954
E_03717,BUS_006,PASS_03_006_02,SEG_116,2026-09-20T09:21:05,2026-09-20T09:21:08.900000,2026-09-20T09:21:12.800000,9.86575366009908,76.23818843399934,ROUGHNESS,2,1,0.743
E_03718,BUS_006,PASS_03_006_02,SEG_117,2026-09-20T09:21:10.700000,2026-09-20T09:21:11.200000,2026-09-20T09:21:11.700000,9.864509333557649,76.23711324777915,POTHOLE,3,1,0.738
E_03719,BUS_006,PASS_03_006_02,SEG_119,2026-09-20T09:21:07.200000,2026-09-20T09:21:11.100000,2026-09-20T09:21:15,9.86282716387287,76.23564530692191,ROUGHNESS,1,1,0.741
E_03720,BUS_006,PASS_03_006_02,SEG_121,2026-09-20T09:21:04.200000,2026-09-20T09:21:08.100000,2026-09-20T09:21:12,9.861242330204197,76.2342664871572,ROUGHNESS,5,1,0.97
E_03721,BUS_006,PASS_03_006_02,SEG_122,2026-09-20T09:21:07.100000,2026-09-20T09:21:08.500000,2026-09-20T09:21:09.900000,9.860269373843225,76.23355563037406,BROKEN_PATCH,3,1,0.883
E_03722,BUS_006,PASS_03_006_02,SEG_123,2026-09-20T09:21:07.400000,2026-09-20T09:21:07.900000,2026-09-20T09:21:08.400000,9.859456557393305,76.23290067431323,POTHOLE,2,1,0.782
E_03723,BUS_006,PASS_03_006_02,SEG_125,2026-09-20T09:21:06,2026-09-20T09:21:06,2026-09-20T09:21:06,9.857451475491267,76.23154503618275,POTHOLE,2,1,0.768
E_03724,BUS_006,PASS_03_006_02,SEG_125,2026-09-20T09:21:06.100000,2026-09-20T09:21:10,2026-09-20T09:21:13.900000,9.85742590251399,76.23136294586098,ROUGHNESS,3,1,0.798
E_03725,BUS_006,PASS_03_006_02,SEG_128,2026-09-20T09:21:07.700000,2026-09-20T09:21:09.100000,2026-09-20T09:21:10.500000,9.855426450393352,76.22904422544958,BROKEN_PATCH,3,1,0.848
E_03726,BUS_006,PASS_03_006_02,SEG_132,2026-09-20T09:21:07,2026-09-20T09:21:08.400000,2026-09-20T09:21:09.800000,9.853458491511384,76.22506863632836,BROKEN_PATCH,2,1,0.813
E_03727,BUS_006,PASS_03_006_02,SEG_137,2026-09-20T09:21:05.800000,2026-09-20T09:21:07.200000,2026-09-20T09:21:08.600000,9.851674266961354,76.22025164475598,BROKEN_PATCH,4,1,0.943
E_03728,BUS_006,PASS_03_006_02,SEG_139,2026-09-20T09:21:06,2026-09-20T09:21:07.400000,2026-09-20T09:21:08.800000,9.850950055085802,76.2181929000684,BROKEN_PATCH,4,1,0.899
E_03729,BUS_006,PASS_03_006_02,SEG_145,2026-09-20T09:21:07.700000,2026-09-20T09:21:09.100000,2026-09-20T09:21:10.500000,9.849763768886978,76.21216154778423,BROKEN_PATCH,5,1,0.917
E_03730,BUS_006,PASS_03_006_02,SEG_147,2026-09-20T09:21:09.300000,2026-09-20T09:21:09.900000,2026-09-20T09:21:10.500000,9.849695738333846,76.20940904583973,SPEED_BREAKER,4,1,0.968
E_03731,BUS_006,PASS_03_006_02,SEG_148,2026-09-20T09:21:06.400000,2026-09-20T09:21:06.900000,2026-09-20T09:21:07.400000,9.849495508239533,76.2082621230371,SPEED_BREAKER,2,1,0.74
E_03732,BUS_006,PASS_03_006_02,SEG_149,2026-09-20T09:21:10.500000,2026-09-20T09:21:11.100000,2026-09-20T09:21:11.700000,9.849953501501107,76.20720800104841,SPEED_BREAKER,4,1,0.894
E_03733,BUS_006,PASS_03_006_02,SEG_150,2026-09-20T09:21:10.100000,2026-09-20T09:21:10.700000,2026-09-20T09:21:11.300000,9.85069555299153,76.20619209096833,SPEED_BREAKER,5,1,0.966
E_03734,BUS_006,PASS_03_006_02,SEG_152,2026-09-20T09:21:05.300000,2026-09-20T09:21:05.800000,2026-09-20T09:21:06.300000,9.852194872069095,76.20488638970974,SPEED_BREAKER,1,1,0.68
E_03735,BUS_007,PASS_03_007_01,SEG_023,2026-09-20T06:30:07.200000,2026-09-20T06:30:07.700000,2026-09-20T06:30:08.200000,9.946437264801435,76.28019780555776,SPEED_BREAKER,2,1,0.814
E_03736,BUS_007,PASS_03_007_01,SEG_024,2026-09-20T06:30:03.400000,2026-09-20T06:30:03.900000,2026-09-20T06:30:04.400000,9.945954217655283,76.27928536773737,SPEED_BREAKER,1,1,0.748
E_03737,BUS_007,PASS_03_007_01,SEG_025,2026-09-20T06:30:02.700000,2026-09-20T06:30:03.200000,2026-09-20T06:30:03.700000,9.94547094409824,76.27851402418426,SPEED_BREAKER,3,1,0.883
E_03738,BUS_007,PASS_03_007_01,SEG_026,2026-09-20T06:30:02,2026-09-20T06:30:02.500000,2026-09-20T06:30:03,9.945156272245505,76.27776807963681,SPEED_BREAKER,3,1,0.875
E_03739,BUS_007,PASS_03_007_01,SEG_029,2026-09-20T06:30:05.500000,2026-09-20T06:30:06,2026-09-20T06:30:06.500000,9.943352259607266,76.27437082799497,SPEED_BREAKER,4,1,0.896
E_03740,BUS_007,PASS_03_007_01,SEG_033,2026-09-20T06:30:05.500000,2026-09-20T06:30:06,2026-09-20T06:30:06.500000,9.940113124824977,76.27105796188823,SPEED_BREAKER,4,1,0.924
E_03741,BUS_007,PASS_03_007_01,SEG_035,2026-09-20T06:30:04.400000,2026-09-20T06:30:04.900000,2026-09-20T06:30:05.400000,9.938334524623755,76.26945224578144,SPEED_BREAKER,1,1,0.72
E_03742,BUS_007,PASS_03_007_01,SEG_036,2026-09-20T06:30:03.800000,2026-09-20T06:30:04.300000,2026-09-20T06:30:04.800000,9.937686895356379,76.26881433064207,POTHOLE,3,1,0.901
E_03743,BUS_007,PASS_03_007_01,SEG_037,2026-09-20T06:30:04.400000,2026-09-20T06:30:04.900000,2026-09-20T06:30:05.400000,9.936719268952762,76.26807051142288,POTHOLE,2,1,0.838
E_03744,BUS_007,PASS_03_007_01,SEG_038,2026-09-20T06:30:03.200000,2026-09-20T06:30:03.700000,2026-09-20T06:30:04.200000,9.936356474897089,76.26735719187815,POTHOLE,1,1,0.68
E_03745,BUS_007,PASS_03_007_01,SEG_039,2026-09-20T06:30:05.200000,2026-09-20T06:30:05.700000,2026-09-20T06:30:06.200000,9.935970118513525,76.26610565097923,POTHOLE,2,1,0.786
E_03746,BUS_007,PASS_03_007_01,SEG_040,2026-09-20T06:30:04.900000,2026-09-20T06:30:05.400000,2026-09-20T06:30:05.900000,9.935839729633843,76.26492362112026,POTHOLE,4,1,0.885
E_03747,BUS_007,PASS_03_007_01,SEG_041,2026-09-20T06:30:04.800000,2026-09-20T06:30:05.300000,2026-09-20T06:30:05.800000,9.935587570725046,76.26354647622759,POTHOLE,2,1,0.829
E_03748,BUS_007,PASS_03_007_01,SEG_043,2026-09-20T06:30:07.200000,2026-09-20T06:30:07.700000,2026-09-20T06:30:08.200000,9.934907316423992,76.26115153684569,POTHOLE,5,1,0.912
E_03749,BUS_007,PASS_03_007_01,SEG_046,2026-09-20T06:30:09.400000,2026-09-20T06:30:09.900000,2026-09-20T06:30:10.400000,9.934192817475843,76.25800613517906,POTHOLE,2,1,0.781
E_03750,BUS_007,PASS_03_007_01,SEG_048,2026-09-20T06:30:03.500000,2026-09-20T06:30:06.800000,2026-09-20T06:30:10.100000,9.933866086651488,76.25618436129487,ROUGHNESS,1,1,0.745
E_03751,BUS_007,PASS_03_007_01,SEG_049,2026-09-20T06:30:05.400000,2026-09-20T06:30:05.900000,2026-09-20T06:30:06.400000,9.93354200812236,76.2552774423409,POTHOLE,4,1,0.925
E_03752,BUS_007,PASS_03_007_01,SEG_050,2026-09-20T06:30:02.500000,2026-09-20T06:30:06.400000,2026-09-20T06:30:10.300000,9.93308019156317,76.25433316990704,ROUGHNESS,2,1,0.778
E_03753,BUS_007,PASS_03_007_01,SEG_051,2026-09-20T06:30:04.200000,2026-09-20T06:30:04.700000,2026-09-20T06:30:05.200000,9.93237513145706,76.2530686431203,POTHOLE,1,1,0.749
E_03754,BUS_007,PASS_03_007_01,SEG_053,2026-09-20T06:30:05.300000,2026-09-20T06:30:08.600000,2026-09-20T06:30:11.900000,9.931003060338838,76.25085040538352,ROUGHNESS,3,1,0.828
E_03755,BUS_007,PASS_03_007_01,SEG_054,2026-09-20T06:30:02.100000,2026-09-20T06:30:04.500000,2026-09-20T06:30:06.900000,9.930774093843105,76.24997460726155,ROUGHNESS,1,1,0.786
E_03756,BUS_007,PASS_03_007_01,SEG_057,2026-09-20T06:30:06.300000,2026-09-20T06:30:06.800000,2026-09-20T06:30:07.300000,9.929023466746866,76.24722745174599,POTHOLE,3,1,0.829
E_03757,BUS_007,PASS_03_007_01,SEG_058,2026-09-20T06:30:10.800000,2026-09-20T06:30:11.300000,2026-09-20T06:30:11.800000,9.92820302697368,76.24633357760072,POTHOLE,4,1,0.929
E_03758,BUS_007,PASS_03_007_01,SEG_059,2026-09-20T06:30:03,2026-09-20T06:30:06.100000,2026-09-20T06:30:09.200000,9.927456691728844,76.24564276597428,ROUGHNESS,4,1,0.894
E_03759,BUS_007,PASS_03_007_01,SEG_060,2026-09-20T06:30:05.800000,2026-09-20T06:30:06.300000,2026-09-20T06:30:06.800000,9.926583885794118,76.24488029833816,POTHOLE,5,1,0.97
E_03760,BUS_007,PASS_03_007_01,SEG_061,2026-09-20T06:30:04.400000,2026-09-20T06:30:04.900000,2026-09-20T06:30:05.400000,9.925824829854898,76.24406909976017,POTHOLE,2,1,0.759
E_03761,BUS_007,PASS_03_007_01,SEG_062,2026-09-20T06:30:03.600000,2026-09-20T06:30:04.100000,2026-09-20T06:30:04.600000,9.925019277309069,76.24362108927261,POTHOLE,3,1,0.825
E_03762,BUS_007,PASS_03_007_01,SEG_063,2026-09-20T06:30:05,2026-09-20T06:30:07.800000,2026-09-20T06:30:10.600000,9.92431336400035,76.24284930601891,ROUGHNESS,2,1,0.746
E_03763,BUS_007,PASS_03_007_01,SEG_064,2026-09-20T06:30:04.900000,2026-09-20T06:30:05.400000,2026-09-20T06:30:05.900000,9.923696964603637,76.24215517897726,POTHOLE,3,1,0.853
E_03764,BUS_007,PASS_03_007_01,SEG_065,2026-09-20T06:30:03.400000,2026-09-20T06:30:04.200000,2026-09-20T06:30:05,9.923311904461936,76.24146214400794,BROKEN_PATCH,4,1,0.891
E_03765,BUS_007,PASS_03_007_01,SEG_067,2026-09-20T06:30:07.800000,2026-09-20T06:30:08.300000,2026-09-20T06:30:08.800000,9.92109452868287,76.2401061158871,POTHOLE,4,1,0.865
E_03766,BUS_007,PASS_03_007_01,SEG_068,2026-09-20T06:30:06.200000,2026-09-20T06:30:06.700000,2026-09-20T06:30:07.200000,9.92015508486335,76.23948558131295,POTHOLE,4,1,0.947
E_03767,BUS_007,PASS_03_007_01,SEG_071,2026-09-20T06:30:07.400000,2026-09-20T06:30:08.800000,2026-09-20T06:30:10.200000,9.91627126458662,76.23764331684787,BROKEN_PATCH,4,1,0.907
E_03768,BUS_007,PASS_03_007_01,SEG_074,2026-09-20T06:30:07.200000,2026-09-20T06:30:08.200000,2026-09-20T06:30:09.200000,9.913467029455317,76.23520708711283,BROKEN_PATCH,4,1,0.889
E_03769,BUS_007,PASS_03_007_01,SEG_076,2026-09-20T06:30:03.900000,2026-09-20T06:30:04.600000,2026-09-20T06:30:05.300000,9.911292532118368,76.23536705411406,BROKEN_PATCH,2,1,0.844
E_03770,BUS_007,PASS_03_007_01,SEG_081,2026-09-20T06:30:05.200000,2026-09-20T06:30:06,2026-09-20T06:30:06.800000,9.906291389854848,76.23677556712045,BROKEN_PATCH,1,1,0.757
E_03771,BUS_007,PASS_03_007_01,SEG_089,2026-09-20T06:30:06.900000,2026-09-20T06:30:07.400000,2026-09-20T06:30:07.900000,9.897745933446487,76.23825838542005,SPEED_BREAKER,3,1,0.886
E_03772,BUS_007,PASS_03_007_01,SEG_094,2026-09-20T06:30:09.900000,2026-09-20T06:30:10.500000,2026-09-20T06:30:11.100000,9.890850895375323,76.2385791272584,SPEED_BREAKER,4,1,0.893
E_03773,BUS_007,PASS_03_007_01,SEG_098,2026-09-20T06:30:06,2026-09-20T06:30:06.600000,2026-09-20T06:30:07.200000,9.88640797408244,76.23840775548167,SPEED_BREAKER,2,1,0.784
E_03774,BUS_007,PASS_03_007_01,SEG_100,2026-09-20T06:30:08.400000,2026-09-20T06:30:09,2026-09-20T06:30:09.600000,9.883854811597647,76.23845338223038,SPEED_BREAKER,2,1,0.821
E_03775,BUS_007,PASS_03_007_01,SEG_101,2026-09-20T06:30:04.500000,2026-09-20T06:30:07.300000,2026-09-20T06:30:10.100000,9.882508923185295,76.2383584032719,ROUGHNESS,3,1,0.804
E_03776,BUS_007,PASS_03_007_01,SEG_104,2026-09-20T06:30:07.800000,2026-09-20T06:30:08.400000,2026-09-20T06:30:09,9.879431642818883,76.23849890855777,SPEED_BREAKER,3,1,0.826
E_03777,BUS_007,PASS_03_007_01,SEG_105,2026-09-20T06:30:06.600000,2026-09-20T06:30:07.200000,2026-09-20T06:30:07.800000,9.878208430854876,76.23858647714219,SPEED_BREAKER,2,1,0.786
E_03778,BUS_007,PASS_03_007_01,SEG_106,2026-09-20T06:30:06.100000,2026-09-20T06:30:10,2026-09-20T06:30:13.900000,9.87676926399295,76.23915986680197,ROUGHNESS,3,1,0.859
E_03779,BUS_007,PASS_03_007_01,SEG_107,2026-09-20T06:30:09.500000,2026-09-20T06:30:10,2026-09-20T06:30:10.500000,9.875478000315319,76.23979342593108,POTHOLE,3,1,0.887
E_03780,BUS_007,PASS_03_007_01,SEG_109,2026-09-20T06:30:03,2026-09-20T06:30:06.600000,2026-09-20T06:30:10.200000,9.873523617206352,76.24019698195605,ROUGHNESS,3,1,0.838
E_03781,BUS_007,PASS_03_007_01,SEG_110,2026-09-20T06:30:09.900000,2026-09-20T06:30:10.400000,2026-09-20T06:30:10.900000,9.872208375108785,76.24045641650426,POTHOLE,1,1,0.694
E_03782,BUS_007,PASS_03_007_01,SEG_111,2026-09-20T06:30:07.300000,2026-09-20T06:30:07.800000,2026-09-20T06:30:08.300000,9.87120625094109,76.24063506393242,POTHOLE,5,1,0.935
E_03783,BUS_007,PASS_03_007_01,SEG_113,2026-09-20T06:30:10.600000,2026-09-20T06:30:11.100000,2026-09-20T06:30:11.600000,9.868857401620243,76.24004168669123,POTHOLE,4,1,0.881
E_03784,BUS_007,PASS_03_007_01,SEG_114,2026-09-20T06:30:06.500000,2026-09-20T06:30:07,2026-09-20T06:30:07.500000,9.86788117147658,76.23951396437496,POTHOLE,2,1,0.773
E_03785,BUS_007,PASS_03_007_01,SEG_115,2026-09-20T06:30:10.800000,2026-09-20T06:30:11.300000,2026-09-20T06:30:11.800000,9.86677759738209,76.23882084179475,POTHOLE,3,1,0.877
E_03786,BUS_007,PASS_03_007_01,SEG_116,2026-09-20T06:30:05.600000,2026-09-20T06:30:09.500000,2026-09-20T06:30:13.400000,9.865557717329382,76.23805972441916,ROUGHNESS,2,1,0.742
E_03787,BUS_007,PASS_03_007_01,SEG_117,2026-09-20T06:30:07.100000,2026-09-20T06:30:07.600000,2026-09-20T06:30:08.100000,9.864699700348352,76.23724109567783,POTHOLE,3,1,0.858
E_03788,BUS_007,PASS_03_007_01,SEG_119,2026-09-20T06:30:06.500000,2026-09-20T06:30:10.400000,2026-09-20T06:30:14.300000,9.862747245890699,76.23578433666192,ROUGHNESS,5,1,0.938
E_03789,BUS_007,PASS_03_007_01,SEG_121,2026-09-20T06:30:05.700000,2026-09-20T06:30:06.300000,2026-09-20T06:30:06.800000,9.861499456661223,76.23444486525146,BROKEN_PATCH,1,1,0.74
E_03790,BUS_007,PASS_03_007_01,SEG_121,2026-09-20T06:30:06.900000,2026-09-20T06:30:10.800000,2026-09-20T06:30:14.700000,9.861121071842613,76.23420741113799,ROUGHNESS,3,1,0.802
E_03791,BUS_007,PASS_03_007_01,SEG_122,2026-09-20T06:30:09,2026-09-20T06:30:10.300000,2026-09-20T06:30:11.600000,9.860231327032531,76.23347317153355,BROKEN_PATCH,3,1,0.835
E_03792,BUS_007,PASS_03_007_01,SEG_123,2026-09-20T06:30:09.400000,2026-09-20T06:30:10.800000,2026-09-20T06:30:12.200000,9.859243126434013,76.23271951108137,BROKEN_PATCH,2,1,0.773
E_03793,BUS_007,PASS_03_007_01,SEG_124,2026-09-20T06:30:06.700000,2026-09-20T06:30:10.600000,2026-09-20T06:30:14.500000,9.858160765358031,76.23202460613327,ROUGHNESS,4,1,0.924
E_03794,BUS_007,PASS_03_007_01,SEG_125,2026-09-20T06:30:05.700000,2026-09-20T06:30:09.100000,2026-09-20T06:30:12.500000,9.857516452860402,76.23140353498091,ROUGHNESS,4,1,0.957
E_03795,BUS_007,PASS_03_007_01,SEG_128,2026-09-20T06:30:06.500000,2026-09-20T06:30:07.700000,2026-09-20T06:30:08.900000,9.855305074332882,76.22917221559173,BROKEN_PATCH,1,1,0.729
E_03796,BUS_007,PASS_03_007_01,SEG_133,2026-09-20T06:30:04.400000,2026-09-20T06:30:05.500000,2026-09-20T06:30:06.600000,9.853136335162672,76.22440019580208,BROKEN_PATCH,2,1,0.761
E_03797,BUS_007,PASS_03_007_01,SEG_136,2026-09-20T06:30:05.800000,2026-09-20T06:30:06.900000,2026-09-20T06:30:08,9.85205337986376,76.22131839700057,BROKEN_PATCH,4,1,0.92
E_03798,BUS_007,PASS_03_007_01,SEG_137,2026-09-20T06:30:06.400000,2026-09-20T06:30:07.800000,2026-09-20T06:30:09.200000,9.851585300899487,76.22009211502892,BROKEN_PATCH,3,1,0.87
E_03799,BUS_007,PASS_03_007_01,SEG_139,2026-09-20T06:30:07.200000,2026-09-20T06:30:08.300000,2026-09-20T06:30:09.400000,9.850772011472955,76.21800558419092,BROKEN_PATCH,5,1,0.97
E_03800,BUS_007,PASS_03_007_01,SEG_141,2026-09-20T06:30:08.600000,2026-09-20T06:30:09.800000,2026-09-20T06:30:11,9.850289470934149,76.21587490892537,BROKEN_PATCH,1,1,0.749
E_03801,BUS_007,PASS_03_007_01,SEG_143,2026-09-20T06:30:04.900000,2026-09-20T06:30:05.800000,2026-09-20T06:30:06.700000,9.849820019027842,76.21431206307275,BROKEN_PATCH,1,1,0.735
E_03802,BUS_007,PASS_03_007_01,SEG_144,2026-09-20T06:30:06,2026-09-20T06:30:07,2026-09-20T06:30:08,9.849817918862051,76.21336902449737,BROKEN_PATCH,1,1,0.793
E_03803,BUS_007,PASS_03_007_01,SEG_145,2026-09-20T06:30:10.200000,2026-09-20T06:30:11.600000,2026-09-20T06:30:13,9.84972367002993,76.21201384433822,BROKEN_PATCH,5,1,0.959
E_03804,BUS_007,PASS_03_007_01,SEG_147,2026-09-20T06:30:08.200000,2026-09-20T06:30:08.800000,2026-09-20T06:30:09.400000,9.849526843715708,76.20926942423229,SPEED_BREAKER,5,1,0.912
E_03805,BUS_007,PASS_03_007_01,SEG_149,2026-09-20T06:30:07.100000,2026-09-20T06:30:07.700000,2026-09-20T06:30:08.300000,9.849788658627382,76.20762679216028,SPEED_BREAKER,4,1,0.945
E_03806,BUS_007,PASS_03_007_01,SEG_150,2026-09-20T06:30:06.700000,2026-09-20T06:30:07.300000,2026-09-20T06:30:07.900000,9.85046539460676,76.20655140032859,SPEED_BREAKER,1,1,0.747
E_03807,BUS_007,PASS_03_007_01,SEG_152,2026-09-20T06:30:07.600000,2026-09-20T06:30:08.100000,2026-09-20T06:30:08.600000,9.852406312745863,76.20468712215941,SPEED_BREAKER,3,1,0.874
E_03808,BUS_007,PASS_03_007_01,SEG_154,2026-09-20T06:30:07.900000,2026-09-20T06:30:08.400000,2026-09-20T06:30:08.900000,9.853838813137608,76.20309728747431,SPEED_BREAKER,4,1,0.891
E_03809,BUS_007,PASS_03_007_01,SEG_157,2026-09-20T06:30:08.200000,2026-09-20T06:30:08.800000,2026-09-20T06:30:09.400000,9.856710253522586,76.20103252030664,SPEED_BREAKER,1,1,0.746
E_03810,BUS_007,PASS_03_007_02,SEG_023,2026-09-20T09:00:06.700000,2026-09-20T09:00:07.200000,2026-09-20T09:00:07.700000,9.946675331378005,76.28035979874282,SPEED_BREAKER,5,1,0.897
E_03811,BUS_007,PASS_03_007_02,SEG_024,2026-09-20T09:00:04.700000,2026-09-20T09:00:05.200000,2026-09-20T09:00:05.700000,9.945929683985838,76.27935298272149,SPEED_BREAKER,4,1,0.896
E_03812,BUS_007,PASS_03_007_02,SEG_025,2026-09-20T09:00:03.400000,2026-09-20T09:00:03.900000,2026-09-20T09:00:04.400000,9.945430430790148,76.27855799544784,SPEED_BREAKER,3,1,0.796
E_03813,BUS_007,PASS_03_007_02,SEG_026,2026-09-20T09:00:02.800000,2026-09-20T09:00:03.300000,2026-09-20T09:00:03.800000,9.94514955086528,76.27775029546457,SPEED_BREAKER,2,1,0.782
E_03814,BUS_007,PASS_03_007_02,SEG_028,2026-09-20T09:00:04.900000,2026-09-20T09:00:05.400000,2026-09-20T09:00:05.900000,9.944193111751678,76.27566061359198,SPEED_BREAKER,2,1,0.808
E_03815,BUS_007,PASS_03_007_02,SEG_029,2026-09-20T09:00:05.400000,2026-09-20T09:00:05.900000,2026-09-20T09:00:06.400000,9.94339996089369,76.27424448691879,SPEED_BREAKER,3,1,0.908
E_03816,BUS_007,PASS_03_007_02,SEG_033,2026-09-20T09:00:05.700000,2026-09-20T09:00:06.200000,2026-09-20T09:00:06.700000,9.94009279261979,76.27092115318762,SPEED_BREAKER,1,1,0.744
E_03817,BUS_007,PASS_03_007_02,SEG_035,2026-09-20T09:00:05.700000,2026-09-20T09:00:06.200000,2026-09-20T09:00:06.700000,9.938308744574437,76.2693921220648,SPEED_BREAKER,1,1,0.737
E_03818,BUS_007,PASS_03_007_02,SEG_036,2026-09-20T09:00:05.200000,2026-09-20T09:00:05.700000,2026-09-20T09:00:06.200000,9.937624523275575,76.26884728225006,POTHOLE,3,1,0.842
E_03819,BUS_007,PASS_03_007_02,SEG_037,2026-09-20T09:00:04.600000,2026-09-20T09:00:05.100000,2026-09-20T09:00:05.600000,9.936777787609833,76.26808024169505,POTHOLE,2,1,0.857
E_03820,BUS_007,PASS_03_007_02,SEG_038,2026-09-20T09:00:04.500000,2026-09-20T09:00:05,2026-09-20T09:00:05.500000,9.93629805867118,76.26725484042727,POTHOLE,3,1,0.807
E_03821,BUS_007,PASS_03_007_02,SEG_040,2026-09-20T09:00:04.500000,2026-09-20T09:00:05,2026-09-20T09:00:05.500000,9.935833504657168,76.26504300065322,POTHOLE,4,1,0.823
E_03822,BUS_007,PASS_03_007_02,SEG_041,2026-09-20T09:00:05,2026-09-20T09:00:05.500000,2026-09-20T09:00:06,9.935665109140428,76.26367905603027,POTHOLE,5,1,0.912
E_03823,BUS_007,PASS_03_007_02,SEG_042,2026-09-20T09:00:02.900000,2026-09-20T09:00:03.400000,2026-09-20T09:00:03.900000,9.935426225943816,76.26242405929614,POTHOLE,5,1,0.97
E_03824,BUS_007,PASS_03_007_02,SEG_043,2026-09-20T09:00:08.500000,2026-09-20T09:00:09,2026-09-20T09:00:09.500000,9.935061924743069,76.26119140135862,POTHOLE,3,1,0.934
E_03825,BUS_007,PASS_03_007_02,SEG_044,2026-09-20T09:00:03.900000,2026-09-20T09:00:04.400000,2026-09-20T09:00:04.900000,9.934842671503985,76.2603027337083,POTHOLE,4,1,0.894
E_03826,BUS_007,PASS_03_007_02,SEG_046,2026-09-20T09:00:08.400000,2026-09-20T09:00:08.900000,2026-09-20T09:00:09.400000,9.93420292866497,76.25829613354296,POTHOLE,1,1,0.712
E_03827,BUS_007,PASS_03_007_02,SEG_048,2026-09-20T09:00:06.800000,2026-09-20T09:00:07.300000,2026-09-20T09:00:07.800000,9.933790781929595,76.25634156152051,POTHOLE,1,1,0.727
E_03828,BUS_007,PASS_03_007_02,SEG_050,2026-09-20T09:00:03.100000,2026-09-20T09:00:07,2026-09-20T09:00:10.900000,9.932961692644167,76.25432552587004,ROUGHNESS,4,1,0.845
E_03829,BUS_007,PASS_03_007_02,SEG_053,2026-09-20T09:00:05.900000,2026-09-20T09:00:09.500000,2026-09-20T09:00:13.100000,9.931110501320848,76.25084170586915,ROUGHNESS,4,1,0.911
E_03830,BUS_007,PASS_03_007_02,SEG_054,2026-09-20T09:00:06.100000,2026-09-20T09:00:06.600000,2026-09-20T09:00:07.100000,9.930768637753348,76.24973581033946,POTHOLE,5,1,0.97
E_03831,BUS_007,PASS_03_007_02,SEG_057,2026-09-20T09:00:05.500000,2026-09-20T09:00:06,2026-09-20T09:00:06.500000,9.92910417365591,76.24730493662373,POTHOLE,2,1,0.838
E_03832,BUS_007,PASS_03_007_02,SEG_058,2026-09-20T09:00:05.200000,2026-09-20T09:00:09.100000,2026-09-20T09:00:13,9.92830268272156,76.2463711994041,ROUGHNESS,3,1,0.816
E_03833,BUS_007,PASS_03_007_02,SEG_059,2026-09-20T09:00:03.300000,2026-09-20T09:00:06.700000,2026-09-20T09:00:10.100000,9.927496700119592,76.24561204151635,ROUGHNESS,5,1,0.939
E_03834,BUS_007,PASS_03_007_02,SEG_060,2026-09-20T09:00:03.800000,2026-09-20T09:00:07.600000,2026-09-20T09:00:11.400000,9.9266477918632,76.24467976134596,ROUGHNESS,3,1,0.864
E_03835,BUS_007,PASS_03_007_02,SEG_062,2026-09-20T09:00:03.900000,2026-09-20T09:00:04.400000,2026-09-20T09:00:04.900000,9.925086474902955,76.24362534994555,POTHOLE,1,1,0.734
E_03836,BUS_007,PASS_03_007_02,SEG_063,2026-09-20T09:00:06.800000,2026-09-20T09:00:07.300000,2026-09-20T09:00:07.800000,9.924327444653768,76.242947663974,POTHOLE,3,1,0.853
E_03837,BUS_007,PASS_03_007_02,SEG_064,2026-09-20T09:00:05.100000,2026-09-20T09:00:05.600000,2026-09-20T09:00:06.100000,9.923792349036187,76.24204722983887,POTHOLE,4,1,0.896
E_03838,BUS_007,PASS_03_007_02,SEG_065,2026-09-20T09:00:06,2026-09-20T09:00:06.500000,2026-09-20T09:00:07,9.923141152977832,76.24153290346689,POTHOLE,1,1,0.72
E_03839,BUS_007,PASS_03_007_02,SEG_065,2026-09-20T09:00:03.900000,2026-09-20T09:00:04.900000,2026-09-20T09:00:05.900000,9.92321773031468,76.24159767520312,BROKEN_PATCH,5,1,0.874
E_03840,BUS_007,PASS_03_007_02,SEG_067,2026-09-20T09:00:10.300000,2026-09-20T09:00:10.800000,2026-09-20T09:00:11.300000,9.921231853383592,76.24011952245421,POTHOLE,3,1,0.867
E_03841,BUS_007,PASS_03_007_02,SEG_068,2026-09-20T09:00:09.900000,2026-09-20T09:00:10.400000,2026-09-20T09:00:10.900000,9.919832913474812,76.23941194282227,POTHOLE,3,1,0.842
E_03842,BUS_007,PASS_03_007_02,SEG_070,2026-09-20T09:00:09.300000,2026-09-20T09:00:09.800000,2026-09-20T09:00:10.300000,9.917292757586594,76.23841953117818,POTHOLE,4,1,0.885
E_03843,BUS_007,PASS_03_007_02,SEG_071,2026-09-20T09:00:07.600000,2026-09-20T09:00:09,2026-09-20T09:00:10.400000,9.916241210285682,76.23754155437216,BROKEN_PATCH,2,1,0.821
E_03844,BUS_007,PASS_03_007_02,SEG_076,2026-09-20T09:00:05.100000,2026-09-20T09:00:06.100000,2026-09-20T09:00:07.100000,9.911331391851064,76.23516717888974,BROKEN_PATCH,3,1,0.931
E_03845,BUS_007,PASS_03_007_02,SEG_078,2026-09-20T09:00:06.600000,2026-09-20T09:00:07.800000,2026-09-20T09:00:09,9.909465880174153,76.23562271618772,BROKEN_PATCH,2,1,0.768
E_03846,BUS_007,PASS_03_007_02,SEG_081,2026-09-20T09:00:05.100000,2026-09-20T09:00:06.300000,2026-09-20T09:00:07.500000,9.906421605154547,76.23661645215113,BROKEN_PATCH,3,1,0.84
E_03847,BUS_007,PASS_03_007_02,SEG_087,2026-09-20T09:00:06.900000,2026-09-20T09:00:07.400000,2026-09-20T09:00:07.900000,9.899873938668591,76.2377639008016,SPEED_BREAKER,2,1,0.843
E_03848,BUS_007,PASS_03_007_02,SEG_089,2026-09-20T09:00:10.100000,2026-09-20T09:00:10.700000,2026-09-20T09:00:11.300000,9.897312452019849,76.23818003847144,SPEED_BREAKER,1,1,0.71
E_03849,BUS_007,PASS_03_007_02,SEG_094,2026-09-20T09:00:05.900000,2026-09-20T09:00:06.500000,2026-09-20T09:00:07.100000,9.891156416594574,76.23877649034117,SPEED_BREAKER,1,1,0.745
E_03850,BUS_007,PASS_03_007_02,SEG_095,2026-09-20T09:00:08.400000,2026-09-20T09:00:09,2026-09-20T09:00:09.600000,9.889691984029902,76.2385624140751,SPEED_BREAKER,3,1,0.816
E_03851,BUS_007,PASS_03_007_02,SEG_100,2026-09-20T09:00:09.900000,2026-09-20T09:00:10.500000,2026-09-20T09:00:11.100000,9.88371747166098,76.23842704405203,SPEED_BREAKER,3,1,0.828
E_03852,BUS_007,PASS_03_007_02,SEG_101,2026-09-20T09:00:06.600000,2026-09-20T09:00:07.100000,2026-09-20T09:00:07.600000,9.88261822487379,76.23842185262563,SPEED_BREAKER,5,1,0.97
E_03853,BUS_007,PASS_03_007_02,SEG_104,2026-09-20T09:00:06.200000,2026-09-20T09:00:06.800000,2026-09-20T09:00:07.400000,9.87941500308184,76.23835326555026,SPEED_BREAKER,3,1,0.841
E_03854,BUS_007,PASS_03_007_02,SEG_105,2026-09-20T09:00:10,2026-09-20T09:00:10.600000,2026-09-20T09:00:11.200000,9.877897640253755,76.23872252920548,SPEED_BREAKER,2,1,0.772
E_03855,BUS_007,PASS_03_007_02,SEG_107,2026-09-20T09:00:06.700000,2026-09-20T09:00:07,2026-09-20T09:00:07.200000,9.875670847899313,76.23961889921601,POTHOLE,5,1,0.954
E_03856,BUS_007,PASS_03_007_02,SEG_107,2026-09-20T09:00:07.300000,2026-09-20T09:00:11.200000,2026-09-20T09:00:15.100000,9.87524929617836,76.23965711117454,ROUGHNESS,2,1,0.846
E_03857,BUS_007,PASS_03_007_02,SEG_108,2026-09-20T09:00:08.800000,2026-09-20T09:00:09.300000,2026-09-20T09:00:09.800000,9.87428567544555,76.24000854706323,POTHOLE,3,1,0.867
E_03858,BUS_007,PASS_03_007_02,SEG_109,2026-09-20T09:00:05.100000,2026-09-20T09:00:09,2026-09-20T09:00:12.900000,9.873334709343728,76.24039050266921,ROUGHNESS,2,1,0.75
E_03859,BUS_007,PASS_03_007_02,SEG_110,2026-09-20T09:00:06.400000,2026-09-20T09:00:06.900000,2026-09-20T09:00:07.400000,9.872459494485161,76.2405675464846,POTHOLE,4,1,0.906
E_03860,BUS_007,PASS_03_007_02,SEG_111,2026-09-20T09:00:09.900000,2026-09-20T09:00:10.400000,2026-09-20T09:00:10.900000,9.870868155146994,76.24083939817541,POTHOLE,3,1,0.876
E_03861,BUS_007,PASS_03_007_02,SEG_112,2026-09-20T09:00:05.900000,2026-09-20T09:00:08.900000,2026-09-20T09:00:11.900000,9.869847678155185,76.24065472506116,ROUGHNESS,3,1,0.895
E_03862,BUS_007,PASS_03_007_02,SEG_114,2026-09-20T09:00:08.800000,2026-09-20T09:00:09.300000,2026-09-20T09:00:09.800000,9.86785927595864,76.23947346281828,POTHOLE,3,1,0.808
E_03863,BUS_007,PASS_03_007_02,SEG_115,2026-09-20T09:00:07.500000,2026-09-20T09:00:11.400000,2026-09-20T09:00:15.300000,9.866757279252253,76.23884303166278,ROUGHNESS,5,1,0.92
E_03864,BUS_007,PASS_03_007_02,SEG_116,2026-09-20T09:00:05.900000,2026-09-20T09:00:09.800000,2026-09-20T09:00:13.700000,9.8655833788307,76.2380788494423,ROUGHNESS,4,1,0.843
E_03865,BUS_007,PASS_03_007_02,SEG_117,2026-09-20T09:00:07.200000,2026-09-20T09:00:07.700000,2026-09-20T09:00:08.200000,9.864604080381168,76.23714826876667,POTHOLE,5,1,0.948
E_03866,BUS_007,PASS_03_007_02,SEG_119,2026-09-20T09:00:04.300000,2026-09-20T09:00:08.200000,2026-09-20T09:00:12.100000,9.862947643543876,76.23579703508746,ROUGHNESS,5,1,0.904
E_03867,BUS_007,PASS_03_007_02,SEG_121,2026-09-20T09:00:03.300000,2026-09-20T09:00:07.200000,2026-09-20T09:00:11.100000,9.861298563122885,76.23435911250428,ROUGHNESS,5,1,0.963
E_03868,BUS_007,PASS_03_007_02,SEG_122,2026-09-20T09:00:10.800000,2026-09-20T09:00:11.300000,2026-09-20T09:00:11.800000,9.860140511845499,76.23344669408591,POTHOLE,5,1,0.966
E_03869,BUS_007,PASS_03_007_02,SEG_122,2026-09-20T09:00:06,2026-09-20T09:00:07.400000,2026-09-20T09:00:08.800000,9.860272682208725,76.23351964974677,BROKEN_PATCH,3,1,0.785
E_03870,BUS_007,PASS_03_007_02,SEG_123,2026-09-20T09:00:06,2026-09-20T09:00:09.900000,2026-09-20T09:00:13.800000,9.85931903178585,76.23286544668967,ROUGHNESS,1,1,0.731
E_03871,BUS_007,PASS_03_007_02,SEG_124,2026-09-20T09:00:05.900000,2026-09-20T09:00:09.800000,2026-09-20T09:00:13.700000,9.85824068509214,76.23202258585876,ROUGHNESS,5,1,0.93
E_03872,BUS_007,PASS_03_007_02,SEG_128,2026-09-20T09:00:05.100000,2026-09-20T09:00:06.400000,2026-09-20T09:00:07.700000,9.855398016731518,76.22925581829634,BROKEN_PATCH,3,1,0.876
E_03873,BUS_007,PASS_03_007_02,SEG_132,2026-09-20T09:00:08.500000,2026-09-20T09:00:09.800000,2026-09-20T09:00:11.100000,9.853432664647512,76.22514741712261,BROKEN_PATCH,1,1,0.79
E_03874,BUS_007,PASS_03_007_02,SEG_133,2026-09-20T09:00:08.500000,2026-09-20T09:00:09.700000,2026-09-20T09:00:10.900000,9.853027280239202,76.22418853267281,BROKEN_PATCH,4,1,0.916
E_03875,BUS_007,PASS_03_007_02,SEG_136,2026-09-20T09:00:08.700000,2026-09-20T09:00:10,2026-09-20T09:00:11.300000,9.851935800038007,76.22115439024029,BROKEN_PATCH,4,1,0.886
E_03876,BUS_007,PASS_03_007_02,SEG_139,2026-09-20T09:00:08.600000,2026-09-20T09:00:09.800000,2026-09-20T09:00:11,9.850838741818894,76.21795515485258,BROKEN_PATCH,3,1,0.829
E_03877,BUS_007,PASS_03_007_02,SEG_143,2026-09-20T09:00:07.100000,2026-09-20T09:00:08.100000,2026-09-20T09:00:09.100000,9.849890762346654,76.21418362364747,BROKEN_PATCH,1,1,0.763
E_03878,BUS_007,PASS_03_007_02,SEG_145,2026-09-20T09:00:07.400000,2026-09-20T09:00:08.800000,2026-09-20T09:00:10.200000,9.849795980147599,76.21223675428428,BROKEN_PATCH,2,1,0.816
E_03879,BUS_007,PASS_03_007_02,SEG_147,2026-09-20T09:00:05.800000,2026-09-20T09:00:06.400000,2026-09-20T09:00:07,9.849589902070532,76.2095095151257,SPEED_BREAKER,2,1,0.734
E_03880,BUS_007,PASS_03_007_02,SEG_148,2026-09-20T09:00:06.200000,2026-09-20T09:00:06.700000,2026-09-20T09:00:07.200000,9.849473263106876,76.20822764498176,SPEED_BREAKER,3,1,0.846
E_03881,BUS_007,PASS_03_007_02,SEG_149,2026-09-20T09:00:11,2026-09-20T09:00:11.600000,2026-09-20T09:00:12.200000,9.849969969528704,76.20710128916114,SPEED_BREAKER,4,1,0.886
E_03882,BUS_007,PASS_03_007_02,SEG_150,2026-09-20T09:00:06.900000,2026-09-20T09:00:07.500000,2026-09-20T09:00:08.100000,9.850601462861471,76.20663254866233,SPEED_BREAKER,3,1,0.894
E_03883,BUS_007,PASS_03_007_02,SEG_152,2026-09-20T09:00:06.500000,2026-09-20T09:00:07,2026-09-20T09:00:07.500000,9.852314608678716,76.20484264537276,SPEED_BREAKER,1,1,0.793
E_03884,BUS_007,PASS_03_007_02,SEG_154,2026-09-20T09:00:07.100000,2026-09-20T09:00:07.600000,2026-09-20T09:00:08.100000,9.85375639139286,76.20326159073126,SPEED_BREAKER,3,1,0.845
E_03885,BUS_007,PASS_03_007_02,SEG_157,2026-09-20T09:00:06.200000,2026-09-20T09:00:06.800000,2026-09-20T09:00:07.400000,9.85654775596375,76.20100172832255,SPEED_BREAKER,1,1,0.744
E_03886,BUS_008,PASS_03_008_01,SEG_023,2026-09-20T06:40:05.900000,2026-09-20T06:40:06.400000,2026-09-20T06:40:06.900000,9.94657364624401,76.28024625307923,SPEED_BREAKER,4,1,0.93
E_03887,BUS_008,PASS_03_008_01,SEG_024,2026-09-20T06:40:03.200000,2026-09-20T06:40:03.700000,2026-09-20T06:40:04.200000,9.94594178172453,76.27909210797768,SPEED_BREAKER,3,1,0.915
E_03888,BUS_008,PASS_03_008_01,SEG_025,2026-09-20T06:40:03.600000,2026-09-20T06:40:04.100000,2026-09-20T06:40:04.600000,9.94545064179133,76.27827392150259,SPEED_BREAKER,5,1,0.924
E_03889,BUS_008,PASS_03_008_01,SEG_026,2026-09-20T06:40:02.300000,2026-09-20T06:40:02.800000,2026-09-20T06:40:03.300000,9.945105717514409,76.27782466084622,SPEED_BREAKER,4,1,0.936
E_03890,BUS_008,PASS_03_008_01,SEG_028,2026-09-20T06:40:03.500000,2026-09-20T06:40:04,2026-09-20T06:40:04.500000,9.944131542886542,76.27562234004968,SPEED_BREAKER,1,1,0.831
E_03891,BUS_008,PASS_03_008_01,SEG_029,2026-09-20T06:40:04,2026-09-20T06:40:04.500000,2026-09-20T06:40:05,9.943388074573837,76.2743305376527,SPEED_BREAKER,1,1,0.757
E_03892,BUS_008,PASS_03_008_01,SEG_033,2026-09-20T06:40:03.500000,2026-09-20T06:40:04,2026-09-20T06:40:04.500000,9.940173450326892,76.27094699800801,SPEED_BREAKER,4,1,0.911
E_03893,BUS_008,PASS_03_008_01,SEG_035,2026-09-20T06:40:04.900000,2026-09-20T06:40:05.400000,2026-09-20T06:40:05.900000,9.93824551566921,76.26939579173069,SPEED_BREAKER,1,1,0.738
E_03894,BUS_008,PASS_03_008_01,SEG_036,2026-09-20T06:40:04.500000,2026-09-20T06:40:05,2026-09-20T06:40:05.500000,9.93753471572675,76.26866395606044,POTHOLE,5,1,0.927
E_03895,BUS_008,PASS_03_008_01,SEG_037,2026-09-20T06:40:03,2026-09-20T06:40:03.500000,2026-09-20T06:40:04,9.936786420982227,76.26807239249375,POTHOLE,2,1,0.778
E_03896,BUS_008,PASS_03_008_01,SEG_038,2026-09-20T06:40:04.300000,2026-09-20T06:40:04.800000,2026-09-20T06:40:05.300000,9.936322229386748,76.26712503919079,POTHOLE,1,1,0.755
E_03897,BUS_008,PASS_03_008_01,SEG_039,2026-09-20T06:40:05.300000,2026-09-20T06:40:05.800000,2026-09-20T06:40:06.300000,9.936019793528349,76.26603671575327,POTHOLE,4,1,0.844
E_03898,BUS_008,PASS_03_008_01,SEG_040,2026-09-20T06:40:05.700000,2026-09-20T06:40:06.200000,2026-09-20T06:40:06.700000,9.935783525553106,76.26469514563806,POTHOLE,5,1,0.84
E_03899,BUS_008,PASS_03_008_01,SEG_042,2026-09-20T06:40:02.600000,2026-09-20T06:40:03.100000,2026-09-20T06:40:03.600000,9.935448307452903,76.26234978783842,POTHOLE,1,1,0.808
E_03900,BUS_008,PASS_03_008_01,SEG_043,2026-09-20T06:40:05.900000,2026-09-20T06:40:06.400000,2026-09-20T06:40:06.900000,9.934939758766802,76.26120785473942,POTHOLE,3,1,0.878
E_03901,BUS_008,PASS_03_008_01,SEG_044,2026-09-20T06:40:03.400000,2026-09-20T06:40:03.900000,2026-09-20T06:40:04.400000,9.934611926675286,76.26017084877985,POTHOLE,2,1,0.84
E_03902,BUS_008,PASS_03_008_01,SEG_048,2026-09-20T06:40:03.800000,2026-09-20T06:40:06.800000,2026-09-20T06:40:09.800000,9.933662739764909,76.25628191355419,ROUGHNESS,1,1,0.77
E_03903,BUS_008,PASS_03_008_01,SEG_050,2026-09-20T06:40:10.800000,2026-09-20T06:40:10.900000,2026-09-20T06:40:10.900000,9.93293839119492,76.25406583795335,POTHOLE,5,1,0.936
E_03904,BUS_008,PASS_03_008_01,SEG_050,2026-09-20T06:40:02.900000,2026-09-20T06:40:06.800000,2026-09-20T06:40:10.700000,9.93301140711913,76.25430856387858,ROUGHNESS,4,1,0.847
E_03905,BUS_008,PASS_03_008_01,SEG_051,2026-09-20T06:40:05.200000,2026-09-20T06:40:05.700000,2026-09-20T06:40:06.200000,9.932293252062657,76.25317023039865,POTHOLE,2,1,0.842
E_03906,BUS_008,PASS_03_008_01,SEG_053,2026-09-20T06:40:03.900000,2026-09-20T06:40:07.500000,2026-09-20T06:40:11.100000,9.931115969275512,76.25091910271055,ROUGHNESS,4,1,0.922
E_03907,BUS_008,PASS_03_008_01,SEG_054,2026-09-20T06:40:04.800000,2026-09-20T06:40:07.500000,2026-09-20T06:40:10.200000,9.930673761919039,76.24989687401195,ROUGHNESS,5,1,0.964
E_03908,BUS_008,PASS_03_008_01,SEG_058,2026-09-20T06:40:05.800000,2026-09-20T06:40:09.700000,2026-09-20T06:40:13.600000,9.928485560892709,76.24633938716765,ROUGHNESS,2,1,0.775
E_03909,BUS_008,PASS_03_008_01,SEG_059,2026-09-20T06:40:06.700000,2026-09-20T06:40:10.600000,2026-09-20T06:40:14.500000,9.92728912469092,76.24548977649198,ROUGHNESS,2,1,0.787
E_03910,BUS_008,PASS_03_008_01,SEG_060,2026-09-20T06:40:06.600000,2026-09-20T06:40:10.500000,2026-09-20T06:40:14.400000,9.926606909247692,76.2446550466169,ROUGHNESS,4,1,0.895
E_03911,BUS_008,PASS_03_008_01,SEG_061,2026-09-20T06:40:05.300000,2026-09-20T06:40:05.800000,2026-09-20T06:40:06.300000,9.925718574713974,76.24405949622344,POTHOLE,4,1,0.915
E_03912,BUS_008,PASS_03_008_01,SEG_062,2026-09-20T06:40:05.800000,2026-09-20T06:40:06.300000,2026-09-20T06:40:06.800000,9.92510909306873,76.24353093540542,POTHOLE,1,1,0.706
E_03913,BUS_008,PASS_03_008_01,SEG_063,2026-09-20T06:40:07.300000,2026-09-20T06:40:11.200000,2026-09-20T06:40:15.100000,9.924299868709967,76.2429603855925,ROUGHNESS,1,1,0.736
E_03914,BUS_008,PASS_03_008_01,SEG_064,2026-09-20T06:40:08.500000,2026-09-20T06:40:09,2026-09-20T06:40:09.500000,9.923700280708074,76.2420041858929,POTHOLE,5,1,0.887
E_03915,BUS_008,PASS_03_008_01,SEG_065,2026-09-20T06:40:08.700000,2026-09-20T06:40:09.200000,2026-09-20T06:40:09.700000,9.923126724710782,76.24142973364309,POTHOLE,3,1,0.817
E_03916,BUS_008,PASS_03_008_01,SEG_065,2026-09-20T06:40:05.200000,2026-09-20T06:40:06.400000,2026-09-20T06:40:07.600000,9.923220011531106,76.24157024941651,BROKEN_PATCH,5,1,0.97
E_03917,BUS_008,PASS_03_008_01,SEG_067,2026-09-20T06:40:10.400000,2026-09-20T06:40:10.900000,2026-09-20T06:40:11.400000,9.921162682747633,76.24012303637208,POTHOLE,2,1,0.712
E_03918,BUS_008,PASS_03_008_01,SEG_068,2026-09-20T06:40:06.800000,2026-09-20T06:40:07.300000,2026-09-20T06:40:07.800000,9.920088584185265,76.23936111117179,POTHOLE,4,1,0.934
E_03919,BUS_008,PASS_03_008_01,SEG_070,2026-09-20T06:40:06.200000,2026-09-20T06:40:06.700000,2026-09-20T06:40:07.200000,9.917634705759628,76.23849982986121,POTHOLE,5,1,0.964
E_03920,BUS_008,PASS_03_008_01,SEG_071,2026-09-20T06:40:05.600000,2026-09-20T06:40:07,2026-09-20T06:40:08.400000,9.916313575415518,76.2376975213967,BROKEN_PATCH,1,1,0.702
E_03921,BUS_008,PASS_03_008_01,SEG_074,2026-09-20T06:40:07.900000,2026-09-20T06:40:09.300000,2026-09-20T06:40:10.700000,9.91375252437637,76.23530174101911,BROKEN_PATCH,4,1,0.949
E_03922,BUS_008,PASS_03_008_01,SEG_076,2026-09-20T06:40:06.900000,2026-09-20T06:40:08.100000,2026-09-20T06:40:09.300000,9.911087840548467,76.23536969164684,BROKEN_PATCH,4,1,0.853
E_03923,BUS_008,PASS_03_008_01,SEG_078,2026-09-20T06:40:07.900000,2026-09-20T06:40:09.200000,2026-09-20T06:40:10.500000,9.909424728172825,76.2358142622778,BROKEN_PATCH,4,1,0.888
E_03924,BUS_008,PASS_03_008_01,SEG_081,2026-09-20T06:40:04.500000,2026-09-20T06:40:05.800000,2026-09-20T06:40:07.100000,9.906532430130477,76.23657762445755,BROKEN_PATCH,5,1,0.884
E_03925,BUS_008,PASS_03_008_01,SEG_089,2026-09-20T06:40:06.400000,2026-09-20T06:40:07,2026-09-20T06:40:07.600000,9.897715745976797,76.2381133771142,SPEED_BREAKER,2,1,0.782
E_03926,BUS_008,PASS_03_008_01,SEG_093,2026-09-20T06:40:06.400000,2026-09-20T06:40:07,2026-09-20T06:40:07.600000,9.892143414962101,76.23865373714345,SPEED_BREAKER,2,1,0.758
E_03927,BUS_008,PASS_03_008_01,SEG_094,2026-09-20T06:40:08.300000,2026-09-20T06:40:08.900000,2026-09-20T06:40:09.500000,9.890986844594066,76.23865819490122,SPEED_BREAKER,5,1,0.951
E_03928,BUS_008,PASS_03_008_01,SEG_100,2026-09-20T06:40:06.400000,2026-09-20T06:40:07,2026-09-20T06:40:07.600000,9.88402444894312,76.23842945690632,SPEED_BREAKER,2,1,0.816
E_03929,BUS_008,PASS_03_008_01,SEG_101,2026-09-20T06:40:04,2026-09-20T06:40:07.900000,2026-09-20T06:40:11.800000,9.882677127167307,76.23839022188794,ROUGHNESS,1,1,0.755
E_03930,BUS_008,PASS_03_008_01,SEG_104,2026-09-20T06:40:07.600000,2026-09-20T06:40:08.200000,2026-09-20T06:40:08.800000,9.879282343841847,76.23841494723086,SPEED_BREAKER,2,1,0.83
E_03931,BUS_008,PASS_03_008_01,SEG_105,2026-09-20T06:40:06,2026-09-20T06:40:06.600000,2026-09-20T06:40:07.200000,9.878243597083204,76.2386575628283,SPEED_BREAKER,5,1,0.97
E_03932,BUS_008,PASS_03_008_01,SEG_107,2026-09-20T06:40:05.900000,2026-09-20T06:40:06.400000,2026-09-20T06:40:06.900000,9.875669577860066,76.2395226258952,POTHOLE,4,1,0.912
E_03933,BUS_008,PASS_03_008_01,SEG_107,2026-09-20T06:40:07.200000,2026-09-20T06:40:11.100000,2026-09-20T06:40:15,9.875183967543881,76.23970252108904,ROUGHNESS,3,1,0.832
E_03934,BUS_008,PASS_03_008_01,SEG_108,2026-09-20T06:40:08.600000,2026-09-20T06:40:09.100000,2026-09-20T06:40:09.600000,9.87438712665262,76.23999371316863,POTHOLE,2,1,0.81
E_03935,BUS_008,PASS_03_008_01,SEG_109,2026-09-20T06:40:07.300000,2026-09-20T06:40:11.200000,2026-09-20T06:40:15.100000,9.873174522956859,76.24024390589118,ROUGHNESS,5,1,0.939
E_03936,BUS_008,PASS_03_008_01,SEG_110,2026-09-20T06:40:09.800000,2026-09-20T06:40:10.300000,2026-09-20T06:40:10.800000,9.872225406891635,76.24056435145354,POTHOLE,1,1,0.726
E_03937,BUS_008,PASS_03_008_01,SEG_111,2026-09-20T06:40:09.800000,2026-09-20T06:40:10.300000,2026-09-20T06:40:10.800000,9.870730622823606,76.24072682849507,POTHOLE,3,1,0.836
E_03938,BUS_008,PASS_03_008_01,SEG_112,2026-09-20T06:40:05.900000,2026-09-20T06:40:06.400000,2026-09-20T06:40:06.900000,9.869816922873706,76.24073034771718,POTHOLE,4,1,0.901
E_03939,BUS_008,PASS_03_008_01,SEG_114,2026-09-20T06:40:05.300000,2026-09-20T06:40:09.200000,2026-09-20T06:40:13.100000,9.868004917317695,76.23960562816778,ROUGHNESS,4,1,0.904
E_03940,BUS_008,PASS_03_008_01,SEG_115,2026-09-20T06:40:04.100000,2026-09-20T06:40:08,2026-09-20T06:40:11.900000,9.867015599291806,76.23902553516517,ROUGHNESS,3,1,0.843
E_03941,BUS_008,PASS_03_008_01,SEG_116,2026-09-20T06:40:03.600000,2026-09-20T06:40:07.500000,2026-09-20T06:40:11.400000,9.865739505905418,76.23810255878105,ROUGHNESS,2,1,0.768
E_03942,BUS_008,PASS_03_008_01,SEG_118,2026-09-20T06:40:09.100000,2026-09-20T06:40:09.600000,2026-09-20T06:40:10.100000,9.86373769901501,76.23651382842117,POTHOLE,5,1,0.97
E_03943,BUS_008,PASS_03_008_01,SEG_121,2026-09-20T06:40:05.700000,2026-09-20T06:40:09.600000,2026-09-20T06:40:13.500000,9.861236910435883,76.23431170262195,ROUGHNESS,3,1,0.793
E_03944,BUS_008,PASS_03_008_01,SEG_122,2026-09-20T06:40:09,2026-09-20T06:40:10.400000,2026-09-20T06:40:11.800000,9.86015350390852,76.23352576222847,BROKEN_PATCH,1,1,0.746
E_03945,BUS_008,PASS_03_008_01,SEG_123,2026-09-20T06:40:03.600000,2026-09-20T06:40:07.500000,2026-09-20T06:40:11.400000,9.859336593609873,76.23283681880606,ROUGHNESS,1,1,0.76
E_03946,BUS_008,PASS_03_008_01,SEG_124,2026-09-20T06:40:06.900000,2026-09-20T06:40:10.800000,2026-09-20T06:40:14.700000,9.858233776411822,76.2318652205155,ROUGHNESS,2,1,0.806
E_03947,BUS_008,PASS_03_008_01,SEG_125,2026-09-20T06:40:05.900000,2026-09-20T06:40:09.800000,2026-09-20T06:40:13.700000,9.857499185570438,76.2314721334066,ROUGHNESS,1,1,0.699
E_03948,BUS_008,PASS_03_008_01,SEG_128,2026-09-20T06:40:09.700000,2026-09-20T06:40:11.100000,2026-09-20T06:40:12.500000,9.855254176603774,76.2290524009436,BROKEN_PATCH,4,1,0.93
E_03949,BUS_008,PASS_03_008_01,SEG_132,2026-09-20T06:40:05.300000,2026-09-20T06:40:06.700000,2026-09-20T06:40:08.100000,9.853502337054062,76.22518325169032,BROKEN_PATCH,3,1,0.845
E_03950,BUS_008,PASS_03_008_01,SEG_133,2026-09-20T06:40:08.800000,2026-09-20T06:40:10.100000,2026-09-20T06:40:11.400000,9.853153801596733,76.22422038019658,BROKEN_PATCH,4,1,0.872
E_03951,BUS_008,PASS_03_008_01,SEG_136,2026-09-20T06:40:08.900000,2026-09-20T06:40:10.100000,2026-09-20T06:40:11.300000,9.851957760713542,76.22120401525568,BROKEN_PATCH,4,1,0.887
E_03952,BUS_008,PASS_03_008_01,SEG_139,2026-09-20T06:40:04.600000,2026-09-20T06:40:05.800000,2026-09-20T06:40:07,9.850995597903458,76.21826519935104,BROKEN_PATCH,2,1,0.833
E_03953,BUS_008,PASS_03_008_01,SEG_141,2026-09-20T06:40:04.700000,2026-09-20T06:40:06,2026-09-20T06:40:07.300000,9.850304549387353,76.21617159903691,BROKEN_PATCH,2,1,0.74
E_03954,BUS_008,PASS_03_008_01,SEG_143,2026-09-20T06:40:04.500000,2026-09-20T06:40:05.400000,2026-09-20T06:40:06.300000,9.849976646303192,76.21430486740336,BROKEN_PATCH,5,1,0.923
E_03955,BUS_008,PASS_03_008_01,SEG_144,2026-09-20T06:40:05.800000,2026-09-20T06:40:06.800000,2026-09-20T06:40:07.800000,9.849712392006339,76.21340956687862,BROKEN_PATCH,2,1,0.763
E_03956,BUS_008,PASS_03_008_01,SEG_146,2026-09-20T06:40:07.800000,2026-09-20T06:40:08.400000,2026-09-20T06:40:09,9.849809621024054,76.2107028976961,SPEED_BREAKER,1,1,0.763
E_03957,BUS_008,PASS_03_008_01,SEG_147,2026-09-20T06:40:08.500000,2026-09-20T06:40:09.100000,2026-09-20T06:40:09.700000,9.849505172007849,76.20928026682644,SPEED_BREAKER,5,1,0.882
E_03958,BUS_008,PASS_03_008_01,SEG_148,2026-09-20T06:40:05.200000,2026-09-20T06:40:05.700000,2026-09-20T06:40:06.200000,9.849566984722966,76.20828425178033,SPEED_BREAKER,1,1,0.68
E_03959,BUS_008,PASS_03_008_01,SEG_150,2026-09-20T06:40:08.300000,2026-09-20T06:40:08.800000,2026-09-20T06:40:09.300000,9.85060026257123,76.20637669367144,SPEED_BREAKER,1,1,0.68
E_03960,BUS_008,PASS_03_008_01,SEG_152,2026-09-20T06:40:04.700000,2026-09-20T06:40:05.200000,2026-09-20T06:40:05.700000,9.852254196452494,76.20477912394766,SPEED_BREAKER,5,1,0.97
E_03961,BUS_008,PASS_03_008_01,SEG_157,2026-09-20T06:40:09.100000,2026-09-20T06:40:09.700000,2026-09-20T06:40:10.300000,9.856740441846075,76.20074735612889,SPEED_BREAKER,4,1,0.922
E_03962,BUS_008,PASS_03_008_02,SEG_023,2026-09-20T09:10:10.900000,2026-09-20T09:10:11.500000,2026-09-20T09:10:12.100000,9.946533972048163,76.28014156843923,SPEED_BREAKER,1,1,0.799
E_03963,BUS_008,PASS_03_008_02,SEG_026,2026-09-20T09:10:04.400000,2026-09-20T09:10:04.900000,2026-09-20T09:10:05.400000,9.945147153990273,76.27755886259732,SPEED_BREAKER,5,1,0.97
E_03964,BUS_008,PASS_03_008_02,SEG_028,2026-09-20T09:10:05.800000,2026-09-20T09:10:06.400000,2026-09-20T09:10:07,9.944334383972224,76.27558104202963,SPEED_BREAKER,4,1,0.919
E_03965,BUS_008,PASS_03_008_02,SEG_029,2026-09-20T09:10:06.400000,2026-09-20T09:10:06.900000,2026-09-20T09:10:07.400000,9.94344185171141,76.27444988725694,SPEED_BREAKER,1,1,0.752
E_03966,BUS_008,PASS_03_008_02,SEG_033,2026-09-20T09:10:06.600000,2026-09-20T09:10:07.100000,2026-09-20T09:10:07.600000,9.940051814461938,76.27091407018862,SPEED_BREAKER,4,1,0.878
E_03967,BUS_008,PASS_03_008_02,SEG_035,2026-09-20T09:10:06.200000,2026-09-20T09:10:06.700000,2026-09-20T09:10:07.200000,9.938470675060078,76.26960689988657,SPEED_BREAKER,3,1,0.86
E_03968,BUS_008,PASS_03_008_02,SEG_036,2026-09-20T09:10:05.100000,2026-09-20T09:10:05.600000,2026-09-20T09:10:06.100000,9.937623308620454,76.26894066183398,POTHOLE,4,1,0.97
E_03969,BUS_008,PASS_03_008_02,SEG_037,2026-09-20T09:10:04.100000,2026-09-20T09:10:04.600000,2026-09-20T09:10:05.100000,9.936876510268268,76.2681536268976,POTHOLE,2,1,0.866
E_03970,BUS_008,PASS_03_008_02,SEG_039,2026-09-20T09:10:07.400000,2026-09-20T09:10:07.900000,2026-09-20T09:10:08.400000,9.936118072678033,76.26608817455336,POTHOLE,5,1,0.969
E_03971,BUS_008,PASS_03_008_02,SEG_040,2026-09-20T09:10:06.900000,2026-09-20T09:10:07.400000,2026-09-20T09:10:07.900000,9.935822848570334,76.26500451666179,POTHOLE,2,1,0.879
E_03972,BUS_008,PASS_03_008_02,SEG_042,2026-09-20T09:10:04,2026-09-20T09:10:04.500000,2026-09-20T09:10:05,9.93542921701018,76.2623440138764,POTHOLE,2,1,0.855
E_03973,BUS_008,PASS_03_008_02,SEG_043,2026-09-20T09:10:07.500000,2026-09-20T09:10:08,2026-09-20T09:10:08.500000,9.935010039790994,76.26133797897876,POTHOLE,3,1,0.85
E_03974,BUS_008,PASS_03_008_02,SEG_044,2026-09-20T09:10:04.700000,2026-09-20T09:10:05.200000,2026-09-20T09:10:05.700000,9.934721281067734,76.26021137132503,POTHOLE,4,1,0.918
E_03975,BUS_008,PASS_03_008_02,SEG_048,2026-09-20T09:10:06.500000,2026-09-20T09:10:10.400000,2026-09-20T09:10:14.300000,9.933720731045968,76.25614669062028,ROUGHNESS,3,1,0.875
E_03976,BUS_008,PASS_03_008_02,SEG_049,2026-09-20T09:10:07.700000,2026-09-20T09:10:08.200000,2026-09-20T09:10:08.700000,9.933482668308159,76.25529135058248,POTHOLE,3,1,0.81
E_03977,BUS_008,PASS_03_008_02,SEG_050,2026-09-20T09:10:07.800000,2026-09-20T09:10:08.300000,2026-09-20T09:10:08.800000,9.932963383081422,76.25430641036056,POTHOLE,1,1,0.68
E_03978,BUS_008,PASS_03_008_02,SEG_051,2026-09-20T09:10:09.600000,2026-09-20T09:10:10.100000,2026-09-20T09:10:10.600000,9.93213352104159,76.25305838170365,POTHOLE,3,1,0.868
E_03979,BUS_008,PASS_03_008_02,SEG_053,2026-09-20T09:10:06.200000,2026-09-20T09:10:10.100000,2026-09-20T09:10:14,9.931152704187115,76.25076815904586,ROUGHNESS,4,1,0.944
E_03980,BUS_008,PASS_03_008_02,SEG_054,2026-09-20T09:10:10.100000,2026-09-20T09:10:10.600000,2026-09-20T09:10:11.100000,9.930682321158224,76.24982172833109,POTHOLE,1,1,0.8
E_03981,BUS_008,PASS_03_008_02,SEG_057,2026-09-20T09:10:08.900000,2026-09-20T09:10:09.400000,2026-09-20T09:10:09.900000,9.929334646904252,76.24739341168629,POTHOLE,2,1,0.782
E_03982,BUS_008,PASS_03_008_02,SEG_058,2026-09-20T09:10:10.600000,2026-09-20T09:10:11.100000,2026-09-20T09:10:11.600000,9.928212702835754,76.24611639099018,POTHOLE,2,1,0.773
E_03983,BUS_008,PASS_03_008_02,SEG_059,2026-09-20T09:10:05.400000,2026-09-20T09:10:09.300000,2026-09-20T09:10:13.200000,9.927378585699504,76.24538780912162,ROUGHNESS,3,1,0.852
E_03984,BUS_008,PASS_03_008_02,SEG_060,2026-09-20T09:10:10,2026-09-20T09:10:10.500000,2026-09-20T09:10:11,9.926422893580128,76.24468772324016,POTHOLE,5,1,0.934
E_03985,BUS_008,PASS_03_008_02,SEG_062,2026-09-20T09:10:09.300000,2026-09-20T09:10:09.800000,2026-09-20T09:10:10.300000,9.925069629387954,76.24351883821976,POTHOLE,5,1,0.964
E_03986,BUS_008,PASS_03_008_02,SEG_063,2026-09-20T09:10:02.700000,2026-09-20T09:10:06.600000,2026-09-20T09:10:10.500000,9.924425575656329,76.24311962888162,ROUGHNESS,4,1,0.89
E_03987,BUS_008,PASS_03_008_02,SEG_064,2026-09-20T09:10:09.500000,2026-09-20T09:10:10,2026-09-20T09:10:10.500000,9.923697199079571,76.24223209881221,POTHOLE,5,1,0.888
E_03988,BUS_008,PASS_03_008_02,SEG_065,2026-09-20T09:10:06.200000,2026-09-20T09:10:06.700000,2026-09-20T09:10:07.200000,9.923204222841266,76.24168649580156,POTHOLE,4,1,0.925
E_03989,BUS_008,PASS_03_008_02,SEG_068,2026-09-20T09:10:08.300000,2026-09-20T09:10:08.800000,2026-09-20T09:10:09.300000,9.920040473810431,76.23952167278114,POTHOLE,4,1,0.895
E_03990,BUS_008,PASS_03_008_02,SEG_070,2026-09-20T09:10:08.300000,2026-09-20T09:10:08.800000,2026-09-20T09:10:09.300000,9.917445538122381,76.23841561737994,POTHOLE,3,1,0.82
E_03991,BUS_008,PASS_03_008_02,SEG_074,2026-09-20T09:10:08.500000,2026-09-20T09:10:09.900000,2026-09-20T09:10:11.300000,9.913409599646847,76.23523169210303,BROKEN_PATCH,4,1,0.941
E_03992,BUS_008,PASS_03_008_02,SEG_076,2026-09-20T09:10:07.700000,2026-09-20T09:10:08.800000,2026-09-20T09:10:09.900000,9.91108223421662,76.23527675019247,BROKEN_PATCH,3,1,0.874
E_03993,BUS_008,PASS_03_008_02,SEG_078,2026-09-20T09:10:07.700000,2026-09-20T09:10:08.900000,2026-09-20T09:10:10.100000,9.909466249371022,76.23565931275829,BROKEN_PATCH,1,1,0.822
E_03994,BUS_008,PASS_03_008_02,SEG_081,2026-09-20T09:10:06.600000,2026-09-20T09:10:07.700000,2026-09-20T09:10:08.800000,9.90640800081333,76.23668995681206,BROKEN_PATCH,3,1,0.906
E_03995,BUS_008,PASS_03_008_02,SEG_089,2026-09-20T09:10:11,2026-09-20T09:10:11.600000,2026-09-20T09:10:12.200000,9.89744157566285,76.23826143379155,SPEED_BREAKER,5,1,0.907
E_03996,BUS_008,PASS_03_008_02,SEG_093,2026-09-20T09:10:05.900000,2026-09-20T09:10:06.500000,2026-09-20T09:10:07.100000,9.892327086781007,76.23869965348861,SPEED_BREAKER,2,1,0.82
E_03997,BUS_008,PASS_03_008_02,SEG_094,2026-09-20T09:10:08.200000,2026-09-20T09:10:08.800000,2026-09-20T09:10:09.400000,9.890905095675645,76.23860962912062,SPEED_BREAKER,4,1,0.869
E_03998,BUS_008,PASS_03_008_02,SEG_095,2026-09-20T09:10:09.100000,2026-09-20T09:10:09.500000,2026-09-20T09:10:09.800000,9.889272393916132,76.23849982007745,SPEED_BREAKER,4,1,0.859
E_03999,BUS_008,PASS_03_008_02,SEG_098,2026-09-20T09:10:09.400000,2026-09-20T09:10:10,2026-09-20T09:10:10.600000,9.886278601372574,76.23845459258682,SPEED_BREAKER,2,1,0.805
E_04000,BUS_008,PASS_03_008_02,SEG_100,2026-09-20T09:10:08.500000,2026-09-20T09:10:09.100000,2026-09-20T09:10:09.700000,9.883770272686029,76.23827986267905,SPEED_BREAKER,4,1,0.926
E_04001,BUS_008,PASS_03_008_02,SEG_101,2026-09-20T09:10:06.700000,2026-09-20T09:10:07.100000,2026-09-20T09:10:07.500000,9.882591074665322,76.23852283123932,SPEED_BREAKER,3,1,0.887
E_04002,BUS_008,PASS_03_008_02,SEG_101,2026-09-20T09:10:07.600000,2026-09-20T09:10:11.500000,2026-09-20T09:10:15.400000,9.882533393780024,76.23839492533192,ROUGHNESS,4,1,0.96
E_04003,BUS_008,PASS_03_008_02,SEG_104,2026-09-20T09:10:06.300000,2026-09-20T09:10:06.900000,2026-09-20T09:10:07.500000,9.879371592378455,76.23844638424112,SPEED_BREAKER,5,1,0.97
E_04004,BUS_008,PASS_03_008_02,SEG_105,2026-09-20T09:10:08.100000,2026-09-20T09:10:08.700000,2026-09-20T09:10:09.300000,9.878158270852433,76.23874716541978,SPEED_BREAKER,5,1,0.927
E_04005,BUS_008,PASS_03_008_02,SEG_106,2026-09-20T09:10:05.400000,2026-09-20T09:10:09.300000,2026-09-20T09:10:13.200000,9.876733146930615,76.23921977076296,ROUGHNESS,2,1,0.835
E_04006,BUS_008,PASS_03_008_02,SEG_107,2026-09-20T09:10:05.700000,2026-09-20T09:10:09.600000,2026-09-20T09:10:13.500000,9.8753851873057,76.23968250509422,ROUGHNESS,1,1,0.804
E_04007,BUS_008,PASS_03_008_02,SEG_108,2026-09-20T09:10:09.600000,2026-09-20T09:10:10.100000,2026-09-20T09:10:10.600000,9.874133125513463,76.23999064767435,POTHOLE,2,1,0.768
E_04008,BUS_008,PASS_03_008_02,SEG_109,2026-09-20T09:10:10.300000,2026-09-20T09:10:10.400000,2026-09-20T09:10:10.500000,9.873360839395621,76.24009286466419,POTHOLE,4,1,0.913
E_04009,BUS_008,PASS_03_008_02,SEG_109,2026-09-20T09:10:02.400000,2026-09-20T09:10:06.300000,2026-09-20T09:10:10.200000,9.873527040648803,76.24022986611651,ROUGHNESS,2,1,0.793
E_04010,BUS_008,PASS_03_008_02,SEG_110,2026-09-20T09:10:08.100000,2026-09-20T09:10:08.600000,2026-09-20T09:10:09.100000,9.872328056346854,76.24029766113624,POTHOLE,1,1,0.735
E_04011,BUS_008,PASS_03_008_02,SEG_111,2026-09-20T09:10:06.400000,2026-09-20T09:10:06.900000,2026-09-20T09:10:07.400000,9.871054917329724,76.24070476814103,POTHOLE,1,1,0.722
E_04012,BUS_008,PASS_03_008_02,SEG_113,2026-09-20T09:10:07.600000,2026-09-20T09:10:08.100000,2026-09-20T09:10:08.600000,9.86910593210663,76.2402025047301,POTHOLE,4,1,0.87
E_04013,BUS_008,PASS_03_008_02,SEG_114,2026-09-20T09:10:09.600000,2026-09-20T09:10:10.100000,2026-09-20T09:10:10.600000,9.868004298171378,76.2394208088609,POTHOLE,3,1,0.868
E_04014,BUS_008,PASS_03_008_02,SEG_115,2026-09-20T09:10:06,2026-09-20T09:10:09.900000,2026-09-20T09:10:13.800000,9.866835783000454,76.2389715984924,ROUGHNESS,5,1,0.97
E_04015,BUS_008,PASS_03_008_02,SEG_116,2026-09-20T09:10:06.300000,2026-09-20T09:10:10.200000,2026-09-20T09:10:14.100000,9.86552389156905,76.2378965280436,ROUGHNESS,3,1,0.821
E_04016,BUS_008,PASS_03_008_02,SEG_117,2026-09-20T09:10:05.800000,2026-09-20T09:10:06.300000,2026-09-20T09:10:06.800000,9.864817997009693,76.23734842038964,POTHOLE,2,1,0.833
E_04017,BUS_008,PASS_03_008_02,SEG_118,2026-09-20T09:10:06.900000,2026-09-20T09:10:07.400000,2026-09-20T09:10:07.900000,9.863934273769631,76.23658392073051,POTHOLE,1,1,0.725
E_04018,BUS_008,PASS_03_008_02,SEG_119,2026-09-20T09:10:04.200000,2026-09-20T09:10:08.100000,2026-09-20T09:10:12,9.862917039829586,76.23587629408425,ROUGHNESS,1,1,0.776
E_04019,BUS_008,PASS_03_008_02,SEG_121,2026-09-20T09:10:04.900000,2026-09-20T09:10:08.800000,2026-09-20T09:10:12.700000,9.861214553765938,76.23432483098401,ROUGHNESS,3,1,0.837
E_04020,BUS_008,PASS_03_008_02,SEG_122,2026-09-20T09:10:07.100000,2026-09-20T09:10:07.600000,2026-09-20T09:10:08.100000,9.8603901004067,76.2338414100572,POTHOLE,4,1,0.85
E_04021,BUS_008,PASS_03_008_02,SEG_122,2026-09-20T09:10:09.800000,2026-09-20T09:10:11.200000,2026-09-20T09:10:12.600000,9.860125426241279,76.23350826217866,BROKEN_PATCH,3,1,0.799
E_04022,BUS_008,PASS_03_008_02,SEG_123,2026-09-20T09:10:07.800000,2026-09-20T09:10:09.200000,2026-09-20T09:10:10.600000,9.859183297069885,76.23276580525594,BROKEN_PATCH,1,1,0.774
E_04023,BUS_008,PASS_03_008_02,SEG_125,2026-09-20T09:10:05.600000,2026-09-20T09:10:09.500000,2026-09-20T09:10:13.400000,9.857410197317064,76.23133611636875,ROUGHNESS,4,1,0.889
E_04024,BUS_008,PASS_03_008_02,SEG_128,2026-09-20T09:10:09.300000,2026-09-20T09:10:10.700000,2026-09-20T09:10:12.100000,9.855250001207695,76.22907210133626,BROKEN_PATCH,5,1,0.97
E_04025,BUS_008,PASS_03_008_02,SEG_132,2026-09-20T09:10:06.900000,2026-09-20T09:10:08.200000,2026-09-20T09:10:09.500000,9.853331919582844,76.22502942904448,BROKEN_PATCH,3,1,0.903
E_04026,BUS_008,PASS_03_008_02,SEG_133,2026-09-20T09:10:07.800000,2026-09-20T09:10:09,2026-09-20T09:10:10.200000,9.85307155756978,76.22414805418583,BROKEN_PATCH,2,1,0.834
E_04027,BUS_008,PASS_03_008_02,SEG_136,2026-09-20T09:10:07.800000,2026-09-20T09:10:09,2026-09-20T09:10:10.200000,9.852054121017511,76.22129144338845,BROKEN_PATCH,3,1,0.847
E_04028,BUS_008,PASS_03_008_02,SEG_137,2026-09-20T09:10:06.900000,2026-09-20T09:10:08.300000,2026-09-20T09:10:09.700000,9.851694437699084,76.22015983030121,BROKEN_PATCH,5,1,0.924
E_04029,BUS_008,PASS_03_008_02,SEG_143,2026-09-20T09:10:05.200000,2026-09-20T09:10:06.100000,2026-09-20T09:10:07,9.849805935560621,76.21424819493579,BROKEN_PATCH,3,1,0.829
E_04030,BUS_008,PASS_03_008_02,SEG_144,2026-09-20T09:10:07.100000,2026-09-20T09:10:08.100000,2026-09-20T09:10:09.100000,9.849694383912752,76.21328021697998,BROKEN_PATCH,2,1,0.804
E_04031,BUS_008,PASS_03_008_02,SEG_145,2026-09-20T09:10:09.400000,2026-09-20T09:10:10.800000,2026-09-20T09:10:12.200000,9.849722880923244,76.2121462145329,BROKEN_PATCH,3,1,0.898
E_04032,BUS_008,PASS_03_008_02,SEG_146,2026-09-20T09:10:09.200000,2026-09-20T09:10:09.800000,2026-09-20T09:10:10.400000,9.849816897563567,76.21070263169884,SPEED_BREAKER,1,1,0.726
E_04033,BUS_008,PASS_03_008_02,SEG_147,2026-09-20T09:10:09.400000,2026-09-20T09:10:10,2026-09-20T09:10:10.600000,9.849546342724537,76.20931677195705,SPEED_BREAKER,5,1,0.92
E_04034,BUS_008,PASS_03_008_02,SEG_148,2026-09-20T09:10:06.100000,2026-09-20T09:10:06.600000,2026-09-20T09:10:07.100000,9.849501748217367,76.2082718416314,SPEED_BREAKER,4,1,0.867
E_04035,BUS_008,PASS_03_008_02,SEG_150,2026-09-20T09:10:06.700000,2026-09-20T09:10:07.300000,2026-09-20T09:10:07.900000,9.850605000384933,76.20653680288086,SPEED_BREAKER,3,1,0.821
E_04036,BUS_008,PASS_03_008_02,SEG_152,2026-09-20T09:10:07.500000,2026-09-20T09:10:08,2026-09-20T09:10:08.500000,9.852349200157786,76.20484027954153,SPEED_BREAKER,1,1,0.755
E_04037,BUS_008,PASS_03_008_02,SEG_154,2026-09-20T09:10:09,2026-09-20T09:10:09.600000,2026-09-20T09:10:10.200000,9.853752929126555,76.20320217950312,SPEED_BREAKER,4,1,0.849
E_04038,BUS_008,PASS_03_008_02,SEG_157,2026-09-20T09:10:06.500000,2026-09-20T09:10:07.100000,2026-09-20T09:10:07.700000,9.856509751737438,76.20096753649946,SPEED_BREAKER,3,1,0.812
E_04039,BUS_009,PASS_03_009_01,SEG_023,2026-09-20T06:51:05.300000,2026-09-20T06:51:05.800000,2026-09-20T06:51:06.300000,9.946688302559652,76.28038525381288,SPEED_BREAKER,1,1,0.763
E_04040,BUS_009,PASS_03_009_01,SEG_025,2026-09-20T06:51:03.800000,2026-09-20T06:51:04.300000,2026-09-20T06:51:04.800000,9.945519155430759,76.27851165769162,SPEED_BREAKER,3,1,0.921
E_04041,BUS_009,PASS_03_009_01,SEG_029,2026-09-20T06:51:05.800000,2026-09-20T06:51:06.300000,2026-09-20T06:51:06.800000,9.943336813919014,76.27419291246501,SPEED_BREAKER,1,1,0.768
E_04042,BUS_009,PASS_03_009_01,SEG_033,2026-09-20T06:51:05.600000,2026-09-20T06:51:06.100000,2026-09-20T06:51:06.600000,9.939986901003786,76.27090864698343,SPEED_BREAKER,1,1,0.759
E_04043,BUS_009,PASS_03_009_01,SEG_035,2026-09-20T06:51:03.500000,2026-09-20T06:51:04,2026-09-20T06:51:04.500000,9.938400814369906,76.26948260310616,SPEED_BREAKER,5,1,0.949
E_04044,BUS_009,PASS_03_009_01,SEG_037,2026-09-20T06:51:02.800000,2026-09-20T06:51:03.300000,2026-09-20T06:51:03.800000,9.936828829976303,76.26808345628378,POTHOLE,5,1,0.922
E_04045,BUS_009,PASS_03_009_01,SEG_038,2026-09-20T06:51:02.700000,2026-09-20T06:51:03.200000,2026-09-20T06:51:03.700000,9.936292808860028,76.26733465146253,POTHOLE,3,1,0.87
E_04046,BUS_009,PASS_03_009_01,SEG_040,2026-09-20T06:51:03.300000,2026-09-20T06:51:03.800000,2026-09-20T06:51:04.300000,9.935911045917624,76.264910219554,POTHOLE,4,1,0.852
E_04047,BUS_009,PASS_03_009_01,SEG_041,2026-09-20T06:51:06,2026-09-20T06:51:06.500000,2026-09-20T06:51:07,9.935590751288633,76.2632896457748,POTHOLE,3,1,0.887
E_04048,BUS_009,PASS_03_009_01,SEG_043,2026-09-20T06:51:04.800000,2026-09-20T06:51:05.300000,2026-09-20T06:51:05.800000,9.934901104735191,76.2612541691405,POTHOLE,2,1,0.875
E_04049,BUS_009,PASS_03_009_01,SEG_046,2026-09-20T06:51:04.900000,2026-09-20T06:51:05.400000,2026-09-20T06:51:05.900000,9.934221503516364,76.25839989203804,POTHOLE,5,1,0.955
E_04050,BUS_009,PASS_03_009_01,SEG_048,2026-09-20T06:51:02.200000,2026-09-20T06:51:04.900000,2026-09-20T06:51:07.600000,9.933838020378404,76.25625675904726,ROUGHNESS,4,1,0.902
E_04051,BUS_009,PASS_03_009_01,SEG_049,2026-09-20T06:51:05.500000,2026-09-20T06:51:06,2026-09-20T06:51:06.500000,9.933523192996796,76.25517107318014,POTHOLE,5,1,0.97
E_04052,BUS_009,PASS_03_009_01,SEG_050,2026-09-20T06:51:07.700000,2026-09-20T06:51:11.600000,2026-09-20T06:51:15.500000,9.932874365529058,76.25396115205407,ROUGHNESS,4,1,0.925
E_04053,BUS_009,PASS_03_009_01,SEG_051,2026-09-20T06:51:06,2026-09-20T06:51:06.500000,2026-09-20T06:51:07,9.932271397986824,76.25300422611107,POTHOLE,4,1,0.937
E_04054,BUS_009,PASS_03_009_01,SEG_053,2026-09-20T06:51:02.200000,2026-09-20T06:51:05.500000,2026-09-20T06:51:08.800000,9.931065393272014,76.2509529297359,ROUGHNESS,4,1,0.841
E_04055,BUS_009,PASS_03_009_01,SEG_054,2026-09-20T06:51:02,2026-09-20T06:51:04.500000,2026-09-20T06:51:07,9.93067311528026,76.24989233908597,ROUGHNESS,1,1,0.767
E_04056,BUS_009,PASS_03_009_01,SEG_057,2026-09-20T06:51:05.500000,2026-09-20T06:51:06,2026-09-20T06:51:06.500000,9.929229002603167,76.24738945519239,POTHOLE,1,1,0.733
E_04057,BUS_009,PASS_03_009_01,SEG_058,2026-09-20T06:51:06,2026-09-20T06:51:09.900000,2026-09-20T06:51:13.800000,9.928322627687848,76.24635643283668,ROUGHNESS,1,1,0.732
E_04058,BUS_009,PASS_03_009_01,SEG_059,2026-09-20T06:51:03.200000,2026-09-20T06:51:06.900000,2026-09-20T06:51:10.600000,9.92749818752826,76.24551878320408,ROUGHNESS,2,1,0.824
E_04059,BUS_009,PASS_03_009_01,SEG_060,2026-09-20T06:51:04.300000,2026-09-20T06:51:08.200000,2026-09-20T06:51:12.100000,9.926507832102065,76.24479973510695,ROUGHNESS,1,1,0.782
E_04060,BUS_009,PASS_03_009_01,SEG_061,2026-09-20T06:51:04.900000,2026-09-20T06:51:05.400000,2026-09-20T06:51:05.900000,9.925729324874638,76.24414048705445,POTHOLE,1,1,0.706
E_04061,BUS_009,PASS_03_009_01,SEG_062,2026-09-20T06:51:06.100000,2026-09-20T06:51:06.600000,2026-09-20T06:51:07.100000,9.924821630737497,76.2434927291925,POTHOLE,3,1,0.902
E_04062,BUS_009,PASS_03_009_01,SEG_063,2026-09-20T06:51:03.600000,2026-09-20T06:51:07.100000,2026-09-20T06:51:10.600000,9.924492824043787,76.2431315845961,ROUGHNESS,3,1,0.908
E_04063,BUS_009,PASS_03_009_01,SEG_064,2026-09-20T06:51:07.800000,2026-09-20T06:51:08.300000,2026-09-20T06:51:08.800000,9.923695171089218,76.24203404660875,POTHOLE,2,1,0.792
E_04064,BUS_009,PASS_03_009_01,SEG_065,2026-09-20T06:51:07.700000,2026-09-20T06:51:08.700000,2026-09-20T06:51:09.700000,9.923120861529037,76.24146148989718,BROKEN_PATCH,5,1,0.843
E_04065,BUS_009,PASS_03_009_01,SEG_067,2026-09-20T06:51:09.300000,2026-09-20T06:51:09.800000,2026-09-20T06:51:10.300000,9.921261217472155,76.24007946884346,POTHOLE,1,1,0.796
E_04066,BUS_009,PASS_03_009_01,SEG_070,2026-09-20T06:51:10,2026-09-20T06:51:10.500000,2026-09-20T06:51:11,9.917174979883425,76.23823091686069,POTHOLE,4,1,0.898
E_04067,BUS_009,PASS_03_009_01,SEG_074,2026-09-20T06:51:04.200000,2026-09-20T06:51:05.400000,2026-09-20T06:51:06.600000,9.913699819808324,76.23542380154286,BROKEN_PATCH,2,1,0.797
E_04068,BUS_009,PASS_03_009_01,SEG_076,2026-09-20T06:51:03.700000,2026-09-20T06:51:04.600000,2026-09-20T06:51:05.500000,9.91133921906942,76.2353058774256,BROKEN_PATCH,2,1,0.804
E_04069,BUS_009,PASS_03_009_01,SEG_078,2026-09-20T06:51:07.100000,2026-09-20T06:51:08.100000,2026-09-20T06:51:09.100000,9.909363931142538,76.23573443631288,BROKEN_PATCH,2,1,0.778
E_04070,BUS_009,PASS_03_009_01,SEG_081,2026-09-20T06:51:06.700000,2026-09-20T06:51:07.600000,2026-09-20T06:51:08.500000,9.906326314489325,76.23671385318394,BROKEN_PATCH,2,1,0.763
E_04071,BUS_009,PASS_03_009_01,SEG_089,2026-09-20T06:51:09.900000,2026-09-20T06:51:10.500000,2026-09-20T06:51:11.100000,9.897428624070866,76.23820347008017,SPEED_BREAKER,4,1,0.895
E_04072,BUS_009,PASS_03_009_01,SEG_093,2026-09-20T06:51:06.600000,2026-09-20T06:51:07.200000,2026-09-20T06:51:07.800000,9.892367578537387,76.23868853193666,SPEED_BREAKER,4,1,0.901
E_04073,BUS_009,PASS_03_009_01,SEG_094,2026-09-20T06:51:10.800000,2026-09-20T06:51:11.400000,2026-09-20T06:51:12,9.89073325836208,76.2385746553812,SPEED_BREAKER,4,1,0.903
E_04074,BUS_009,PASS_03_009_01,SEG_095,2026-09-20T06:51:06.700000,2026-09-20T06:51:07.300000,2026-09-20T06:51:07.900000,9.889458973592484,76.23852580321335,SPEED_BREAKER,1,1,0.697
E_04075,BUS_009,PASS_03_009_01,SEG_098,2026-09-20T06:51:09,2026-09-20T06:51:09.600000,2026-09-20T06:51:10.200000,9.886299414011303,76.23842167418566,SPEED_BREAKER,5,1,0.943
E_04076,BUS_009,PASS_03_009_01,SEG_101,2026-09-20T06:51:04.400000,2026-09-20T06:51:08.300000,2026-09-20T06:51:12.200000,9.882605638966067,76.2384003798222,ROUGHNESS,2,1,0.803
E_04077,BUS_009,PASS_03_009_01,SEG_104,2026-09-20T06:51:08.500000,2026-09-20T06:51:09.100000,2026-09-20T06:51:09.700000,9.879087975027062,76.23840994030193,SPEED_BREAKER,3,1,0.841
E_04078,BUS_009,PASS_03_009_01,SEG_107,2026-09-20T06:51:02.600000,2026-09-20T06:51:06.500000,2026-09-20T06:51:10.400000,9.875673343051783,76.2395039483247,ROUGHNESS,3,1,0.856
E_04079,BUS_009,PASS_03_009_01,SEG_108,2026-09-20T06:51:09.100000,2026-09-20T06:51:09.600000,2026-09-20T06:51:10.100000,9.874447749618152,76.23986297386345,POTHOLE,3,1,0.878
E_04080,BUS_009,PASS_03_009_01,SEG_110,2026-09-20T06:51:09.400000,2026-09-20T06:51:09.900000,2026-09-20T06:51:10.400000,9.872238548579073,76.24042899782988,POTHOLE,1,1,0.779
E_04081,BUS_009,PASS_03_009_01,SEG_111,2026-09-20T06:51:11.100000,2026-09-20T06:51:11.600000,2026-09-20T06:51:12.100000,9.870618124211013,76.24079135016781,POTHOLE,4,1,0.921
E_04082,BUS_009,PASS_03_009_01,SEG_112,2026-09-20T06:51:07.200000,2026-09-20T06:51:07.700000,2026-09-20T06:51:08.200000,9.869830483274056,76.24071631470798,POTHOLE,2,1,0.833
E_04083,BUS_009,PASS_03_009_01,SEG_113,2026-09-20T06:51:06.300000,2026-09-20T06:51:06.800000,2026-09-20T06:51:07.300000,9.869090890223566,76.24026277747075,POTHOLE,4,1,0.883
E_04084,BUS_009,PASS_03_009_01,SEG_114,2026-09-20T06:51:07.800000,2026-09-20T06:51:08.300000,2026-09-20T06:51:08.800000,9.868170555043198,76.23937104296041,POTHOLE,2,1,0.802
E_04085,BUS_009,PASS_03_009_01,SEG_115,2026-09-20T06:51:03.700000,2026-09-20T06:51:07.600000,2026-09-20T06:51:11.500000,9.86707575780174,76.23912096057246,ROUGHNESS,1,1,0.803
E_04086,BUS_009,PASS_03_009_01,SEG_116,2026-09-20T06:51:02.700000,2026-09-20T06:51:06.600000,2026-09-20T06:51:10.500000,9.86583844363399,76.2382578585005,ROUGHNESS,4,1,0.911
E_04087,BUS_009,PASS_03_009_01,SEG_117,2026-09-20T06:51:10.400000,2026-09-20T06:51:10.900000,2026-09-20T06:51:11.400000,9.864645131270189,76.23707043732219,POTHOLE,5,1,0.97
E_04088,BUS_009,PASS_03_009_01,SEG_118,2026-09-20T06:51:08.200000,2026-09-20T06:51:08.700000,2026-09-20T06:51:09.200000,9.863643027154698,76.23654596766568,POTHOLE,5,1,0.969
E_04089,BUS_009,PASS_03_009_01,SEG_119,2026-09-20T06:51:03.400000,2026-09-20T06:51:07.300000,2026-09-20T06:51:11.200000,9.863141732944575,76.23587829554528,ROUGHNESS,2,1,0.787
E_04090,BUS_009,PASS_03_009_01,SEG_121,2026-09-20T06:51:06.500000,2026-09-20T06:51:10.400000,2026-09-20T06:51:14.300000,9.861084731351013,76.23416770832146,ROUGHNESS,4,1,0.882
E_04091,BUS_009,PASS_03_009_01,SEG_122,2026-09-20T06:51:08.200000,2026-09-20T06:51:08.700000,2026-09-20T06:51:09.200000,9.860290742663402,76.23357939795984,POTHOLE,4,1,0.911
E_04092,BUS_009,PASS_03_009_01,SEG_123,2026-09-20T06:51:05.700000,2026-09-20T06:51:05.900000,2026-09-20T06:51:06.100000,9.85947520672006,76.23298469361401,BROKEN_PATCH,4,1,0.966
E_04093,BUS_009,PASS_03_009_01,SEG_123,2026-09-20T06:51:06.200000,2026-09-20T06:51:10.100000,2026-09-20T06:51:14,9.859230206801348,76.23281982486886,ROUGHNESS,3,1,0.884
E_04094,BUS_009,PASS_03_009_01,SEG_124,2026-09-20T06:51:03.900000,2026-09-20T06:51:07.800000,2026-09-20T06:51:11.700000,9.858341280358616,76.23204297088289,ROUGHNESS,3,1,0.873
E_04095,BUS_009,PASS_03_009_01,SEG_125,2026-09-20T06:51:02.600000,2026-09-20T06:51:06.400000,2026-09-20T06:51:10.200000,9.857605860633313,76.23155627444682,ROUGHNESS,3,1,0.882
E_04096,BUS_009,PASS_03_009_01,SEG_128,2026-09-20T06:51:04.500000,2026-09-20T06:51:05.800000,2026-09-20T06:51:07.100000,9.855487737825671,76.22912698391333,BROKEN_PATCH,5,1,0.97
E_04097,BUS_009,PASS_03_009_01,SEG_132,2026-09-20T06:51:08.900000,2026-09-20T06:51:10.100000,2026-09-20T06:51:11.300000,9.853464093124355,76.22489165207696,BROKEN_PATCH,5,1,0.97
E_04098,BUS_009,PASS_03_009_01,SEG_133,2026-09-20T06:51:07.900000,2026-09-20T06:51:09.100000,2026-09-20T06:51:10.300000,9.85324817680261,76.22414851068994,BROKEN_PATCH,5,1,0.944
E_04099,BUS_009,PASS_03_009_01,SEG_136,2026-09-20T06:51:05.600000,2026-09-20T06:51:06.700000,2026-09-20T06:51:07.800000,9.852000738214212,76.22145513954719,BROKEN_PATCH,2,1,0.752
E_04100,BUS_009,PASS_03_009_01,SEG_137,2026-09-20T06:51:05.100000,2026-09-20T06:51:06.500000,2026-09-20T06:51:07.900000,9.851602147719605,76.22025286535234,BROKEN_PATCH,5,1,0.906
E_04101,BUS_009,PASS_03_009_01,SEG_141,2026-09-20T06:51:07.600000,2026-09-20T06:51:08.800000,2026-09-20T06:51:10,9.85025046349936,76.21599539733428,BROKEN_PATCH,3,1,0.844
E_04102,BUS_009,PASS_03_009_01,SEG_143,2026-09-20T06:51:04.400000,2026-09-20T06:51:05.300000,2026-09-20T06:51:06.200000,9.849920886663057,76.21426243492274,BROKEN_PATCH,5,1,0.97
E_04103,BUS_009,PASS_03_009_01,SEG_144,2026-09-20T06:51:04.500000,2026-09-20T06:51:05.400000,2026-09-20T06:51:06.300000,9.849745889562705,76.21353176548848,BROKEN_PATCH,5,1,0.963
E_04104,BUS_009,PASS_03_009_01,SEG_145,2026-09-20T06:51:08.500000,2026-09-20T06:51:09.900000,2026-09-20T06:51:11.300000,9.84977520723888,76.2122242595413,BROKEN_PATCH,4,1,0.833
E_04105,BUS_009,PASS_03_009_01,SEG_146,2026-09-20T06:51:07.500000,2026-09-20T06:51:08.100000,2026-09-20T06:51:08.700000,9.84970169358204,76.21072810366442,SPEED_BREAKER,2,1,0.745
E_04106,BUS_009,PASS_03_009_01,SEG_147,2026-09-20T06:51:11,2026-09-20T06:51:11.600000,2026-09-20T06:51:12.200000,9.849484797761166,76.20908811731357,SPEED_BREAKER,5,1,0.97
E_04107,BUS_009,PASS_03_009_01,SEG_148,2026-09-20T06:51:04.900000,2026-09-20T06:51:05.400000,2026-09-20T06:51:05.900000,9.8495620621874,76.20822013552463,SPEED_BREAKER,3,1,0.829
E_04108,BUS_009,PASS_03_009_01,SEG_149,2026-09-20T06:51:08.600000,2026-09-20T06:51:09.100000,2026-09-20T06:51:09.600000,9.849856821636456,76.20721522563224,SPEED_BREAKER,2,1,0.816
E_04109,BUS_009,PASS_03_009_01,SEG_152,2026-09-20T06:51:04.900000,2026-09-20T06:51:05.400000,2026-09-20T06:51:05.900000,9.852318474532193,76.20485152838945,SPEED_BREAKER,2,1,0.821
E_04110,BUS_009,PASS_03_009_01,SEG_154,2026-09-20T06:51:06.800000,2026-09-20T06:51:07.300000,2026-09-20T06:51:07.800000,9.853742257186887,76.20324710528544,SPEED_BREAKER,4,1,0.899
E_04111,BUS_009,PASS_03_009_02,SEG_157,2026-09-20T09:21:07.900000,2026-09-20T09:21:08.500000,2026-09-20T09:21:09.100000,9.856658036895084,76.20085311160251,SPEED_BREAKER,4,1,0.952
E_04112,BUS_009,PASS_03_009_02,SEG_152,2026-09-20T09:21:07.900000,2026-09-20T09:21:08.400000,2026-09-20T09:21:08.900000,9.85237130164702,76.20475009703226,SPEED_BREAKER,2,1,0.801
E_04113,BUS_009,PASS_03_009_02,SEG_150,2026-09-20T09:21:08,2026-09-20T09:21:08.600000,2026-09-20T09:21:09.200000,9.850664170053305,76.206375747563,SPEED_BREAKER,3,1,0.857
E_04114,BUS_009,PASS_03_009_02,SEG_149,2026-09-20T09:21:10,2026-09-20T09:21:10.600000,2026-09-20T09:21:11.200000,9.849893074847413,76.2072212862632,SPEED_BREAKER,4,1,0.89
E_04115,BUS_009,PASS_03_009_02,SEG_146,2026-09-20T09:21:09.700000,2026-09-20T09:21:10.300000,2026-09-20T09:21:10.900000,9.849660090159988,76.21063379398878,SPEED_BREAKER,2,1,0.808
E_04116,BUS_009,PASS_03_009_02,SEG_145,2026-09-20T09:21:07.200000,2026-09-20T09:21:08.600000,2026-09-20T09:21:10,9.849826907767564,76.21229494992004,BROKEN_PATCH,5,1,0.965
E_04117,BUS_009,PASS_03_009_02,SEG_144,2026-09-20T09:21:05.200000,2026-09-20T09:21:06.100000,2026-09-20T09:21:07,9.849721362408665,76.21341368624498,BROKEN_PATCH,1,1,0.704
E_04118,BUS_009,PASS_03_009_02,SEG_143,2026-09-20T09:21:03.500000,2026-09-20T09:21:04.400000,2026-09-20T09:21:05.300000,9.849805297333823,76.2143454374761,BROKEN_PATCH,2,1,0.792
E_04119,BUS_009,PASS_03_009_02,SEG_141,2026-09-20T09:21:07.400000,2026-09-20T09:21:08.500000,2026-09-20T09:21:09.600000,9.850220522454633,76.21607900538265,BROKEN_PATCH,2,1,0.721
E_04120,BUS_009,PASS_03_009_02,SEG_139,2026-09-20T09:21:04.300000,2026-09-20T09:21:05.300000,2026-09-20T09:21:06.300000,9.850962281576257,76.21817011404406,BROKEN_PATCH,1,1,0.773
E_04121,BUS_009,PASS_03_009_02,SEG_137,2026-09-20T09:21:09.200000,2026-09-20T09:21:10.600000,2026-09-20T09:21:12,9.851528131453076,76.21996210797982,BROKEN_PATCH,2,1,0.785
E_04122,BUS_009,PASS_03_009_02,SEG_133,2026-09-20T09:21:07.700000,2026-09-20T09:21:08.900000,2026-09-20T09:21:10.100000,9.853065033768607,76.22413587184391,BROKEN_PATCH,5,1,0.935
E_04123,BUS_009,PASS_03_009_02,SEG_128,2026-09-20T09:21:09.600000,2026-09-20T09:21:11,2026-09-20T09:21:12.400000,9.855163488883953,76.22898086840334,BROKEN_PATCH,1,1,0.717
E_04124,BUS_009,PASS_03_009_02,SEG_125,2026-09-20T09:21:09.700000,2026-09-20T09:21:10.200000,2026-09-20T09:21:10.700000,9.857513575921821,76.2314055882177,POTHOLE,5,1,0.919
E_04125,BUS_009,PASS_03_009_02,SEG_124,2026-09-20T09:21:04.600000,2026-09-20T09:21:08.500000,2026-09-20T09:21:12.400000,9.858354702477268,76.23220060257627,ROUGHNESS,1,1,0.751
E_04126,BUS_009,PASS_03_009_02,SEG_123,2026-09-20T09:21:10.200000,2026-09-20T09:21:10.700000,2026-09-20T09:21:11.200000,9.859277351958415,76.23274656488327,POTHOLE,1,1,0.789
E_04127,BUS_009,PASS_03_009_02,SEG_121,2026-09-20T09:21:05.100000,2026-09-20T09:21:09,2026-09-20T09:21:12.900000,9.861248370259156,76.23415396242294,ROUGHNESS,1,1,0.782
E_04128,BUS_009,PASS_03_009_02,SEG_119,2026-09-20T09:21:03.900000,2026-09-20T09:21:07.800000,2026-09-20T09:21:11.700000,9.863178358880564,76.23587180279193,ROUGHNESS,2,1,0.754
E_04129,BUS_009,PASS_03_009_02,SEG_117,2026-09-20T09:21:07.600000,2026-09-20T09:21:08.100000,2026-09-20T09:21:08.600000,9.864619171426794,76.23724914240226,POTHOLE,5,1,0.937
E_04130,BUS_009,PASS_03_009_02,SEG_116,2026-09-20T09:21:03.600000,2026-09-20T09:21:07.500000,2026-09-20T09:21:11.400000,9.865707213220611,76.23807479773384,ROUGHNESS,5,1,0.92
E_04131,BUS_009,PASS_03_009_02,SEG_115,2026-09-20T09:21:04.200000,2026-09-20T09:21:08.100000,2026-09-20T09:21:12,9.867043398175955,76.23904294481953,ROUGHNESS,5,1,0.97
E_04132,BUS_009,PASS_03_009_02,SEG_114,2026-09-20T09:21:05.900000,2026-09-20T09:21:09.800000,2026-09-20T09:21:13.700000,9.868103454753202,76.23950008128249,ROUGHNESS,2,1,0.786
E_04133,BUS_009,PASS_03_009_02,SEG_113,2026-09-20T09:21:05.900000,2026-09-20T09:21:06.400000,2026-09-20T09:21:06.900000,9.869087915974958,76.24025011312587,POTHOLE,1,1,0.716
E_04134,BUS_009,PASS_03_009_02,SEG_112,2026-09-20T09:21:05,2026-09-20T09:21:08.800000,2026-09-20T09:21:12.600000,9.869929751536011,76.24072998039912,ROUGHNESS,3,1,0.773
E_04135,BUS_009,PASS_03_009_02,SEG_111,2026-09-20T09:21:08.100000,2026-09-20T09:21:08.600000,2026-09-20T09:21:09.100000,9.871028766139935,76.24098457289524,POTHOLE,1,1,0.804
E_04136,BUS_009,PASS_03_009_02,SEG_109,2026-09-20T09:21:06.200000,2026-09-20T09:21:06.700000,2026-09-20T09:21:07.200000,9.873661133106667,76.24011665316463,POTHOLE,5,1,0.924
E_04137,BUS_009,PASS_03_009_02,SEG_107,2026-09-20T09:21:11,2026-09-20T09:21:11.500000,2026-09-20T09:21:12,9.87536719065557,76.23960901996251,POTHOLE,1,1,0.749
E_04138,BUS_009,PASS_03_009_02,SEG_106,2026-09-20T09:21:05,2026-09-20T09:21:08.900000,2026-09-20T09:21:12.800000,9.876696444138755,76.23909936520772,ROUGHNESS,3,1,0.853
E_04139,BUS_009,PASS_03_009_02,SEG_105,2026-09-20T09:21:09.600000,2026-09-20T09:21:10.200000,2026-09-20T09:21:10.800000,9.87794480890991,76.23870720715512,SPEED_BREAKER,5,1,0.97
E_04140,BUS_009,PASS_03_009_02,SEG_104,2026-09-20T09:21:06.200000,2026-09-20T09:21:06.800000,2026-09-20T09:21:07.400000,9.879423631550234,76.23842624099602,SPEED_BREAKER,5,1,0.97
E_04141,BUS_009,PASS_03_009_02,SEG_101,2026-09-20T09:21:04.500000,2026-09-20T09:21:08.400000,2026-09-20T09:21:12.300000,9.882536894602374,76.23843368765266,ROUGHNESS,1,1,0.797
E_04142,BUS_009,PASS_03_009_02,SEG_100,2026-09-20T09:21:07.200000,2026-09-20T09:21:07.800000,2026-09-20T09:21:08.400000,9.883963953459354,76.23848954754074,SPEED_BREAKER,1,1,0.726
E_04143,BUS_009,PASS_03_009_02,SEG_098,2026-09-20T09:21:07.300000,2026-09-20T09:21:07.900000,2026-09-20T09:21:08.500000,9.88638393727961,76.23834481031818,SPEED_BREAKER,3,1,0.785
E_04144,BUS_009,PASS_03_009_02,SEG_095,2026-09-20T09:21:08.300000,2026-09-20T09:21:08.900000,2026-09-20T09:21:09.500000,9.889560484957773,76.23856624151982,SPEED_BREAKER,3,1,0.839
E_04145,BUS_009,PASS_03_009_02,SEG_094,2026-09-20T09:21:10,2026-09-20T09:21:10.600000,2026-09-20T09:21:11.200000,9.890798101142687,76.23862266428725,SPEED_BREAKER,2,1,0.827
E_04146,BUS_009,PASS_03_009_02,SEG_093,2026-09-20T09:21:06.900000,2026-09-20T09:21:07.500000,2026-09-20T09:21:08.100000,9.892265755414279,76.23861091391865,SPEED_BREAKER,5,1,0.965
E_04147,BUS_009,PASS_03_009_02,SEG_089,2026-09-20T09:21:08.500000,2026-09-20T09:21:09.100000,2026-09-20T09:21:09.700000,9.897595194320639,76.23819887856253,SPEED_BREAKER,3,1,0.823
E_04148,BUS_009,PASS_03_009_02,SEG_087,2026-09-20T09:21:07,2026-09-20T09:21:07.500000,2026-09-20T09:21:08,9.899820381423865,76.23777223598931,SPEED_BREAKER,4,1,0.908
E_04149,BUS_009,PASS_03_009_02,SEG_081,2026-09-20T09:21:07,2026-09-20T09:21:08.300000,2026-09-20T09:21:09.600000,9.906456504323504,76.23662215978695,BROKEN_PATCH,4,1,0.862
E_04150,BUS_009,PASS_03_009_02,SEG_078,2026-09-20T09:21:08.400000,2026-09-20T09:21:09.600000,2026-09-20T09:21:10.800000,9.909483880886524,76.23568296296989,BROKEN_PATCH,5,1,0.97
E_04151,BUS_009,PASS_03_009_02,SEG_076,2026-09-20T09:21:05.500000,2026-09-20T09:21:06.600000,2026-09-20T09:21:07.700000,9.911234493270316,76.23516131052197,BROKEN_PATCH,5,1,0.97
E_04152,BUS_009,PASS_03_009_02,SEG_071,2026-09-20T09:21:07.400000,2026-09-20T09:21:08.800000,2026-09-20T09:21:10.200000,9.916325435549183,76.23758348968802,BROKEN_PATCH,2,1,0.797
E_04153,BUS_009,PASS_03_009_02,SEG_070,2026-09-20T09:21:09.400000,2026-09-20T09:21:09.900000,2026-09-20T09:21:10.400000,9.91724045727419,76.23847470898626,POTHOLE,1,1,0.696
E_04154,BUS_009,PASS_03_009_02,SEG_067,2026-09-20T09:21:08.100000,2026-09-20T09:21:08.600000,2026-09-20T09:21:09.100000,9.921272841719123,76.24013410228557,POTHOLE,4,1,0.922
E_04155,BUS_009,PASS_03_009_02,SEG_065,2026-09-20T09:21:06.500000,2026-09-20T09:21:07,2026-09-20T09:21:07.500000,9.92309194023732,76.24139965848985,POTHOLE,4,1,0.905
E_04156,BUS_009,PASS_03_009_02,SEG_065,2026-09-20T09:21:04.300000,2026-09-20T09:21:05.200000,2026-09-20T09:21:06.100000,9.923129734040016,76.24153633181797,BROKEN_PATCH,4,1,0.894
E_04157,BUS_009,PASS_03_009_02,SEG_064,2026-09-20T09:21:06.500000,2026-09-20T09:21:07,2026-09-20T09:21:07.500000,9.923682208422084,76.24207436240508,POTHOLE,1,1,0.713
E_04158,BUS_009,PASS_03_009_02,SEG_063,2026-09-20T09:21:05.600000,2026-09-20T09:21:08.500000,2026-09-20T09:21:11.400000,9.92419253043221,76.24273297892127,ROUGHNESS,5,1,0.94
E_04159,BUS_009,PASS_03_009_02,SEG_062,2026-09-20T09:21:05.400000,2026-09-20T09:21:05.900000,2026-09-20T09:21:06.400000,9.925003846270254,76.24349966098713,POTHOLE,3,1,0.81
E_04160,BUS_009,PASS_03_009_02,SEG_061,2026-09-20T09:21:03.200000,2026-09-20T09:21:03.700000,2026-09-20T09:21:04.200000,9.925628814912,76.24416108457267,POTHOLE,4,1,0.856
E_04161,BUS_009,PASS_03_009_02,SEG_059,2026-09-20T09:21:03.100000,2026-09-20T09:21:06.100000,2026-09-20T09:21:09.100000,9.927431293344004,76.24566600604578,ROUGHNESS,1,1,0.818
E_04162,BUS_009,PASS_03_009_02,SEG_058,2026-09-20T09:21:02.800000,2026-09-20T09:21:06.500000,2026-09-20T09:21:10.200000,9.928476713114948,76.24656149124236,ROUGHNESS,4,1,0.922
E_04163,BUS_009,PASS_03_009_02,SEG_057,2026-09-20T09:21:03.400000,2026-09-20T09:21:03.900000,2026-09-20T09:21:04.400000,9.929218763769487,76.24731041276289,POTHOLE,5,1,0.97
E_04164,BUS_009,PASS_03_009_02,SEG_053,2026-09-20T09:21:08.400000,2026-09-20T09:21:08.700000,2026-09-20T09:21:09,9.931022041805498,76.25081281405987,POTHOLE,5,1,0.957
E_04165,BUS_009,PASS_03_009_02,SEG_053,2026-09-20T09:21:02.300000,2026-09-20T09:21:05.300000,2026-09-20T09:21:08.300000,9.931233446339943,76.25099988500679,ROUGHNESS,5,1,0.913
E_04166,BUS_009,PASS_03_009_02,SEG_051,2026-09-20T09:21:07.200000,2026-09-20T09:21:07.700000,2026-09-20T09:21:08.200000,9.932131381223599,76.25297754803115,POTHOLE,1,1,0.716
E_04167,BUS_009,PASS_03_009_02,SEG_050,2026-09-20T09:21:11.100000,2026-09-20T09:21:11.600000,2026-09-20T09:21:12.100000,9.932869596590143,76.25387188100682,POTHOLE,2,1,0.768
E_04168,BUS_009,PASS_03_009_02,SEG_050,2026-09-20T09:21:02.700000,2026-09-20T09:21:06.600000,2026-09-20T09:21:10.500000,9.933049682012015,76.25441756890508,ROUGHNESS,5,1,0.963
E_04169,BUS_009,PASS_03_009_02,SEG_049,2026-09-20T09:21:04.300000,2026-09-20T09:21:04.800000,2026-09-20T09:21:05.300000,9.933520838410322,76.25531098455725,POTHOLE,2,1,0.784
E_04170,BUS_009,PASS_03_009_02,SEG_048,2026-09-20T09:21:02.800000,2026-09-20T09:21:05.600000,2026-09-20T09:21:08.400000,9.933726128613818,76.25616630002614,ROUGHNESS,5,1,0.956
E_04171,BUS_009,PASS_03_009_02,SEG_046,2026-09-20T09:21:08,2026-09-20T09:21:08.500000,2026-09-20T09:21:09,9.934112678742485,76.25816647373748,POTHOLE,5,1,0.938
E_04172,BUS_009,PASS_03_009_02,SEG_042,2026-09-20T09:21:03.600000,2026-09-20T09:21:04.100000,2026-09-20T09:21:04.600000,9.935305349961268,76.2622265775693,POTHOLE,3,1,0.827
E_04173,BUS_009,PASS_03_009_02,SEG_041,2026-09-20T09:21:04,2026-09-20T09:21:04.500000,2026-09-20T09:21:05,9.935655967937949,76.26361017000649,POTHOLE,2,1,0.814
E_04174,BUS_009,PASS_03_009_02,SEG_038,2026-09-20T09:21:04.600000,2026-09-20T09:21:05.100000,2026-09-20T09:21:05.600000,9.936175729060922,76.26717536534842,POTHOLE,1,1,0.711
E_04175,BUS_009,PASS_03_009_02,SEG_037,2026-09-20T09:21:03.300000,2026-09-20T09:21:03.800000,2026-09-20T09:21:04.300000,9.936799808218726,76.26808523083145,POTHOLE,4,1,0.942
E_04176,BUS_009,PASS_03_009_02,SEG_035,2026-09-20T09:21:03.100000,2026-09-20T09:21:03.600000,2026-09-20T09:21:04.100000,9.93847619849477,76.26961884598552,SPEED_BREAKER,3,1,0.881
E_04177,BUS_009,PASS_03_009_02,SEG_028,2026-09-20T09:21:07.700000,2026-09-20T09:21:08.200000,2026-09-20T09:21:08.700000,9.943933453004172,76.27531552986717,SPEED_BREAKER,5,1,0.934
E_04178,BUS_009,PASS_03_009_02,SEG_026,2026-09-20T09:21:02.200000,2026-09-20T09:21:02.700000,2026-09-20T09:21:03.200000,9.945149747686887,76.27772263351325,SPEED_BREAKER,1,1,0.799
E_04179,BUS_009,PASS_03_009_02,SEG_025,2026-09-20T09:21:04.500000,2026-09-20T09:21:05,2026-09-20T09:21:05.500000,9.945366909715641,76.27845817656856,SPEED_BREAKER,4,1,0.916
E_04180,BUS_009,PASS_03_009_02,SEG_024,2026-09-20T09:21:03.700000,2026-09-20T09:21:04.200000,2026-09-20T09:21:04.700000,9.945978133598219,76.27937362611277,SPEED_BREAKER,2,1,0.79
E_04181,BUS_010,PASS_03_010_01,SEG_157,2026-09-20T06:30:11,2026-09-20T06:30:11.600000,2026-09-20T06:30:12.200000,9.856802189451344,76.20080932033059,SPEED_BREAKER,1,1,0.78
E_04182,BUS_010,PASS_03_010_01,SEG_150,2026-09-20T06:30:05.500000,2026-09-20T06:30:06,2026-09-20T06:30:06.500000,9.850401943365357,76.20655150245562,SPEED_BREAKER,2,1,0.863
E_04183,BUS_010,PASS_03_010_01,SEG_149,2026-09-20T06:30:08.100000,2026-09-20T06:30:08.600000,2026-09-20T06:30:09.100000,9.849812187466254,76.20722087717174,SPEED_BREAKER,1,1,0.737
E_04184,BUS_010,PASS_03_010_01,SEG_147,2026-09-20T06:30:10,2026-09-20T06:30:10.600000,2026-09-20T06:30:11.200000,9.84953482652168,76.20927031200596,SPEED_BREAKER,2,1,0.771
E_04185,BUS_010,PASS_03_010_01,SEG_145,2026-09-20T06:30:05.400000,2026-09-20T06:30:06.800000,2026-09-20T06:30:08.200000,9.849730560690253,76.21247313791858,BROKEN_PATCH,4,1,0.913
E_04186,BUS_010,PASS_03_010_01,SEG_137,2026-09-20T06:30:06.100000,2026-09-20T06:30:07.500000,2026-09-20T06:30:08.900000,9.851642696271826,76.2201816672086,BROKEN_PATCH,3,1,0.831
E_04187,BUS_010,PASS_03_010_01,SEG_136,2026-09-20T06:30:04.100000,2026-09-20T06:30:05.200000,2026-09-20T06:30:06.300000,9.852158415575882,76.22144070843541,BROKEN_PATCH,5,1,0.97
E_04188,BUS_010,PASS_03_010_01,SEG_133,2026-09-20T06:30:06,2026-09-20T06:30:07.100000,2026-09-20T06:30:08.200000,9.853090915056107,76.22418939580146,BROKEN_PATCH,5,1,0.944
E_04189,BUS_010,PASS_03_010_01,SEG_132,2026-09-20T06:30:05.600000,2026-09-20T06:30:06.700000,2026-09-20T06:30:07.800000,9.853451069305745,76.22506049064809,BROKEN_PATCH,2,1,0.817
E_04190,BUS_010,PASS_03_010_01,SEG_125,2026-09-20T06:30:05.500000,2026-09-20T06:30:08.400000,2026-09-20T06:30:11.300000,9.857356528592625,76.23141795777329,ROUGHNESS,3,1,0.893
E_04191,BUS_010,PASS_03_010_01,SEG_124,2026-09-20T06:30:06.600000,2026-09-20T06:30:10,2026-09-20T06:30:13.400000,9.858315953127018,76.23194963634195,ROUGHNESS,4,1,0.85
E_04192,BUS_010,PASS_03_010_01,SEG_123,2026-09-20T06:30:06.500000,2026-09-20T06:30:10.400000,2026-09-20T06:30:14.300000,9.859297500020334,76.23283383416512,ROUGHNESS,5,1,0.97
E_04193,BUS_010,PASS_03_010_01,SEG_122,2026-09-20T06:30:03.900000,2026-09-20T06:30:05,2026-09-20T06:30:06.100000,9.860279107918377,76.23360737567879,BROKEN_PATCH,2,1,0.771
E_04194,BUS_010,PASS_03_010_01,SEG_121,2026-09-20T06:30:06.800000,2026-09-20T06:30:08.100000,2026-09-20T06:30:09.400000,9.861192820271892,76.234196671122,BROKEN_PATCH,1,1,0.682
E_04195,BUS_010,PASS_03_010_01,SEG_119,2026-09-20T06:30:06.600000,2026-09-20T06:30:06.700000,2026-09-20T06:30:06.700000,9.86314092420933,76.23604595403991,POTHOLE,5,1,0.92
E_04196,BUS_010,PASS_03_010_01,SEG_119,2026-09-20T06:30:06.800000,2026-09-20T06:30:10.700000,2026-09-20T06:30:14.600000,9.862892920750859,76.23563609359277,ROUGHNESS,5,1,0.97
E_04197,BUS_010,PASS_03_010_01,SEG_118,2026-09-20T06:30:03.100000,2026-09-20T06:30:03.600000,2026-09-20T06:30:04.100000,9.863939155494135,76.23662296386806,POTHOLE,4,1,0.871
E_04198,BUS_010,PASS_03_010_01,SEG_117,2026-09-20T06:30:07.100000,2026-09-20T06:30:07.600000,2026-09-20T06:30:08.100000,9.864566418171757,76.23717568747148,POTHOLE,5,1,0.934
E_04199,BUS_010,PASS_03_010_01,SEG_116,2026-09-20T06:30:09.800000,2026-09-20T06:30:10.300000,2026-09-20T06:30:10.800000,9.865355095610091,76.23801073138182,POTHOLE,4,1,0.906
E_04200,BUS_010,PASS_03_010_01,SEG_115,2026-09-20T06:30:09.700000,2026-09-20T06:30:10.200000,2026-09-20T06:30:10.700000,9.866839935990757,76.23886470257479,POTHOLE,3,1,0.867
E_04201,BUS_010,PASS_03_010_01,SEG_114,2026-09-20T06:30:02.500000,2026-09-20T06:30:05.200000,2026-09-20T06:30:07.900000,9.868105823465473,76.23959497509549,ROUGHNESS,2,1,0.785
E_04202,BUS_010,PASS_03_010_01,SEG_113,2026-09-20T06:30:06.600000,2026-09-20T06:30:07.100000,2026-09-20T06:30:07.600000,9.869094849183591,76.24023511922158,POTHOLE,5,1,0.945
E_04203,BUS_010,PASS_03_010_01,SEG_111,2026-09-20T06:30:08.900000,2026-09-20T06:30:09.400000,2026-09-20T06:30:09.900000,9.870966057637771,76.24083296595606,POTHOLE,1,1,0.725
E_04204,BUS_010,PASS_03_010_01,SEG_110,2026-09-20T06:30:10.900000,2026-09-20T06:30:11.400000,2026-09-20T06:30:11.900000,9.872113921097677,76.24046796058846,POTHOLE,4,1,0.877
E_04205,BUS_010,PASS_03_010_01,SEG_109,2026-09-20T06:30:04.800000,2026-09-20T06:30:08.600000,2026-09-20T06:30:12.400000,9.873436725663113,76.2402055399345,ROUGHNESS,3,1,0.824
E_04206,BUS_010,PASS_03_010_01,SEG_107,2026-09-20T06:30:06.800000,2026-09-20T06:30:10.700000,2026-09-20T06:30:14.600000,9.875256210093925,76.23959863519903,ROUGHNESS,3,1,0.78
E_04207,BUS_010,PASS_03_010_01,SEG_105,2026-09-20T06:30:07.700000,2026-09-20T06:30:08.300000,2026-09-20T06:30:08.900000,9.87809124386437,76.23877057246555,SPEED_BREAKER,4,1,0.898
E_04208,BUS_010,PASS_03_010_01,SEG_104,2026-09-20T06:30:10.900000,2026-09-20T06:30:11.500000,2026-09-20T06:30:12.100000,9.879023829386444,76.23847401316047,SPEED_BREAKER,4,1,0.832
E_04209,BUS_010,PASS_03_010_01,SEG_101,2026-09-20T06:30:05.100000,2026-09-20T06:30:08.800000,2026-09-20T06:30:12.500000,9.882643031169001,76.2384476478535,ROUGHNESS,3,1,0.865
E_04210,BUS_010,PASS_03_010_01,SEG_098,2026-09-20T06:30:09.300000,2026-09-20T06:30:09.900000,2026-09-20T06:30:10.500000,9.886344518906485,76.23845576620845,SPEED_BREAKER,4,1,0.948
E_04211,BUS_010,PASS_03_010_01,SEG_095,2026-09-20T06:30:08.800000,2026-09-20T06:30:09.400000,2026-09-20T06:30:10,9.889451974649555,76.23856536839004,SPEED_BREAKER,2,1,0.795
E_04212,BUS_010,PASS_03_010_01,SEG_094,2026-09-20T06:30:10.300000,2026-09-20T06:30:10.900000,2026-09-20T06:30:11.500000,9.890825629959087,76.23856569993445,SPEED_BREAKER,4,1,0.941
E_04213,BUS_010,PASS_03_010_01,SEG_093,2026-09-20T06:30:09.900000,2026-09-20T06:30:10.500000,2026-09-20T06:30:11.100000,9.892135427477022,76.23852693697312,SPEED_BREAKER,3,1,0.819
E_04214,BUS_010,PASS_03_010_01,SEG_089,2026-09-20T06:30:07.800000,2026-09-20T06:30:08.400000,2026-09-20T06:30:09,9.8976409500922,76.23819902141597,SPEED_BREAKER,3,1,0.801
E_04215,BUS_010,PASS_03_010_01,SEG_081,2026-09-20T06:30:03.200000,2026-09-20T06:30:04,2026-09-20T06:30:04.800000,9.906447953070275,76.23672317108127,BROKEN_PATCH,5,1,0.909
E_04216,BUS_010,PASS_03_010_01,SEG_078,2026-09-20T06:30:05.600000,2026-09-20T06:30:06.500000,2026-09-20T06:30:07.400000,9.909385029872588,76.23580941436678,BROKEN_PATCH,4,1,0.939
E_04217,BUS_010,PASS_03_010_01,SEG_076,2026-09-20T06:30:05.800000,2026-09-20T06:30:06.600000,2026-09-20T06:30:07.400000,9.911078001445148,76.23522611674201,BROKEN_PATCH,3,1,0.889
E_04218,BUS_010,PASS_03_010_01,SEG_074,2026-09-20T06:30:05.500000,2026-09-20T06:30:06.500000,2026-09-20T06:30:07.500000,9.913648832118533,76.23526384199086,BROKEN_PATCH,1,1,0.785
E_04219,BUS_010,PASS_03_010_01,SEG_071,2026-09-20T06:30:06.900000,2026-09-20T06:30:08.300000,2026-09-20T06:30:09.700000,9.916339034172818,76.23764197106122,BROKEN_PATCH,5,1,0.903
E_04220,BUS_010,PASS_03_010_01,SEG_070,2026-09-20T06:30:07,2026-09-20T06:30:07.500000,2026-09-20T06:30:08,9.917274599511538,76.2384394670241,POTHOLE,3,1,0.811
E_04221,BUS_010,PASS_03_010_01,SEG_068,2026-09-20T06:30:09.200000,2026-09-20T06:30:09.700000,2026-09-20T06:30:10.200000,9.919928669318978,76.2394693394781,POTHOLE,3,1,0.889
E_04222,BUS_010,PASS_03_010_01,SEG_065,2026-09-20T06:30:03.500000,2026-09-20T06:30:04.400000,2026-09-20T06:30:05.300000,9.923204772338176,76.2416164584195,BROKEN_PATCH,5,1,0.97
E_04223,BUS_010,PASS_03_010_01,SEG_063,2026-09-20T06:30:03.600000,2026-09-20T06:30:06.500000,2026-09-20T06:30:09.400000,9.924401891090282,76.2428919731304,ROUGHNESS,4,1,0.896
E_04224,BUS_010,PASS_03_010_01,SEG_062,2026-09-20T06:30:05.600000,2026-09-20T06:30:06.100000,2026-09-20T06:30:06.600000,9.924944616595058,76.24352740776446,POTHOLE,4,1,0.857
E_04225,BUS_010,PASS_03_010_01,SEG_060,2026-09-20T06:30:05.600000,2026-09-20T06:30:06.100000,2026-09-20T06:30:06.600000,9.926530796574664,76.24484237470706,POTHOLE,3,1,0.82
E_04226,BUS_010,PASS_03_010_01,SEG_059,2026-09-20T06:30:03.800000,2026-09-20T06:30:07,2026-09-20T06:30:10.200000,9.92747441876483,76.24554346528386,ROUGHNESS,5,1,0.959
E_04227,BUS_010,PASS_03_010_01,SEG_058,2026-09-20T06:30:10.600000,2026-09-20T06:30:11.100000,2026-09-20T06:30:11.600000,9.928284407755424,76.24624438784853,POTHOLE,2,1,0.75
E_04228,BUS_010,PASS_03_010_01,SEG_057,2026-09-20T06:30:04.600000,2026-09-20T06:30:05.100000,2026-09-20T06:30:05.600000,9.929172036762889,76.24738107249543,POTHOLE,4,1,0.922
E_04229,BUS_010,PASS_03_010_01,SEG_053,2026-09-20T06:30:06.200000,2026-09-20T06:30:09.600000,2026-09-20T06:30:13,9.931115929984035,76.25066721903244,ROUGHNESS,2,1,0.875
E_04230,BUS_010,PASS_03_010_01,SEG_051,2026-09-20T06:30:06.300000,2026-09-20T06:30:06.800000,2026-09-20T06:30:07.300000,9.932284609856337,76.2531469143589,POTHOLE,3,1,0.838
E_04231,BUS_010,PASS_03_010_01,SEG_050,2026-09-20T06:30:05.800000,2026-09-20T06:30:09.700000,2026-09-20T06:30:13.600000,9.932926758360807,76.2540676003167,ROUGHNESS,4,1,0.86
E_04232,BUS_010,PASS_03_010_01,SEG_049,2026-09-20T06:30:03.400000,2026-09-20T06:30:06,2026-09-20T06:30:08.600000,9.933484492006635,76.25526633506963,ROUGHNESS,2,1,0.884
E_04233,BUS_010,PASS_03_010_01,SEG_048,2026-09-20T06:30:06.700000,2026-09-20T06:30:07.200000,2026-09-20T06:30:07.700000,9.933701669273608,76.25620565782773,POTHOLE,2,1,0.776
E_04234,BUS_010,PASS_03_010_01,SEG_046,2026-09-20T06:30:09.500000,2026-09-20T06:30:10,2026-09-20T06:30:10.500000,9.934221537610549,76.25819510398873,POTHOLE,2,1,0.765
E_04235,BUS_010,PASS_03_010_01,SEG_044,2026-09-20T06:30:03.800000,2026-09-20T06:30:04.300000,2026-09-20T06:30:04.800000,9.9346347587079,76.26008290000593,POTHOLE,3,1,0.792
E_04236,BUS_010,PASS_03_010_01,SEG_043,2026-09-20T06:30:07,2026-09-20T06:30:07.500000,2026-09-20T06:30:08,9.934902820017628,76.26126751105265,POTHOLE,5,1,0.92
E_04237,BUS_010,PASS_03_010_01,SEG_042,2026-09-20T06:30:03.900000,2026-09-20T06:30:04.400000,2026-09-20T06:30:04.900000,9.935396721798357,76.26227649983355,POTHOLE,2,1,0.779
E_04238,BUS_010,PASS_03_010_01,SEG_040,2026-09-20T06:30:07.300000,2026-09-20T06:30:07.800000,2026-09-20T06:30:08.300000,9.93569950175275,76.2646797135166,POTHOLE,3,1,0.872
E_04239,BUS_010,PASS_03_010_01,SEG_039,2026-09-20T06:30:05.500000,2026-09-20T06:30:06,2026-09-20T06:30:06.500000,9.93603213239286,76.26613845696531,POTHOLE,4,1,0.97
E_04240,BUS_010,PASS_03_010_01,SEG_038,2026-09-20T06:30:03.100000,2026-09-20T06:30:03.600000,2026-09-20T06:30:04.100000,9.936279114930485,76.26730450011146,POTHOLE,1,1,0.695
E_04241,BUS_010,PASS_03_010_01,SEG_037,2026-09-20T06:30:04.700000,2026-09-20T06:30:05.200000,2026-09-20T06:30:05.700000,9.93673129919786,76.26794372831564,POTHOLE,2,1,0.795
E_04242,BUS_010,PASS_03_010_01,SEG_036,2026-09-20T06:30:04.200000,2026-09-20T06:30:04.700000,2026-09-20T06:30:05.200000,9.9375927522793,76.268752846544,POTHOLE,4,1,0.896
E_04243,BUS_010,PASS_03_010_01,SEG_035,2026-09-20T06:30:04.500000,2026-09-20T06:30:05,2026-09-20T06:30:05.500000,9.938316606297095,76.26949064797377,SPEED_BREAKER,5,1,0.925
E_04244,BUS_010,PASS_03_010_01,SEG_033,2026-09-20T06:30:06.600000,2026-09-20T06:30:07.100000,2026-09-20T06:30:07.600000,9.939963164639646,76.2708878327585,SPEED_BREAKER,5,1,0.943
E_04245,BUS_010,PASS_03_010_01,SEG_029,2026-09-20T06:30:04.300000,2026-09-20T06:30:04.800000,2026-09-20T06:30:05.300000,9.943332806465945,76.27423055226907,SPEED_BREAKER,3,1,0.89
E_04246,BUS_010,PASS_03_010_01,SEG_028,2026-09-20T06:30:05.900000,2026-09-20T06:30:06.400000,2026-09-20T06:30:06.900000,9.944044015109847,76.27546546392368,SPEED_BREAKER,3,1,0.868
E_04247,BUS_010,PASS_03_010_01,SEG_025,2026-09-20T06:30:03.500000,2026-09-20T06:30:04,2026-09-20T06:30:04.500000,9.945453478475423,76.27853453855013,SPEED_BREAKER,2,1,0.771
E_04248,BUS_010,PASS_03_010_01,SEG_024,2026-09-20T06:30:03.100000,2026-09-20T06:30:03.600000,2026-09-20T06:30:04.100000,9.945902100103055,76.27933595535389,SPEED_BREAKER,1,1,0.821
E_04249,BUS_010,PASS_03_010_01,SEG_023,2026-09-20T06:30:05.600000,2026-09-20T06:30:06.100000,2026-09-20T06:30:06.600000,9.94671820007472,76.28036596049469,SPEED_BREAKER,3,1,0.89
E_04250,BUS_010,PASS_03_010_02,SEG_023,2026-09-20T09:00:05.500000,2026-09-20T09:00:06,2026-09-20T09:00:06.500000,9.946691508174249,76.28036331575382,SPEED_BREAKER,3,1,0.839
E_04251,BUS_010,PASS_03_010_02,SEG_024,2026-09-20T09:00:04.100000,2026-09-20T09:00:04.600000,2026-09-20T09:00:05.100000,9.945917986018225,76.27925269015878,SPEED_BREAKER,4,1,0.889
E_04252,BUS_010,PASS_03_010_02,SEG_025,2026-09-20T09:00:03.800000,2026-09-20T09:00:04.300000,2026-09-20T09:00:04.800000,9.945531589625936,76.27845563297613,SPEED_BREAKER,1,1,0.718
E_04253,BUS_010,PASS_03_010_02,SEG_026,2026-09-20T09:00:02.800000,2026-09-20T09:00:03.300000,2026-09-20T09:00:03.800000,9.945032304326947,76.27776905577468,SPEED_BREAKER,1,1,0.76
E_04254,BUS_010,PASS_03_010_02,SEG_036,2026-09-20T09:00:05.100000,2026-09-20T09:00:05.600000,2026-09-20T09:00:06.100000,9.937536753355225,76.26875351880344,POTHOLE,3,1,0.88
E_04255,BUS_010,PASS_03_010_02,SEG_037,2026-09-20T09:00:03.100000,2026-09-20T09:00:03.600000,2026-09-20T09:00:04.100000,9.936820225641403,76.2681226728342,POTHOLE,3,1,0.795
E_04256,BUS_010,PASS_03_010_02,SEG_038,2026-09-20T09:00:04.400000,2026-09-20T09:00:04.900000,2026-09-20T09:00:05.400000,9.936205570172872,76.26726868338028,POTHOLE,1,1,0.769
E_04257,BUS_010,PASS_03_010_02,SEG_040,2026-09-20T09:00:06.300000,2026-09-20T09:00:06.800000,2026-09-20T09:00:07.300000,9.935937897874815,76.26485310109632,POTHOLE,3,1,0.849
E_04258,BUS_010,PASS_03_010_02,SEG_041,2026-09-20T09:00:06.100000,2026-09-20T09:00:06.600000,2026-09-20T09:00:07.100000,9.935571989235624,76.26351465203068,POTHOLE,2,1,0.736
E_04259,BUS_010,PASS_03_010_02,SEG_043,2026-09-20T09:00:06.100000,2026-09-20T09:00:06.600000,2026-09-20T09:00:07.100000,9.93508567594271,76.26122755421494,POTHOLE,5,1,0.948
E_04260,BUS_010,PASS_03_010_02,SEG_044,2026-09-20T09:00:03.800000,2026-09-20T09:00:04.300000,2026-09-20T09:00:04.800000,9.934779373461783,76.26027704482493,POTHOLE,3,1,0.874
E_04261,BUS_010,PASS_03_010_02,SEG_046,2026-09-20T09:00:05.800000,2026-09-20T09:00:06.300000,2026-09-20T09:00:06.800000,9.93427622169747,76.25832744562834,POTHOLE,5,1,0.965
E_04262,BUS_010,PASS_03_010_02,SEG_048,2026-09-20T09:00:03.900000,2026-09-20T09:00:07.600000,2026-09-20T09:00:11.300000,9.933666219954295,76.25614138213359,ROUGHNESS,3,1,0.882
E_04263,BUS_010,PASS_03_010_02,SEG_049,2026-09-20T09:00:03.300000,2026-09-20T09:00:06.300000,2026-09-20T09:00:09.300000,9.933461203315357,76.25517569688151,ROUGHNESS,2,1,0.811
E_04264,BUS_010,PASS_03_010_02,SEG_050,2026-09-20T09:00:02.500000,2026-09-20T09:00:06.400000,2026-09-20T09:00:10.300000,9.933094591665077,76.25434919726605,ROUGHNESS,1,1,0.777
E_04265,BUS_010,PASS_03_010_02,SEG_051,2026-09-20T09:00:05.900000,2026-09-20T09:00:06.400000,2026-09-20T09:00:06.900000,9.932300280820952,76.25312574946162,POTHOLE,4,1,0.884
E_04266,BUS_010,PASS_03_010_02,SEG_053,2026-09-20T09:00:11.400000,2026-09-20T09:00:11.800000,2026-09-20T09:00:12.100000,9.93104594978169,76.25072548020302,POTHOLE,4,1,0.859
E_04267,BUS_010,PASS_03_010_02,SEG_053,2026-09-20T09:00:03.500000,2026-09-20T09:00:07.400000,2026-09-20T09:00:11.300000,9.931176379229305,76.25092306134647,ROUGHNESS,5,1,0.97
E_04268,BUS_010,PASS_03_010_02,SEG_054,2026-09-20T09:00:07.100000,2026-09-20T09:00:07.600000,2026-09-20T09:00:08.100000,9.93070343989891,76.24984858845848,POTHOLE,3,1,0.91
E_04269,BUS_010,PASS_03_010_02,SEG_057,2026-09-20T09:00:06.900000,2026-09-20T09:00:07.400000,2026-09-20T09:00:07.900000,9.92915650425692,76.24726909114875,POTHOLE,1,1,0.757
E_04270,BUS_010,PASS_03_010_02,SEG_058,2026-09-20T09:00:09.300000,2026-09-20T09:00:09.800000,2026-09-20T09:00:10.300000,9.928158028276691,76.24626742697988,POTHOLE,1,1,0.778
E_04271,BUS_010,PASS_03_010_02,SEG_059,2026-09-20T09:00:03,2026-09-20T09:00:06.900000,2026-09-20T09:00:10.800000,9.927412399844137,76.24568040830393,ROUGHNESS,5,1,0.921
E_04272,BUS_010,PASS_03_010_02,SEG_060,2026-09-20T09:00:07.700000,2026-09-20T09:00:08.200000,2026-09-20T09:00:08.700000,9.92660170447136,76.24480474368477,POTHOLE,2,1,0.714
E_04273,BUS_010,PASS_03_010_02,SEG_061,2026-09-20T09:00:04.200000,2026-09-20T09:00:04.700000,2026-09-20T09:00:05.200000,9.925664247985535,76.24413458874484,POTHOLE,5,1,0.915
E_04274,BUS_010,PASS_03_010_02,SEG_063,2026-09-20T09:00:09.700000,2026-09-20T09:00:10,2026-09-20T09:00:10.200000,9.924325702286753,76.24285198307824,POTHOLE,4,1,0.887
E_04275,BUS_010,PASS_03_010_02,SEG_063,2026-09-20T09:00:02.400000,2026-09-20T09:00:06,2026-09-20T09:00:09.600000,9.924555095137823,76.242909079016,ROUGHNESS,2,1,0.815
E_04276,BUS_010,PASS_03_010_02,SEG_064,2026-09-20T09:00:05.100000,2026-09-20T09:00:05.600000,2026-09-20T09:00:06.100000,9.923920927797427,76.24214707629403,POTHOLE,5,1,0.909
E_04277,BUS_010,PASS_03_010_02,SEG_065,2026-09-20T09:00:05.500000,2026-09-20T09:00:06.600000,2026-09-20T09:00:07.700000,9.923169762954869,76.2416027516458,BROKEN_PATCH,4,1,0.878
E_04278,BUS_010,PASS_03_010_02,SEG_067,2026-09-20T09:00:06.600000,2026-09-20T09:00:07.100000,2026-09-20T09:00:07.600000,9.92148640559297,76.24026520305985,POTHOLE,5,1,0.915
E_04279,BUS_010,PASS_03_010_02,SEG_068,2026-09-20T09:00:09.600000,2026-09-20T09:00:10.100000,2026-09-20T09:00:10.600000,9.919928054479008,76.23943239152608,POTHOLE,3,1,0.887
E_04280,BUS_010,PASS_03_010_02,SEG_070,2026-09-20T09:00:10.700000,2026-09-20T09:00:11.200000,2026-09-20T09:00:11.700000,9.917223126472559,76.23825543167892,POTHOLE,4,1,0.91
E_04281,BUS_010,PASS_03_010_02,SEG_071,2026-09-20T09:00:07.400000,2026-09-20T09:00:08.800000,2026-09-20T09:00:10.200000,9.91635298566765,76.23765047019002,BROKEN_PATCH,1,1,0.793
E_04282,BUS_010,PASS_03_010_02,SEG_074,2026-09-20T09:00:06.500000,2026-09-20T09:00:07.900000,2026-09-20T09:00:09.300000,9.913726002206147,76.2352970773719,BROKEN_PATCH,2,1,0.797
E_04283,BUS_010,PASS_03_010_02,SEG_078,2026-09-20T09:00:07.600000,2026-09-20T09:00:08.800000,2026-09-20T09:00:10,9.909415431735225,76.23568176301004,BROKEN_PATCH,4,1,0.97
E_04284,BUS_010,PASS_03_010_02,SEG_081,2026-09-20T09:00:05.800000,2026-09-20T09:00:06.900000,2026-09-20T09:00:08,9.906239866535733,76.23667572721526,BROKEN_PATCH,1,1,0.743
E_04285,BUS_010,PASS_03_010_02,SEG_087,2026-09-20T09:00:04.700000,2026-09-20T09:00:05.200000,2026-09-20T09:00:05.700000,9.899975783056972,76.23776519391409,SPEED_BREAKER,3,1,0.788
E_04286,BUS_010,PASS_03_010_02,SEG_089,2026-09-20T09:00:07.800000,2026-09-20T09:00:08.400000,2026-09-20T09:00:09,9.897575360160152,76.23824793057155,SPEED_BREAKER,5,1,0.908
E_04287,BUS_010,PASS_03_010_02,SEG_093,2026-09-20T09:00:06.100000,2026-09-20T09:00:06.700000,2026-09-20T09:00:07.300000,9.892279161478728,76.23871935567196,SPEED_BREAKER,2,1,0.769
E_04288,BUS_010,PASS_03_010_02,SEG_098,2026-09-20T09:00:10.600000,2026-09-20T09:00:11.200000,2026-09-20T09:00:11.800000,9.886055694075765,76.23843980947437,SPEED_BREAKER,5,1,0.928
E_04289,BUS_010,PASS_03_010_02,SEG_100,2026-09-20T09:00:08.700000,2026-09-20T09:00:09.300000,2026-09-20T09:00:09.900000,9.883851973843056,76.23837613570846,SPEED_BREAKER,3,1,0.864
E_04290,BUS_010,PASS_03_010_02,SEG_101,2026-09-20T09:00:02.400000,2026-09-20T09:00:06.300000,2026-09-20T09:00:10.200000,9.882720183466812,76.23841635897078,ROUGHNESS,1,1,0.756
E_04291,BUS_010,PASS_03_010_02,SEG_104,2026-09-20T09:00:06.800000,2026-09-20T09:00:07.400000,2026-09-20T09:00:08,9.879408903648157,76.23841234626363,SPEED_BREAKER,1,1,0.716
E_04292,BUS_010,PASS_03_010_02,SEG_105,2026-09-20T09:00:08.400000,2026-09-20T09:00:09,2026-09-20T09:00:09.600000,9.878096679732042,76.23871708381019,SPEED_BREAKER,4,1,0.815
E_04293,BUS_010,PASS_03_010_02,SEG_106,2026-09-20T09:00:03.300000,2026-09-20T09:00:07.200000,2026-09-20T09:00:11.100000,9.876792283010932,76.2391206973716,ROUGHNESS,1,1,0.774
E_04294,BUS_010,PASS_03_010_02,SEG_107,2026-09-20T09:00:07.600000,2026-09-20T09:00:11.500000,2026-09-20T09:00:15.400000,9.875269205905004,76.23975638252448,ROUGHNESS,4,1,0.892
E_04295,BUS_010,PASS_03_010_02,SEG_108,2026-09-20T09:00:09.600000,2026-09-20T09:00:10.100000,2026-09-20T09:00:10.600000,9.874259248571855,76.23991483825364,POTHOLE,2,1,0.776
E_04296,BUS_010,PASS_03_010_02,SEG_109,2026-09-20T09:00:05.700000,2026-09-20T09:00:09.600000,2026-09-20T09:00:13.500000,9.873330179278197,76.24009901152836,ROUGHNESS,3,1,0.86
E_04297,BUS_010,PASS_03_010_02,SEG_112,2026-09-20T09:00:06.300000,2026-09-20T09:00:10.200000,2026-09-20T09:00:14.100000,9.869660605543254,76.24068030624169,ROUGHNESS,5,1,0.953
E_04298,BUS_010,PASS_03_010_02,SEG_113,2026-09-20T09:00:10.300000,2026-09-20T09:00:10.800000,2026-09-20T09:00:11.300000,9.868925651396355,76.24013966194867,POTHOLE,5,1,0.883
E_04299,BUS_010,PASS_03_010_02,SEG_114,2026-09-20T09:00:06.400000,2026-09-20T09:00:10.300000,2026-09-20T09:00:14.200000,9.868080178645565,76.23956873219016,ROUGHNESS,2,1,0.774
E_04300,BUS_010,PASS_03_010_02,SEG_115,2026-09-20T09:00:05.700000,2026-09-20T09:00:09.600000,2026-09-20T09:00:13.500000,9.866938688528547,76.23896163030987,ROUGHNESS,1,1,0.745
E_04301,BUS_010,PASS_03_010_02,SEG_116,2026-09-20T09:00:03.900000,2026-09-20T09:00:07.800000,2026-09-20T09:00:11.700000,9.865928136553302,76.23809041080358,ROUGHNESS,4,1,0.931
E_04302,BUS_010,PASS_03_010_02,SEG_117,2026-09-20T09:00:06.900000,2026-09-20T09:00:07.400000,2026-09-20T09:00:07.900000,9.86474124368318,76.23716993104631,POTHOLE,3,1,0.805
E_04303,BUS_010,PASS_03_010_02,SEG_118,2026-09-20T09:00:10.500000,2026-09-20T09:00:11,2026-09-20T09:00:11.500000,9.863871075673686,76.2363992248569,POTHOLE,5,1,0.898
E_04304,BUS_010,PASS_03_010_02,SEG_121,2026-09-20T09:00:09.200000,2026-09-20T09:00:10.600000,2026-09-20T09:00:12,9.86116957749227,76.23421485944189,BROKEN_PATCH,1,1,0.777
E_04305,BUS_010,PASS_03_010_02,SEG_122,2026-09-20T09:00:07.500000,2026-09-20T09:00:08.900000,2026-09-20T09:00:10.300000,9.860229648760734,76.2334844723376,BROKEN_PATCH,1,1,0.778
E_04306,BUS_010,PASS_03_010_02,SEG_123,2026-09-20T09:00:05.300000,2026-09-20T09:00:09.200000,2026-09-20T09:00:13.100000,9.859448111696754,76.23284166697344,ROUGHNESS,4,1,0.866
E_04307,BUS_010,PASS_03_010_02,SEG_124,2026-09-20T09:00:07.600000,2026-09-20T09:00:11.500000,2026-09-20T09:00:15.400000,9.858179694834815,76.23194571827455,ROUGHNESS,2,1,0.761
E_04308,BUS_010,PASS_03_010_02,SEG_125,2026-09-20T09:00:03.400000,2026-09-20T09:00:07.300000,2026-09-20T09:00:11.200000,9.857544378983754,76.23153414130938,ROUGHNESS,1,1,0.715
E_04309,BUS_010,PASS_03_010_02,SEG_132,2026-09-20T09:00:08.900000,2026-09-20T09:00:10.200000,2026-09-20T09:00:11.500000,9.853387394642148,76.22497960427769,BROKEN_PATCH,2,1,0.789
E_04310,BUS_010,PASS_03_010_02,SEG_136,2026-09-20T09:00:06.900000,2026-09-20T09:00:08.100000,2026-09-20T09:00:09.300000,9.852044163232772,76.22118331617004,BROKEN_PATCH,4,1,0.872
E_04311,BUS_010,PASS_03_010_02,SEG_137,2026-09-20T09:00:09.200000,2026-09-20T09:00:10.600000,2026-09-20T09:00:12,9.851662750064282,76.21992560328835,BROKEN_PATCH,3,1,0.866
E_04312,BUS_010,PASS_03_010_02,SEG_139,2026-09-20T09:00:04,2026-09-20T09:00:05,2026-09-20T09:00:06,9.850890129657742,76.21831077244323,BROKEN_PATCH,2,1,0.814
E_04313,BUS_010,PASS_03_010_02,SEG_141,2026-09-20T09:00:07.600000,2026-09-20T09:00:08.800000,2026-09-20T09:00:10,9.850207398113431,76.21586535013367,BROKEN_PATCH,3,1,0.858
E_04314,BUS_010,PASS_03_010_02,SEG_143,2026-09-20T09:00:04.700000,2026-09-20T09:00:05.600000,2026-09-20T09:00:06.500000,9.849827413234468,76.2142481070641,BROKEN_PATCH,1,1,0.795
E_04315,BUS_010,PASS_03_010_02,SEG_144,2026-09-20T09:00:06,2026-09-20T09:00:06.900000,2026-09-20T09:00:07.800000,9.849831471209146,76.21339840525422,BROKEN_PATCH,1,1,0.781
E_04316,BUS_010,PASS_03_010_02,SEG_145,2026-09-20T09:00:05.700000,2026-09-20T09:00:07.100000,2026-09-20T09:00:08.500000,9.849757771836193,76.21238243627832,BROKEN_PATCH,5,1,0.97
E_04317,BUS_010,PASS_03_010_02,SEG_146,2026-09-20T09:00:08.900000,2026-09-20T09:00:09.500000,2026-09-20T09:00:10.100000,9.849829385789342,76.21069424086402,SPEED_BREAKER,4,1,0.906
E_04318,BUS_010,PASS_03_010_02,SEG_148,2026-09-20T09:00:07.800000,2026-09-20T09:00:08.300000,2026-09-20T09:00:08.800000,9.849493151016299,76.2081222134166,SPEED_BREAKER,2,1,0.861
E_04319,BUS_010,PASS_03_010_02,SEG_149,2026-09-20T09:00:09.400000,2026-09-20T09:00:10,2026-09-20T09:00:10.600000,9.849848665757007,76.20725641262626,SPEED_BREAKER,2,1,0.841
E_04320,BUS_010,PASS_03_010_02,SEG_150,2026-09-20T09:00:10.500000,2026-09-20T09:00:11.100000,2026-09-20T09:00:11.700000,9.850653675064134,76.20632753811721,SPEED_BREAKER,5,1,0.948
E_04321,BUS_010,PASS_03_010_02,SEG_152,2026-09-20T09:00:07,2026-09-20T09:00:07.500000,2026-09-20T09:00:08,9.85243145769406,76.20475988685503,SPEED_BREAKER,4,1,0.889
E_04322,BUS_010,PASS_03_010_02,SEG_154,2026-09-20T09:00:10.200000,2026-09-20T09:00:10.800000,2026-09-20T09:00:11.400000,9.85379896287819,76.20312653731982,SPEED_BREAKER,5,1,0.957
E_04323,BUS_010,PASS_03_010_02,SEG_157,2026-09-20T09:00:09.100000,2026-09-20T09:00:09.700000,2026-09-20T09:00:10.300000,9.856725242754408,76.20079028491412,SPEED_BREAKER,4,1,0.907
